id,account_id,instrument_symbol,side,quantity,price,filled_at,order_id,liquidity,commission_usd
FIL-600001,ACC-2037,MES,BUY,3,5609.00,2026-08-10T10:34:12Z,ORD-903693,taker,2.10
FIL-600002,ACC-2011,MNQ,SELL,3,19726.50,2026-08-10T10:34:33Z,ORD-901143,taker,2.10
FIL-600003,ACC-2002,ES,BUY,6,5609.25,2026-08-10T10:34:52Z,ORD-900137,taker,12.60
FIL-600004,ACC-2024,MNQ,BUY,3,19726.50,2026-08-10T10:35:07Z,ORD-902894,taker,2.10
FIL-600005,ACC-2017,MES,BUY,3,5607.75,2026-08-10T10:35:24Z,ORD-902525,taker,2.10
FIL-600006,ACC-2001,NQ,BUY,6,19726.50,2026-08-10T10:35:25Z,ORD-900001,taker,12.60
FIL-600007,ACC-2017,MES,BUY,4,5607.75,2026-08-10T10:35:26Z,ORD-902525,taker,2.80
FIL-600008,ACC-2004,ES,SELL,10,5609.25,2026-08-10T10:35:32Z,ORD-900389,taker,21.00
FIL-600009,ACC-2050,MNQ,BUY,3,19725.50,2026-08-10T10:36:03Z,ORD-904607,taker,2.10
FIL-600010,ACC-2013,MNQ,BUY,3,19726.50,2026-08-10T10:37:11Z,ORD-901301,maker,2.10
FIL-600011,ACC-2050,MNQ,SELL,3,19724.25,2026-08-10T10:38:03Z,ORD-904608,taker,2.10
FIL-600012,ACC-2003,NQ,SELL,6,19726.25,2026-08-10T10:38:57Z,ORD-900267,maker,12.60
FIL-600013,ACC-2016,MNQ,SELL,4,19725.75,2026-08-10T10:39:02Z,ORD-902309,taker,2.80
FIL-600014,ACC-2005,MES,SELL,2,5609.00,2026-08-10T10:39:48Z,ORD-900523,taker,1.40
FIL-600015,ACC-2043,MES,BUY,2,5608.00,2026-08-10T10:39:49Z,ORD-904134,taker,1.40
FIL-600016,ACC-2026,MCL,SELL,5,73.70,2026-08-10T10:39:50Z,ORD-903044,maker,3.50
FIL-600017,ACC-2005,MES,SELL,3,5609.00,2026-08-10T10:39:52Z,ORD-900523,taker,2.10
FIL-600018,ACC-2037,MES,SELL,3,5606.00,2026-08-10T10:40:12Z,ORD-903694,taker,2.10
FIL-600019,ACC-2009,MES,BUY,1,5607.75,2026-08-10T10:40:22Z,ORD-901005,taker,0.70
FIL-600020,ACC-2053,MES,BUY,3,5609.50,2026-08-10T10:40:33Z,ORD-904856,taker,2.10
FIL-600021,ACC-2010,MNQ,BUY,2,19727.00,2026-08-10T10:40:36Z,ORD-901075,maker,1.40
FIL-600022,ACC-2012,MNQ,SELL,2,19726.25,2026-08-10T10:40:36Z,ORD-901215,taker,1.40
FIL-600023,ACC-2008,MES,SELL,2,5607.50,2026-08-10T10:40:40Z,ORD-900935,taker,1.40
FIL-600024,ACC-2015,MNQ,BUY,3,19727.25,2026-08-10T10:41:10Z,ORD-902093,taker,2.10
FIL-600025,ACC-2034,MES,BUY,1,5609.50,2026-08-10T10:41:24Z,ORD-903442,taker,0.70
FIL-600026,ACC-2007,NQ,SELL,4,19726.25,2026-08-10T10:41:34Z,ORD-900797,maker,8.40
FIL-600027,ACC-2014,MNQ,SELL,4,19727.25,2026-08-10T10:42:20Z,ORD-901877,maker,2.80
FIL-600028,ACC-2031,6E,BUY,2,1.0977,2026-08-10T10:42:30Z,ORD-903220,taker,4.96
FIL-600029,ACC-2046,MNQ,SELL,2,19727.00,2026-08-10T10:42:31Z,ORD-904365,taker,1.40
FIL-600030,ACC-2040,GC,BUY,4,2473.70,2026-08-10T10:42:54Z,ORD-903918,taker,8.40
FIL-600031,ACC-2025,ES,BUY,12,5608.75,2026-08-10T10:43:04Z,ORD-902968,maker,25.20
FIL-600032,ACC-2023,MES,BUY,4,5609.00,2026-08-10T10:43:05Z,ORD-902818,maker,2.80
FIL-600033,ACC-2006,NQ,SELL,7,19727.00,2026-08-10T10:43:39Z,ORD-900657,taker,14.70
FIL-600034,ACC-2007,NQ,BUY,4,19738.25,2026-08-10T10:44:34Z,ORD-900798,maker,8.40
FIL-600035,ACC-2023,MES,SELL,4,5607.50,2026-08-10T10:47:05Z,ORD-902819,maker,2.80
FIL-600036,ACC-2016,MNQ,BUY,4,19726.50,2026-08-10T10:49:02Z,ORD-902310,taker,2.80
FIL-600037,ACC-2014,MNQ,BUY,4,19727.00,2026-08-10T10:49:20Z,ORD-901878,taker,2.80
FIL-600038,ACC-2010,MNQ,SELL,2,19718.25,2026-08-10T10:51:36Z,ORD-901076,taker,1.40
FIL-600039,ACC-2026,MCL,BUY,5,74.03,2026-08-10T10:53:50Z,ORD-903045,taker,3.50
FIL-600040,ACC-2001,NQ,SELL,6,19726.00,2026-08-10T10:54:25Z,ORD-900002,taker,12.60
FIL-600041,ACC-2031,6E,SELL,2,1.09915,2026-08-10T10:54:30Z,ORD-903221,maker,4.96
FIL-600042,ACC-2012,MNQ,BUY,2,19701.50,2026-08-10T10:54:36Z,ORD-901216,taker,1.40
FIL-600043,ACC-2015,MNQ,SELL,3,19726.25,2026-08-10T10:56:10Z,ORD-902094,taker,2.10
FIL-600044,ACC-2013,MNQ,SELL,3,19728.00,2026-08-10T10:56:11Z,ORD-901302,maker,2.10
FIL-600045,ACC-2017,MES,SELL,7,5609.25,2026-08-10T10:56:24Z,ORD-902526,taker,4.90
FIL-600046,ACC-2011,MNQ,BUY,3,19696.75,2026-08-10T10:56:33Z,ORD-901144,taker,2.10
FIL-600047,ACC-2040,GC,SELL,4,2474.10,2026-08-10T10:56:54Z,ORD-903919,maker,8.40
FIL-600048,ACC-2006,NQ,BUY,7,19723.75,2026-08-10T10:57:39Z,ORD-900658,taker,14.70
FIL-600049,ACC-2008,MES,BUY,2,5603.50,2026-08-10T10:57:40Z,ORD-900936,taker,1.40
FIL-600050,ACC-2002,ES,SELL,6,5606.50,2026-08-10T10:57:52Z,ORD-900138,taker,12.60
FIL-600051,ACC-2009,MES,SELL,1,5615.75,2026-08-10T10:58:22Z,ORD-901006,maker,0.70
FIL-600052,ACC-2003,NQ,BUY,6,19721.00,2026-08-10T10:58:57Z,ORD-900268,taker,12.60
FIL-600053,ACC-2053,MES,SELL,3,5612.75,2026-08-10T11:00:33Z,ORD-904857,taker,2.10
FIL-600054,ACC-2043,MES,SELL,2,5621.25,2026-08-10T11:02:49Z,ORD-904135,taker,1.40
FIL-600055,ACC-2024,MNQ,SELL,3,19726.50,2026-08-10T11:03:07Z,ORD-902895,taker,2.10
FIL-600056,ACC-2013,MNQ,BUY,5,19726.00,2026-08-10T11:03:13Z,ORD-901303,taker,3.50
FIL-600057,ACC-2034,MES,SELL,1,5643.75,2026-08-10T11:03:24Z,ORD-903443,taker,0.70
FIL-600058,ACC-2004,ES,BUY,10,5610.50,2026-08-10T11:03:32Z,ORD-900390,maker,21.00
FIL-600059,ACC-2005,MES,BUY,5,5622.00,2026-08-10T11:07:48Z,ORD-900524,taker,3.50
FIL-600060,ACC-2046,MNQ,BUY,2,19731.00,2026-08-10T11:08:31Z,ORD-904366,taker,1.40
FIL-600061,ACC-2025,ES,SELL,12,5609.00,2026-08-10T11:10:04Z,ORD-902969,taker,25.20
FIL-600062,ACC-2013,MNQ,SELL,5,19726.50,2026-08-10T11:18:13Z,ORD-901304,taker,3.50
FIL-600063,ACC-2013,MNQ,SELL,2,19727.00,2026-08-10T11:23:14Z,ORD-901305,taker,1.40
FIL-600064,ACC-2013,MNQ,BUY,2,19725.00,2026-08-10T11:33:14Z,ORD-901306,taker,1.40
FIL-600065,ACC-2016,MNQ,BUY,4,19727.00,2026-08-10T11:45:16Z,ORD-902311,maker,2.80
FIL-600066,ACC-2014,MNQ,BUY,3,19726.50,2026-08-10T11:45:58Z,ORD-901879,taker,2.10
FIL-600067,ACC-2015,MNQ,SELL,2,19726.75,2026-08-10T11:48:11Z,ORD-902095,maker,1.40
FIL-600068,ACC-2014,MNQ,SELL,3,19727.00,2026-08-10T11:49:58Z,ORD-901880,maker,2.10
FIL-600069,ACC-2013,MNQ,BUY,2,19725.50,2026-08-10T11:53:26Z,ORD-901307,taker,1.40
FIL-600070,ACC-2013,MNQ,BUY,2,19725.50,2026-08-10T11:53:27Z,ORD-901307,taker,1.40
FIL-600071,ACC-2013,MNQ,SELL,4,19726.00,2026-08-10T12:03:26Z,ORD-901308,maker,2.80
FIL-600072,ACC-2015,MNQ,BUY,2,19727.75,2026-08-10T12:04:11Z,ORD-902096,taker,1.40
FIL-600073,ACC-2007,NQ,SELL,4,19727.00,2026-08-10T12:06:45Z,ORD-900799,taker,8.40
FIL-600074,ACC-2016,MNQ,SELL,4,19726.50,2026-08-10T12:08:16Z,ORD-902312,taker,2.80
FIL-600075,ACC-2013,MNQ,BUY,5,19726.00,2026-08-10T12:13:34Z,ORD-901309,taker,3.50
FIL-600076,ACC-2013,MNQ,SELL,5,19726.50,2026-08-10T12:24:34Z,ORD-901310,taker,3.50
FIL-600077,ACC-2007,NQ,BUY,4,19737.25,2026-08-10T12:24:45Z,ORD-900800,taker,8.40
FIL-600078,ACC-2005,MES,SELL,9,5608.50,2026-08-10T12:27:21Z,ORD-900525,taker,6.30
FIL-600079,ACC-2003,NQ,BUY,8,19727.25,2026-08-10T12:32:08Z,ORD-900269,taker,16.80
FIL-600080,ACC-2005,MES,BUY,9,5611.75,2026-08-10T12:32:21Z,ORD-900526,taker,6.30
FIL-600081,ACC-2001,NQ,BUY,10,19726.25,2026-08-10T12:34:02Z,ORD-900003,maker,21.00
FIL-600082,ACC-2013,MNQ,BUY,3,19725.75,2026-08-10T12:40:04Z,ORD-901311,maker,2.10
FIL-600083,ACC-2003,NQ,SELL,8,19731.75,2026-08-10T12:47:08Z,ORD-900270,taker,16.80
FIL-600084,ACC-2004,ES,SELL,7,5609.25,2026-08-10T12:52:33Z,ORD-900391,maker,14.70
FIL-600085,ACC-2043,MES,SELL,1,5607.75,2026-08-10T12:55:33Z,ORD-904136,taker,0.70
FIL-600086,ACC-2002,ES,SELL,9,5608.50,2026-08-10T12:55:40Z,ORD-900139,maker,18.90
FIL-600087,ACC-2046,MNQ,SELL,4,19727.25,2026-08-10T12:56:18Z,ORD-904367,maker,2.80
FIL-600088,ACC-2016,MNQ,BUY,2,19725.50,2026-08-10T12:57:22Z,ORD-902313,maker,1.40
FIL-600089,ACC-2015,MNQ,SELL,2,19725.75,2026-08-10T12:57:26Z,ORD-902097,maker,1.40
FIL-600090,ACC-2017,MES,SELL,5,5608.75,2026-08-10T12:57:37Z,ORD-902527,taker,3.50
FIL-600091,ACC-2013,MNQ,BUY,5,19725.75,2026-08-10T12:59:10Z,ORD-901313,taker,3.50
FIL-600092,ACC-2015,MNQ,BUY,2,19727.00,2026-08-10T13:00:26Z,ORD-902098,maker,1.40
FIL-600093,ACC-2014,MNQ,SELL,2,19727.00,2026-08-10T13:01:05Z,ORD-901881,taker,1.40
FIL-600094,ACC-2001,NQ,SELL,10,19725.75,2026-08-10T13:02:02Z,ORD-900004,maker,21.00
FIL-600095,ACC-2017,MES,BUY,5,5605.25,2026-08-10T13:03:37Z,ORD-902528,maker,3.50
FIL-600096,ACC-2004,ES,BUY,7,5610.50,2026-08-10T13:04:33Z,ORD-900392,maker,14.70
FIL-600097,ACC-2002,ES,BUY,9,5610.25,2026-08-10T13:07:40Z,ORD-900140,taker,18.90
FIL-600098,ACC-2013,MNQ,SELL,3,19727.00,2026-08-10T13:08:04Z,ORD-901312,maker,2.10
FIL-600099,ACC-2016,MNQ,SELL,2,19724.50,2026-08-10T13:08:22Z,ORD-902314,maker,1.40
FIL-600100,ACC-2013,MNQ,SELL,5,19726.50,2026-08-10T13:10:10Z,ORD-901314,taker,3.50
FIL-600101,ACC-2043,MES,BUY,1,5583.75,2026-08-10T13:12:33Z,ORD-904137,maker,0.70
FIL-600102,ACC-2014,MNQ,BUY,2,19726.25,2026-08-10T13:15:05Z,ORD-901882,maker,1.40
FIL-600103,ACC-2046,MNQ,BUY,4,19730.00,2026-08-10T13:16:18Z,ORD-904368,taker,2.80
FIL-600104,ACC-2013,MNQ,BUY,4,19726.25,2026-08-10T13:28:21Z,ORD-901315,taker,2.80
FIL-600105,ACC-2013,MNQ,SELL,4,19727.25,2026-08-10T13:31:21Z,ORD-901316,taker,2.80
FIL-600106,ACC-2009,MES,SELL,1,5608.25,2026-08-10T13:38:44Z,ORD-901007,taker,0.70
FIL-600107,ACC-2034,MES,BUY,3,5608.25,2026-08-10T13:40:10Z,ORD-903444,maker,2.10
FIL-600108,ACC-2012,MNQ,BUY,2,19726.25,2026-08-10T13:42:35Z,ORD-901217,taker,1.40
FIL-600109,ACC-2006,NQ,SELL,4,19727.00,2026-08-10T13:44:24Z,ORD-900659,maker,8.40
FIL-600110,ACC-2034,MES,SELL,3,5616.75,2026-08-10T13:45:10Z,ORD-903445,maker,2.10
FIL-600111,ACC-2007,NQ,BUY,5,19727.25,2026-08-10T13:47:03Z,ORD-900801,maker,10.50
FIL-600112,ACC-2012,MNQ,SELL,2,19746.25,2026-08-10T13:48:35Z,ORD-901218,taker,1.40
FIL-600113,ACC-2013,MNQ,BUY,2,19726.75,2026-08-10T13:52:54Z,ORD-901317,maker,1.40
FIL-600114,ACC-2007,NQ,SELL,5,19721.75,2026-08-10T13:55:03Z,ORD-900802,taker,10.50
FIL-600115,ACC-2009,MES,BUY,1,5604.00,2026-08-10T13:59:44Z,ORD-901008,taker,0.70
FIL-600116,ACC-2006,NQ,BUY,4,19723.25,2026-08-10T14:03:24Z,ORD-900660,taker,8.40
FIL-600117,ACC-2015,MNQ,BUY,4,19726.00,2026-08-10T14:04:12Z,ORD-902099,taker,2.80
FIL-600118,ACC-2016,MNQ,SELL,4,19726.75,2026-08-10T14:04:40Z,ORD-902315,taker,2.80
FIL-600119,ACC-2014,MNQ,SELL,5,19727.25,2026-08-10T14:06:13Z,ORD-901883,maker,3.50
FIL-600120,ACC-2016,MNQ,BUY,4,19727.50,2026-08-10T14:07:40Z,ORD-902316,maker,2.80
FIL-600121,ACC-2013,MNQ,SELL,3,19726.00,2026-08-10T14:11:26Z,ORD-901319,taker,2.10
FIL-600122,ACC-2013,MNQ,SELL,2,19728.00,2026-08-10T14:12:54Z,ORD-901318,maker,1.40
FIL-600123,ACC-2015,MNQ,SELL,4,19725.75,2026-08-10T14:13:12Z,ORD-902100,maker,2.80
FIL-600124,ACC-2005,MES,BUY,7,5608.00,2026-08-10T14:18:27Z,ORD-900527,taker,4.90
FIL-600125,ACC-2001,NQ,SELL,5,19727.25,2026-08-10T14:21:12Z,ORD-900005,taker,10.50
FIL-600126,ACC-2003,NQ,BUY,7,19726.75,2026-08-10T14:23:26Z,ORD-900271,taker,14.70
FIL-600127,ACC-2005,MES,SELL,7,5603.25,2026-08-10T14:25:27Z,ORD-900528,maker,4.90
FIL-600128,ACC-2014,MNQ,BUY,5,19727.00,2026-08-10T14:26:13Z,ORD-901884,taker,3.50
FIL-600129,ACC-2013,MNQ,BUY,3,19725.00,2026-08-10T14:29:26Z,ORD-901320,taker,2.10
FIL-600130,ACC-2001,NQ,BUY,5,19728.00,2026-08-10T14:31:12Z,ORD-900006,maker,10.50
FIL-600131,ACC-2003,NQ,SELL,7,19729.50,2026-08-10T14:41:26Z,ORD-900272,taker,14.70
FIL-600132,ACC-2013,MNQ,SELL,2,19726.50,2026-08-10T14:42:20Z,ORD-901321,taker,1.40
FIL-600133,ACC-2013,MNQ,BUY,2,19727.25,2026-08-10T14:58:06Z,ORD-901323,maker,1.40
FIL-600134,ACC-2013,MNQ,BUY,2,19724.75,2026-08-10T15:00:20Z,ORD-901322,maker,1.40
FIL-600135,ACC-2013,MNQ,SELL,2,19729.00,2026-08-10T15:06:06Z,ORD-901324,taker,1.40
FIL-600136,ACC-2026,MCL,SELL,2,73.72,2026-08-10T15:10:17Z,ORD-903046,maker,1.40
FIL-600137,ACC-2017,MES,BUY,5,5607.50,2026-08-10T15:12:01Z,ORD-902529,maker,3.50
FIL-600138,ACC-2011,MNQ,SELL,2,19727.00,2026-08-10T15:12:29Z,ORD-901145,taker,1.40
FIL-600139,ACC-2025,ES,SELL,11,5607.50,2026-08-10T15:12:31Z,ORD-902970,taker,23.10
FIL-600140,ACC-2015,MNQ,BUY,3,19727.00,2026-08-10T15:14:20Z,ORD-902101,maker,2.10
FIL-600141,ACC-2046,MNQ,SELL,3,19727.25,2026-08-10T15:14:28Z,ORD-904369,taker,2.10
FIL-600142,ACC-2002,ES,BUY,8,5608.00,2026-08-10T15:14:54Z,ORD-900141,taker,16.80
FIL-600143,ACC-2043,MES,BUY,2,5609.00,2026-08-10T15:15:25Z,ORD-904138,maker,1.40
FIL-600144,ACC-2040,GC,BUY,4,2473.50,2026-08-10T15:15:37Z,ORD-903920,maker,8.40
FIL-600145,ACC-2024,MNQ,SELL,5,19726.50,2026-08-10T15:15:58Z,ORD-902896,taker,3.50
FIL-600146,ACC-2016,MNQ,SELL,2,19726.50,2026-08-10T15:16:16Z,ORD-902317,maker,1.40
FIL-600147,ACC-2007,NQ,BUY,4,19726.00,2026-08-10T15:16:50Z,ORD-900803,maker,8.40
FIL-600148,ACC-2004,ES,SELL,2,5608.50,2026-08-10T15:17:06Z,ORD-900393,taker,4.20
FIL-600149,ACC-2004,ES,SELL,2,5608.50,2026-08-10T15:17:08Z,ORD-900393,maker,4.20
FIL-600150,ACC-2014,MNQ,SELL,4,19725.75,2026-08-10T15:17:24Z,ORD-901885,taker,2.80
FIL-600151,ACC-2008,MES,BUY,1,5608.25,2026-08-10T15:17:27Z,ORD-900937,taker,0.70
FIL-600152,ACC-2050,MNQ,BUY,2,19726.00,2026-08-10T15:18:13Z,ORD-904609,maker,1.40
FIL-600153,ACC-2046,MNQ,BUY,3,19730.75,2026-08-10T15:18:28Z,ORD-904370,maker,2.10
FIL-600154,ACC-2023,MES,SELL,5,5609.00,2026-08-10T15:19:40Z,ORD-902820,taker,3.50
FIL-600155,ACC-2037,MES,BUY,1,5609.25,2026-08-10T15:19:58Z,ORD-903695,maker,0.70
FIL-600156,ACC-2015,MNQ,SELL,3,19725.75,2026-08-10T15:20:20Z,ORD-902102,taker,2.10
FIL-600157,ACC-2050,MNQ,SELL,2,19724.75,2026-08-10T15:21:13Z,ORD-904610,taker,1.40
FIL-600158,ACC-2026,MCL,BUY,2,75.30,2026-08-10T15:21:17Z,ORD-903047,maker,1.40
FIL-600159,ACC-2004,ES,BUY,4,5610.25,2026-08-10T15:23:06Z,ORD-900394,maker,8.40
FIL-600160,ACC-2025,ES,BUY,11,5607.00,2026-08-10T15:23:31Z,ORD-902971,maker,23.10
FIL-600161,ACC-2014,MNQ,BUY,4,19725.50,2026-08-10T15:25:24Z,ORD-901886,taker,2.80
FIL-600162,ACC-2013,MNQ,BUY,3,19727.50,2026-08-10T15:25:39Z,ORD-901325,taker,2.10
FIL-600163,ACC-2007,NQ,SELL,4,19721.25,2026-08-10T15:27:50Z,ORD-900804,taker,8.40
FIL-600164,ACC-2016,MNQ,BUY,2,19727.25,2026-08-10T15:28:16Z,ORD-902318,taker,1.40
FIL-600165,ACC-2040,GC,SELL,4,2474.10,2026-08-10T15:30:37Z,ORD-903921,maker,8.40
FIL-600166,ACC-2011,MNQ,BUY,2,19704.50,2026-08-10T15:31:29Z,ORD-901146,taker,1.40
FIL-600167,ACC-2013,MNQ,SELL,3,19728.75,2026-08-10T15:32:39Z,ORD-901326,taker,2.10
FIL-600168,ACC-2017,MES,SELL,5,5610.50,2026-08-10T15:33:01Z,ORD-902530,taker,3.50
FIL-600169,ACC-2002,ES,SELL,8,5606.00,2026-08-10T15:35:54Z,ORD-900142,maker,16.80
FIL-600170,ACC-2024,MNQ,BUY,2,19726.50,2026-08-10T15:35:58Z,ORD-902897,maker,1.40
FIL-600171,ACC-2024,MNQ,BUY,3,19726.50,2026-08-10T15:36:01Z,ORD-902897,taker,2.10
FIL-600172,ACC-2043,MES,SELL,2,5623.25,2026-08-10T15:39:25Z,ORD-904139,maker,1.40
FIL-600173,ACC-2008,MES,SELL,1,5620.75,2026-08-10T15:39:27Z,ORD-900938,maker,0.70
FIL-600174,ACC-2037,MES,SELL,1,5591.00,2026-08-10T15:40:58Z,ORD-903696,taker,0.70
FIL-600175,ACC-2023,MES,BUY,5,5610.25,2026-08-10T15:45:40Z,ORD-902821,taker,3.50
FIL-600176,ACC-2013,MNQ,SELL,5,19726.00,2026-08-10T15:47:22Z,ORD-901327,taker,3.50
FIL-600177,ACC-2013,MNQ,BUY,5,19725.50,2026-08-10T16:04:22Z,ORD-901328,taker,3.50
FIL-600178,ACC-2003,NQ,SELL,4,19726.00,2026-08-10T16:08:01Z,ORD-900273,taker,8.40
FIL-600179,ACC-2003,NQ,BUY,4,19717.75,2026-08-10T16:10:01Z,ORD-900274,taker,8.40
FIL-600180,ACC-2005,MES,BUY,5,5608.00,2026-08-10T16:10:28Z,ORD-900529,maker,3.50
FIL-600181,ACC-2001,NQ,SELL,5,19727.25,2026-08-10T16:15:10Z,ORD-900007,taker,10.50
FIL-600182,ACC-2013,MNQ,BUY,5,19726.25,2026-08-10T16:18:32Z,ORD-901329,maker,3.50
FIL-600183,ACC-2005,MES,SELL,5,5594.00,2026-08-10T16:20:28Z,ORD-900530,taker,3.50
FIL-600184,ACC-2014,MNQ,BUY,4,19727.00,2026-08-10T16:20:37Z,ORD-901887,maker,2.80
FIL-600185,ACC-2013,MNQ,SELL,5,19726.50,2026-08-10T16:22:32Z,ORD-901330,taker,3.50
FIL-600186,ACC-2016,MNQ,BUY,3,19726.50,2026-08-10T16:23:08Z,ORD-902319,taker,2.10
FIL-600187,ACC-2016,MNQ,SELL,3,19725.75,2026-08-10T16:25:08Z,ORD-902320,maker,2.10
FIL-600188,ACC-2015,MNQ,SELL,2,19727.25,2026-08-10T16:27:39Z,ORD-902103,taker,1.40
FIL-600189,ACC-2014,MNQ,SELL,4,19727.25,2026-08-10T16:28:37Z,ORD-901888,taker,2.80
FIL-600190,ACC-2001,NQ,BUY,5,19727.75,2026-08-10T16:32:10Z,ORD-900008,taker,10.50
FIL-600191,ACC-2013,MNQ,SELL,5,19726.50,2026-08-10T16:42:01Z,ORD-901331,taker,3.50
FIL-600192,ACC-2009,MES,SELL,1,5607.75,2026-08-10T16:46:38Z,ORD-901009,taker,0.70
FIL-600193,ACC-2006,NQ,SELL,6,19725.75,2026-08-10T16:47:47Z,ORD-900661,taker,12.60
FIL-600194,ACC-2007,NQ,SELL,2,19726.00,2026-08-10T16:48:06Z,ORD-900805,maker,4.20
FIL-600195,ACC-2007,NQ,SELL,2,19726.00,2026-08-10T16:48:09Z,ORD-900805,taker,4.20
FIL-600196,ACC-2009,MES,BUY,1,5597.75,2026-08-10T16:48:38Z,ORD-901010,taker,0.70
FIL-600197,ACC-2015,MNQ,BUY,2,19728.00,2026-08-10T16:49:39Z,ORD-902104,taker,1.40
FIL-600198,ACC-2012,MNQ,BUY,3,19726.25,2026-08-10T16:50:06Z,ORD-901219,maker,2.10
FIL-600199,ACC-2034,MES,BUY,2,5607.50,2026-08-10T16:50:25Z,ORD-903446,maker,1.40
FIL-600200,ACC-2006,NQ,BUY,6,19722.25,2026-08-10T16:54:47Z,ORD-900662,taker,12.60
FIL-600201,ACC-2012,MNQ,SELL,3,19740.00,2026-08-10T16:55:06Z,ORD-901220,taker,2.10
FIL-600202,ACC-2034,MES,SELL,2,5617.00,2026-08-10T17:02:25Z,ORD-903447,taker,1.40
FIL-600203,ACC-2013,MNQ,BUY,5,19725.75,2026-08-10T17:07:01Z,ORD-901332,taker,3.50
FIL-600204,ACC-2013,MNQ,SELL,4,19725.75,2026-08-10T17:07:34Z,ORD-901333,taker,2.80
FIL-600205,ACC-2007,NQ,BUY,4,19730.75,2026-08-10T17:15:06Z,ORD-900806,taker,8.40
FIL-600206,ACC-2013,MNQ,SELL,4,19726.75,2026-08-10T17:25:45Z,ORD-901335,taker,2.80
FIL-600207,ACC-2046,MNQ,SELL,3,19726.25,2026-08-10T17:28:10Z,ORD-904371,taker,2.10
FIL-600208,ACC-2002,ES,BUY,7,5608.75,2026-08-10T17:29:36Z,ORD-900143,taker,14.70
FIL-600209,ACC-2013,MNQ,BUY,4,19726.00,2026-08-10T17:29:45Z,ORD-901336,maker,2.80
FIL-600210,ACC-2017,MES,SELL,6,5608.50,2026-08-10T17:30:29Z,ORD-902531,maker,4.20
FIL-600211,ACC-2043,MES,SELL,3,5608.75,2026-08-10T17:31:18Z,ORD-904140,taker,2.10
FIL-600212,ACC-2015,MNQ,BUY,4,19726.50,2026-08-10T17:31:21Z,ORD-902105,taker,2.80
FIL-600213,ACC-2017,MES,BUY,6,5606.50,2026-08-10T17:32:29Z,ORD-902532,maker,4.20
FIL-600214,ACC-2016,MNQ,BUY,2,19726.00,2026-08-10T17:33:59Z,ORD-902321,maker,1.40
FIL-600215,ACC-2014,MNQ,SELL,2,19727.00,2026-08-10T17:34:03Z,ORD-901889,maker,1.40
FIL-600216,ACC-2013,MNQ,BUY,4,19725.00,2026-08-10T17:34:34Z,ORD-901334,maker,2.80
FIL-600217,ACC-2004,ES,BUY,4,5608.50,2026-08-10T17:35:14Z,ORD-900395,taker,8.40
FIL-600218,ACC-2046,MNQ,BUY,3,19728.75,2026-08-10T17:37:10Z,ORD-904372,taker,2.10
FIL-600219,ACC-2014,MNQ,BUY,2,19726.50,2026-08-10T17:42:03Z,ORD-901890,taker,1.40
FIL-600220,ACC-2015,MNQ,SELL,4,19726.00,2026-08-10T17:45:21Z,ORD-902106,taker,2.80
FIL-600221,ACC-2043,MES,BUY,3,5602.25,2026-08-10T17:47:18Z,ORD-904141,taker,2.10
FIL-600222,ACC-2002,ES,SELL,7,5605.75,2026-08-10T17:48:36Z,ORD-900144,taker,14.70
FIL-600223,ACC-2016,MNQ,SELL,2,19725.25,2026-08-10T17:50:59Z,ORD-902322,taker,1.40
FIL-600224,ACC-2013,MNQ,SELL,2,19727.25,2026-08-10T17:53:05Z,ORD-901337,taker,1.40
FIL-600225,ACC-2001,NQ,BUY,10,19726.50,2026-08-10T17:59:52Z,ORD-900009,taker,21.00
FIL-600226,ACC-2004,ES,SELL,4,5607.00,2026-08-10T18:00:14Z,ORD-900396,maker,8.40
FIL-600227,ACC-2005,MES,BUY,10,5609.00,2026-08-10T18:03:55Z,ORD-900531,taker,7.00
FIL-600228,ACC-2003,NQ,SELL,7,19726.75,2026-08-10T18:04:34Z,ORD-900275,taker,14.70
FIL-600229,ACC-2001,NQ,SELL,10,19726.00,2026-08-10T18:04:52Z,ORD-900010,taker,21.00
FIL-600230,ACC-2013,MNQ,BUY,3,19726.50,2026-08-10T18:14:53Z,ORD-901339,taker,2.10
FIL-600231,ACC-2013,MNQ,BUY,2,19725.50,2026-08-10T18:18:05Z,ORD-901338,taker,1.40
FIL-600232,ACC-2007,NQ,SELL,7,19726.25,2026-08-10T18:18:16Z,ORD-900807,taker,14.70
FIL-600233,ACC-2005,MES,SELL,10,5604.00,2026-08-10T18:20:55Z,ORD-900532,taker,7.00
FIL-600234,ACC-2007,NQ,BUY,7,19729.50,2026-08-10T18:26:16Z,ORD-900808,taker,14.70
FIL-600235,ACC-2003,NQ,BUY,3,19725.00,2026-08-10T18:28:34Z,ORD-900276,taker,6.30
FIL-600236,ACC-2003,NQ,BUY,4,19725.00,2026-08-10T18:28:36Z,ORD-900276,taker,8.40
FIL-600237,ACC-2013,MNQ,SELL,3,19727.50,2026-08-10T18:35:21Z,ORD-901341,taker,2.10
FIL-600238,ACC-2014,MNQ,SELL,4,19725.75,2026-08-10T18:38:49Z,ORD-901891,taker,2.80
FIL-600239,ACC-2013,MNQ,SELL,3,19727.50,2026-08-10T18:38:53Z,ORD-901340,taker,2.10
FIL-600240,ACC-2016,MNQ,BUY,5,19726.75,2026-08-10T18:44:59Z,ORD-902323,taker,3.50
FIL-600241,ACC-2015,MNQ,BUY,3,19726.25,2026-08-10T18:46:11Z,ORD-902107,taker,2.10
FIL-600242,ACC-2014,MNQ,BUY,4,19725.50,2026-08-10T18:49:49Z,ORD-901892,taker,2.80
FIL-600243,ACC-2013,MNQ,BUY,3,19726.50,2026-08-10T18:51:21Z,ORD-901342,taker,2.10
FIL-600244,ACC-2016,MNQ,SELL,5,19726.50,2026-08-10T18:53:59Z,ORD-902324,taker,3.50
FIL-600245,ACC-2015,MNQ,SELL,3,19725.50,2026-08-10T18:55:11Z,ORD-902108,taker,2.10
FIL-600246,ACC-2013,MNQ,SELL,5,19726.25,2026-08-10T18:59:54Z,ORD-901343,taker,3.50
FIL-600247,ACC-2013,MNQ,BUY,2,19725.75,2026-08-10T19:22:54Z,ORD-901344,taker,1.40
FIL-600248,ACC-2013,MNQ,BUY,3,19725.75,2026-08-10T19:22:55Z,ORD-901344,taker,2.10
FIL-600249,ACC-2013,MNQ,BUY,5,19727.50,2026-08-10T19:30:00Z,ORD-901345,maker,3.50
FIL-600250,ACC-2013,MNQ,SELL,5,19727.75,2026-08-10T19:36:00Z,ORD-901346,taker,3.50
FIL-600251,ACC-2015,MNQ,BUY,5,19726.50,2026-08-10T19:46:07Z,ORD-902109,taker,3.50
FIL-600252,ACC-2002,ES,BUY,5,5609.00,2026-08-10T19:47:08Z,ORD-900145,maker,10.50
FIL-600253,ACC-2043,MES,BUY,1,5608.25,2026-08-10T19:47:36Z,ORD-904142,maker,0.70
FIL-600254,ACC-2025,ES,BUY,7,5608.75,2026-08-10T19:47:42Z,ORD-902972,taker,14.70
FIL-600255,ACC-2026,MCL,BUY,3,73.71,2026-08-10T19:47:47Z,ORD-903048,maker,2.10
FIL-600256,ACC-2012,MNQ,SELL,1,19726.00,2026-08-10T19:47:51Z,ORD-901221,maker,0.70
FIL-600257,ACC-2001,NQ,BUY,10,19727.25,2026-08-10T19:48:01Z,ORD-900011,maker,21.00
FIL-600258,ACC-2011,MNQ,BUY,2,19726.50,2026-08-10T19:48:10Z,ORD-901147,taker,1.40
FIL-600259,ACC-2005,MES,SELL,5,5607.75,2026-08-10T19:48:21Z,ORD-900533,maker,3.50
FIL-600260,ACC-2007,NQ,BUY,8,19726.00,2026-08-10T19:48:32Z,ORD-900809,maker,16.80
FIL-600261,ACC-2014,MNQ,SELL,4,19726.75,2026-08-10T19:48:48Z,ORD-901893,taker,2.80
FIL-600262,ACC-2037,MES,BUY,2,5607.50,2026-08-10T19:48:50Z,ORD-903697,taker,1.40
FIL-600263,ACC-2017,MES,SELL,7,5607.75,2026-08-10T19:49:53Z,ORD-902533,taker,4.90
FIL-600264,ACC-2023,MES,BUY,5,5608.25,2026-08-10T19:49:59Z,ORD-902822,taker,3.50
FIL-600265,ACC-2003,NQ,BUY,5,19725.75,2026-08-10T19:50:11Z,ORD-900277,maker,10.50
FIL-600266,ACC-2003,NQ,BUY,5,19725.75,2026-08-10T19:50:15Z,ORD-900277,maker,10.50
FIL-600267,ACC-2004,ES,SELL,9,5607.50,2026-08-10T19:50:41Z,ORD-900397,taker,18.90
FIL-600268,ACC-2037,MES,SELL,2,5597.50,2026-08-10T19:50:50Z,ORD-903698,taker,1.40
FIL-600269,ACC-2046,MNQ,SELL,2,19726.75,2026-08-10T19:51:01Z,ORD-904373,taker,1.40
FIL-600270,ACC-2015,MNQ,SELL,5,19726.25,2026-08-10T19:51:07Z,ORD-902110,taker,3.50
FIL-600271,ACC-2002,ES,SELL,5,5606.75,2026-08-10T19:51:08Z,ORD-900146,taker,10.50
FIL-600272,ACC-2040,GC,BUY,2,2473.00,2026-08-10T19:51:14Z,ORD-903922,taker,4.20
FIL-600273,ACC-2050,MNQ,BUY,1,19726.75,2026-08-10T19:52:19Z,ORD-904611,maker,0.70
FIL-600274,ACC-2024,MNQ,BUY,3,19726.00,2026-08-10T19:52:48Z,ORD-902898,maker,2.10
FIL-600275,ACC-2031,6E,BUY,3,1.09755,2026-08-10T19:52:58Z,ORD-903222,maker,7.44
FIL-600276,ACC-2009,MES,SELL,1,5607.50,2026-08-10T19:53:13Z,ORD-901011,taker,0.70
FIL-600277,ACC-2013,MNQ,BUY,2,19726.75,2026-08-10T19:53:19Z,ORD-901347,taker,1.40
FIL-600278,ACC-2010,MNQ,BUY,2,19727.00,2026-08-10T19:53:29Z,ORD-901077,maker,1.40
FIL-600279,ACC-2053,MES,BUY,2,5607.50,2026-08-10T19:53:32Z,ORD-904858,maker,1.40
FIL-600280,ACC-2026,MCL,SELL,3,72.50,2026-08-10T19:53:47Z,ORD-903049,taker,2.10
FIL-600281,ACC-2016,MNQ,BUY,3,19725.75,2026-08-10T19:54:00Z,ORD-902325,maker,2.10
FIL-600282,ACC-2006,NQ,BUY,4,19725.75,2026-08-10T19:54:04Z,ORD-900663,taker,8.40
FIL-600283,ACC-2034,MES,SELL,2,5608.00,2026-08-10T19:54:18Z,ORD-903448,maker,1.40
FIL-600284,ACC-2004,ES,BUY,9,5609.00,2026-08-10T19:54:41Z,ORD-900398,taker,18.90
FIL-600285,ACC-2008,MES,BUY,3,5608.75,2026-08-10T19:55:16Z,ORD-900939,maker,2.10
FIL-600286,ACC-2023,MES,SELL,5,5606.00,2026-08-10T19:55:59Z,ORD-902823,taker,3.50
FIL-600287,ACC-2003,NQ,SELL,10,19728.00,2026-08-10T20:00:11Z,ORD-900278,taker,21.00
FIL-600288,ACC-2011,MNQ,SELL,2,19760.00,2026-08-10T20:02:10Z,ORD-901148,taker,1.40
FIL-600289,ACC-2043,MES,SELL,1,5627.50,2026-08-10T20:02:36Z,ORD-904143,taker,0.70
FIL-600290,ACC-2040,GC,SELL,2,2474.10,2026-08-10T20:03:14Z,ORD-903923,taker,4.20
FIL-600291,ACC-2034,MES,BUY,2,5590.50,2026-08-10T20:03:18Z,ORD-903449,maker,1.40
FIL-600292,ACC-2005,MES,BUY,5,5619.25,2026-08-10T20:05:21Z,ORD-900534,taker,3.50
FIL-600293,ACC-2014,MNQ,BUY,4,19726.50,2026-08-10T20:07:48Z,ORD-901894,taker,2.80
FIL-600294,ACC-2046,MNQ,BUY,2,19729.00,2026-08-10T20:09:01Z,ORD-904374,taker,1.40
FIL-600295,ACC-2050,MNQ,SELL,1,19722.75,2026-08-10T20:09:19Z,ORD-904612,taker,0.70
FIL-600296,ACC-2017,MES,BUY,7,5604.50,2026-08-10T20:10:53Z,ORD-902534,taker,4.90
FIL-600297,ACC-2031,6E,SELL,3,1.09805,2026-08-10T20:10:58Z,ORD-903223,maker,7.44
FIL-600298,ACC-2008,MES,SELL,3,5612.75,2026-08-10T20:11:16Z,ORD-900940,taker,2.10
FIL-600299,ACC-2013,MNQ,SELL,2,19727.50,2026-08-10T20:11:19Z,ORD-901348,taker,1.40
FIL-600300,ACC-2006,NQ,SELL,4,19731.50,2026-08-10T20:12:04Z,ORD-900664,taker,8.40
FIL-600301,ACC-2024,MNQ,SELL,3,19726.50,2026-08-10T20:12:48Z,ORD-902899,maker,2.10
FIL-600302,ACC-2009,MES,BUY,1,5598.25,2026-08-10T20:13:13Z,ORD-901012,taker,0.70
FIL-600303,ACC-2053,MES,SELL,2,5610.50,2026-08-10T20:13:32Z,ORD-904859,taker,1.40
FIL-600304,ACC-2025,ES,SELL,7,5609.75,2026-08-10T20:13:42Z,ORD-902973,maker,14.70
FIL-600305,ACC-2012,MNQ,BUY,1,19690.75,2026-08-10T20:13:51Z,ORD-901222,taker,0.70
FIL-600306,ACC-2001,NQ,SELL,10,19727.00,2026-08-10T20:15:01Z,ORD-900012,taker,21.00
FIL-600307,ACC-2007,NQ,SELL,8,19720.75,2026-08-10T20:15:32Z,ORD-900810,taker,16.80
FIL-600308,ACC-2010,MNQ,SELL,2,19720.75,2026-08-10T20:20:29Z,ORD-901078,taker,1.40
FIL-600309,ACC-2016,MNQ,SELL,3,19725.50,2026-08-10T20:22:00Z,ORD-902326,taker,2.10
FIL-600310,ACC-2031,6E,SELL,4,1.09835,2026-08-11T10:34:03Z,ORD-903224,taker,9.92
FIL-600311,ACC-2032,MCL,SELL,2,73.75,2026-08-11T10:34:03Z,ORD-903314,taker,1.40
FIL-600312,ACC-2050,MNQ,BUY,1,19737.75,2026-08-11T10:34:04Z,ORD-904613,maker,0.70
FIL-600313,ACC-2001,NQ,BUY,10,19737.25,2026-08-11T10:34:24Z,ORD-900013,taker,21.00
FIL-600314,ACC-2017,MES,SELL,5,5612.50,2026-08-11T10:34:27Z,ORD-902535,taker,3.50
FIL-600315,ACC-2046,MES,BUY,2,5610.50,2026-08-11T10:34:44Z,ORD-904375,maker,1.40
FIL-600316,ACC-2041,MES,BUY,1,5611.00,2026-08-11T10:35:00Z,ORD-903998,taker,0.70
FIL-600317,ACC-2043,6E,BUY,1,1.0983,2026-08-11T10:35:38Z,ORD-904144,taker,2.48
FIL-600318,ACC-2053,MES,BUY,3,5611.75,2026-08-11T10:36:02Z,ORD-904860,taker,2.10
FIL-600319,ACC-2005,NQ,SELL,10,19737.50,2026-08-11T10:36:11Z,ORD-900535,taker,21.00
FIL-600320,ACC-2001,NQ,SELL,10,19736.75,2026-08-11T10:36:24Z,ORD-900014,maker,21.00
FIL-600321,ACC-2008,MES,BUY,1,5611.00,2026-08-11T10:36:48Z,ORD-900941,maker,0.70
FIL-600322,ACC-2004,ES,SELL,4,5610.75,2026-08-11T10:37:02Z,ORD-900399,taker,8.40
FIL-600323,ACC-2004,ES,SELL,5,5610.75,2026-08-11T10:37:04Z,ORD-900399,maker,10.50
FIL-600324,ACC-2040,GC,BUY,4,2474.30,2026-08-11T10:37:15Z,ORD-903924,maker,8.40
FIL-600325,ACC-2007,MNQ,SELL,10,19737.50,2026-08-11T10:37:51Z,ORD-900811,taker,7.00
FIL-600326,ACC-2035,6E,SELL,4,1.09805,2026-08-11T10:38:37Z,ORD-903531,maker,9.92
FIL-600327,ACC-2010,MNQ,BUY,1,19737.25,2026-08-11T10:38:41Z,ORD-901079,taker,0.70
FIL-600328,ACC-2051,MCL,BUY,2,73.81,2026-08-11T10:38:46Z,ORD-904706,taker,1.40
FIL-600329,ACC-2012,MNQ,SELL,3,19736.50,2026-08-11T10:38:49Z,ORD-901223,maker,2.10
FIL-600330,ACC-2044,GC,SELL,1,2474.60,2026-08-11T10:39:30Z,ORD-904214,taker,2.10
FIL-600331,ACC-2014,MNQ,BUY,5,19736.75,2026-08-11T10:40:32Z,ORD-901895,taker,3.50
FIL-600332,ACC-2013,MNQ,BUY,3,19737.75,2026-08-11T10:40:58Z,ORD-901349,maker,2.10
FIL-600333,ACC-2025,ES,BUY,4,5612.00,2026-08-11T10:41:16Z,ORD-902974,taker,8.40
FIL-600334,ACC-2048,6E,SELL,4,1.0981,2026-08-11T10:41:18Z,ORD-904453,taker,9.92
FIL-600335,ACC-2016,MNQ,BUY,3,19737.75,2026-08-11T10:41:19Z,ORD-902327,taker,2.10
FIL-600336,ACC-2025,ES,BUY,5,5612.00,2026-08-11T10:41:19Z,ORD-902974,taker,10.50
FIL-600337,ACC-2015,MNQ,SELL,2,19736.50,2026-08-11T10:41:25Z,ORD-902111,taker,1.40
FIL-600338,ACC-2034,GC,BUY,3,2474.60,2026-08-11T10:41:25Z,ORD-903450,taker,6.30
FIL-600339,ACC-2023,MES,BUY,2,5612.00,2026-08-11T10:41:47Z,ORD-902824,taker,1.40
FIL-600340,ACC-2023,MES,BUY,3,5612.00,2026-08-11T10:41:51Z,ORD-902824,maker,2.10
FIL-600341,ACC-2011,MNQ,SELL,3,19736.75,2026-08-11T10:42:09Z,ORD-901149,taker,2.10
FIL-600342,ACC-2006,MES,SELL,9,5611.50,2026-08-11T10:42:13Z,ORD-900665,maker,6.30
FIL-600343,ACC-2038,GC,SELL,2,2474.70,2026-08-11T10:42:23Z,ORD-903775,maker,4.20
FIL-600344,ACC-2044,GC,BUY,1,2473.00,2026-08-11T10:42:30Z,ORD-904215,taker,2.10
FIL-600345,ACC-2003,MES,BUY,10,5611.00,2026-08-11T10:42:37Z,ORD-900279,maker,7.00
FIL-600346,ACC-2037,MES,BUY,3,5611.75,2026-08-11T10:42:47Z,ORD-903699,taker,2.10
FIL-600347,ACC-2002,NQ,BUY,9,19737.25,2026-08-11T10:43:33Z,ORD-900147,taker,18.90
FIL-600348,ACC-2009,MNQ,BUY,3,19737.50,2026-08-11T10:43:36Z,ORD-901013,taker,2.10
FIL-600349,ACC-2024,MNQ,SELL,5,19737.75,2026-08-11T10:43:52Z,ORD-902900,taker,3.50
FIL-600350,ACC-2026,MCL,BUY,3,73.75,2026-08-11T10:43:54Z,ORD-903050,taker,2.10
FIL-600351,ACC-2004,ES,BUY,9,5611.75,2026-08-11T10:44:02Z,ORD-900400,maker,18.90
FIL-600352,ACC-2035,6E,BUY,2,1.09805,2026-08-11T10:45:37Z,ORD-903532,maker,4.96
FIL-600353,ACC-2035,6E,BUY,2,1.09805,2026-08-11T10:45:40Z,ORD-903532,maker,4.96
FIL-600354,ACC-2026,MCL,SELL,3,73.65,2026-08-11T10:45:54Z,ORD-903051,taker,2.10
FIL-600355,ACC-2041,MES,SELL,1,5614.75,2026-08-11T10:46:00Z,ORD-903999,maker,0.70
FIL-600356,ACC-2046,MES,SELL,2,5605.75,2026-08-11T10:47:44Z,ORD-904376,taker,1.40
FIL-600357,ACC-2053,MES,SELL,3,5604.25,2026-08-11T10:48:02Z,ORD-904861,taker,2.10
FIL-600358,ACC-2005,NQ,BUY,10,19738.00,2026-08-11T10:48:11Z,ORD-900536,maker,21.00
FIL-600359,ACC-2038,GC,BUY,2,2474.70,2026-08-11T10:48:23Z,ORD-903776,maker,4.20
FIL-600360,ACC-2051,MCL,SELL,2,71.71,2026-08-11T10:48:46Z,ORD-904707,taker,1.40
FIL-600361,ACC-2014,MNQ,SELL,5,19737.25,2026-08-11T10:50:32Z,ORD-901896,maker,3.50
FIL-600362,ACC-2002,NQ,SELL,9,19739.75,2026-08-11T10:50:33Z,ORD-900148,taker,18.90
FIL-600363,ACC-2037,MES,SELL,3,5594.00,2026-08-11T10:50:47Z,ORD-903700,maker,2.10
FIL-600364,ACC-2008,MES,SELL,1,5606.50,2026-08-11T10:50:48Z,ORD-900942,maker,0.70
FIL-600365,ACC-2048,6E,BUY,4,1.09785,2026-08-11T10:51:18Z,ORD-904454,taker,9.92
FIL-600366,ACC-2011,MNQ,BUY,3,19735.75,2026-08-11T10:52:09Z,ORD-901150,taker,2.10
FIL-600367,ACC-2007,MNQ,BUY,10,19741.25,2026-08-11T10:52:51Z,ORD-900812,taker,7.00
FIL-600368,ACC-2043,6E,SELL,1,1.09745,2026-08-11T10:56:38Z,ORD-904145,maker,2.48
FIL-600369,ACC-2023,MES,SELL,5,5601.00,2026-08-11T10:56:47Z,ORD-902825,taker,3.50
FIL-600370,ACC-2031,6E,BUY,4,1.0984,2026-08-11T10:57:03Z,ORD-903225,maker,9.92
FIL-600371,ACC-2040,GC,SELL,4,2474.30,2026-08-11T10:58:15Z,ORD-903925,taker,8.40
FIL-600372,ACC-2013,MNQ,SELL,4,19738.25,2026-08-11T10:59:10Z,ORD-901351,taker,2.80
FIL-600373,ACC-2016,MNQ,SELL,3,19738.75,2026-08-11T10:59:19Z,ORD-902328,taker,2.10
FIL-600374,ACC-2015,MNQ,BUY,2,19735.00,2026-08-11T11:00:25Z,ORD-902112,taker,1.40
FIL-600375,ACC-2024,MNQ,BUY,5,19739.00,2026-08-11T11:00:52Z,ORD-902901,taker,3.50
FIL-600376,ACC-2050,MNQ,SELL,1,19698.75,2026-08-11T11:01:04Z,ORD-904614,taker,0.70
FIL-600377,ACC-2009,MNQ,SELL,3,19734.00,2026-08-11T11:01:36Z,ORD-901014,taker,2.10
FIL-600378,ACC-2032,MCL,BUY,2,73.56,2026-08-11T11:02:03Z,ORD-903315,taker,1.40
FIL-600379,ACC-2017,MES,BUY,5,5609.00,2026-08-11T11:02:27Z,ORD-902536,maker,3.50
FIL-600380,ACC-2034,GC,SELL,3,2475.40,2026-08-11T11:03:25Z,ORD-903451,taker,6.30
FIL-600381,ACC-2012,MNQ,BUY,3,19733.25,2026-08-11T11:03:49Z,ORD-901224,taker,2.10
FIL-600382,ACC-2010,MNQ,SELL,1,19671.00,2026-08-11T11:04:41Z,ORD-901080,maker,0.70
FIL-600383,ACC-2006,MES,BUY,9,5611.75,2026-08-11T11:05:13Z,ORD-900666,taker,6.30
FIL-600384,ACC-2003,MES,SELL,10,5603.25,2026-08-11T11:06:37Z,ORD-900280,taker,7.00
FIL-600385,ACC-2025,ES,SELL,9,5612.00,2026-08-11T11:07:16Z,ORD-902975,taker,18.90
FIL-600386,ACC-2013,MNQ,BUY,4,19738.25,2026-08-11T11:08:10Z,ORD-901352,taker,2.80
FIL-600387,ACC-2013,MNQ,SELL,3,19738.00,2026-08-11T11:08:58Z,ORD-901350,taker,2.10
FIL-600388,ACC-2013,MNQ,BUY,2,19737.00,2026-08-11T11:31:49Z,ORD-901353,maker,1.40
FIL-600389,ACC-2016,MNQ,SELL,3,19738.25,2026-08-11T11:43:18Z,ORD-902329,taker,2.10
FIL-600390,ACC-2013,MNQ,SELL,2,19737.25,2026-08-11T11:44:49Z,ORD-901354,maker,1.40
FIL-600391,ACC-2016,MNQ,BUY,3,19737.25,2026-08-11T11:45:18Z,ORD-902330,taker,2.10
FIL-600392,ACC-2015,MNQ,SELL,5,19738.00,2026-08-11T11:47:23Z,ORD-902113,taker,3.50
FIL-600393,ACC-2014,MNQ,BUY,2,19737.25,2026-08-11T11:47:50Z,ORD-901897,taker,1.40
FIL-600394,ACC-2013,MNQ,SELL,3,19736.75,2026-08-11T11:50:17Z,ORD-901355,taker,2.10
FIL-600395,ACC-2015,MNQ,BUY,5,19737.75,2026-08-11T12:02:23Z,ORD-902114,taker,3.50
FIL-600396,ACC-2014,MNQ,SELL,2,19738.25,2026-08-11T12:07:50Z,ORD-901898,taker,1.40
FIL-600397,ACC-2013,MNQ,BUY,3,19736.50,2026-08-11T12:12:17Z,ORD-901356,maker,2.10
FIL-600398,ACC-2013,MNQ,SELL,2,19737.75,2026-08-11T12:18:11Z,ORD-901357,taker,1.40
FIL-600399,ACC-2007,MNQ,SELL,5,19737.50,2026-08-11T12:26:51Z,ORD-900813,taker,3.50
FIL-600400,ACC-2005,NQ,BUY,10,19737.50,2026-08-11T12:27:06Z,ORD-900537,taker,21.00
FIL-600401,ACC-2013,MNQ,BUY,2,19737.50,2026-08-11T12:32:11Z,ORD-901358,taker,1.40
FIL-600402,ACC-2007,MNQ,BUY,5,19744.75,2026-08-11T12:32:51Z,ORD-900814,taker,3.50
FIL-600403,ACC-2004,ES,SELL,5,5611.75,2026-08-11T12:34:16Z,ORD-900401,maker,10.50
FIL-600404,ACC-2013,MNQ,BUY,2,19737.00,2026-08-11T12:37:05Z,ORD-901359,maker,1.40
FIL-600405,ACC-2005,NQ,SELL,10,19737.00,2026-08-11T12:38:06Z,ORD-900538,taker,21.00
FIL-600406,ACC-2004,ES,BUY,5,5613.25,2026-08-11T12:38:16Z,ORD-900402,taker,10.50
FIL-600407,ACC-2014,MNQ,BUY,3,19737.75,2026-08-11T12:53:52Z,ORD-901899,taker,2.10
FIL-600408,ACC-2013,MNQ,SELL,2,19737.25,2026-08-11T12:54:05Z,ORD-901360,taker,1.40
FIL-600409,ACC-2034,GC,SELL,1,2474.40,2026-08-11T12:56:07Z,ORD-903452,maker,2.10
FIL-600410,ACC-2006,MES,SELL,9,5611.75,2026-08-11T12:57:40Z,ORD-900667,maker,6.30
FIL-600411,ACC-2048,6E,BUY,4,1.09815,2026-08-11T12:58:36Z,ORD-904455,taker,9.92
FIL-600412,ACC-2040,GC,SELL,2,2474.60,2026-08-11T13:00:11Z,ORD-903926,taker,4.20
FIL-600413,ACC-2001,NQ,BUY,10,19738.25,2026-08-11T13:00:46Z,ORD-900015,taker,21.00
FIL-600414,ACC-2003,MES,SELL,6,5612.50,2026-08-11T13:00:50Z,ORD-900281,taker,4.20
FIL-600415,ACC-2016,MNQ,BUY,2,19737.75,2026-08-11T13:01:28Z,ORD-902331,taker,1.40
FIL-600416,ACC-2015,MNQ,BUY,5,19736.25,2026-08-11T13:01:42Z,ORD-902115,taker,3.50
FIL-600417,ACC-2001,NQ,SELL,5,19737.75,2026-08-11T13:02:46Z,ORD-900016,maker,10.50
FIL-600418,ACC-2001,NQ,SELL,5,19737.75,2026-08-11T13:02:48Z,ORD-900016,taker,10.50
FIL-600419,ACC-2015,MNQ,SELL,5,19736.75,2026-08-11T13:04:42Z,ORD-902116,taker,3.50
FIL-600420,ACC-2034,GC,BUY,1,2472.30,2026-08-11T13:05:07Z,ORD-903453,maker,2.10
FIL-600421,ACC-2013,MNQ,BUY,4,19738.00,2026-08-11T13:07:57Z,ORD-901361,maker,2.80
FIL-600422,ACC-2003,MES,BUY,6,5636.50,2026-08-11T13:14:50Z,ORD-900282,maker,4.20
FIL-600423,ACC-2048,6E,SELL,4,1.09835,2026-08-11T13:16:36Z,ORD-904456,taker,9.92
FIL-600424,ACC-2014,MNQ,SELL,3,19738.50,2026-08-11T13:19:52Z,ORD-901900,taker,2.10
FIL-600425,ACC-2006,MES,BUY,9,5612.50,2026-08-11T13:20:40Z,ORD-900668,maker,6.30
FIL-600426,ACC-2040,GC,BUY,2,2474.70,2026-08-11T13:25:11Z,ORD-903927,maker,4.20
FIL-600427,ACC-2016,MNQ,SELL,2,19739.00,2026-08-11T13:25:28Z,ORD-902332,taker,1.40
FIL-600428,ACC-2013,MNQ,SELL,4,19738.25,2026-08-11T13:28:57Z,ORD-901362,taker,2.80
FIL-600429,ACC-2013,MNQ,BUY,2,19737.75,2026-08-11T13:31:59Z,ORD-901363,taker,1.40
FIL-600430,ACC-2046,MES,SELL,2,5610.50,2026-08-11T13:38:22Z,ORD-904377,taker,1.40
FIL-600431,ACC-2008,MES,BUY,1,5610.50,2026-08-11T13:38:37Z,ORD-900943,taker,0.70
FIL-600432,ACC-2017,MES,SELL,6,5612.25,2026-08-11T13:39:01Z,ORD-902537,taker,4.20
FIL-600433,ACC-2032,MCL,BUY,4,73.79,2026-08-11T13:40:06Z,ORD-903316,taker,2.80
FIL-600434,ACC-2012,MNQ,SELL,2,19738.00,2026-08-11T13:40:33Z,ORD-901225,maker,1.40
FIL-600435,ACC-2050,MNQ,BUY,4,19736.75,2026-08-11T13:41:50Z,ORD-904615,maker,2.80
FIL-600436,ACC-2032,MCL,SELL,4,73.84,2026-08-11T13:42:06Z,ORD-903317,maker,2.80
FIL-600437,ACC-2011,MNQ,SELL,1,19736.25,2026-08-11T13:44:17Z,ORD-901151,taker,0.70
FIL-600438,ACC-2012,MNQ,BUY,2,19732.25,2026-08-11T13:45:33Z,ORD-901226,taker,1.40
FIL-600439,ACC-2008,MES,SELL,1,5603.75,2026-08-11T13:45:37Z,ORD-900944,taker,0.70
FIL-600440,ACC-2002,NQ,BUY,7,19737.50,2026-08-11T13:46:34Z,ORD-900149,taker,14.70
FIL-600441,ACC-2013,MNQ,SELL,3,19738.00,2026-08-11T13:46:40Z,ORD-901365,taker,2.10
FIL-600442,ACC-2031,6E,BUY,1,1.0981,2026-08-11T13:47:20Z,ORD-903226,taker,2.48
FIL-600443,ACC-2050,MNQ,SELL,4,19724.75,2026-08-11T13:47:50Z,ORD-904616,taker,2.80
FIL-600444,ACC-2011,MNQ,BUY,1,19732.25,2026-08-11T13:48:17Z,ORD-901152,taker,0.70
FIL-600445,ACC-2002,NQ,SELL,7,19740.25,2026-08-11T13:48:34Z,ORD-900150,taker,14.70
FIL-600446,ACC-2046,MES,BUY,2,5618.25,2026-08-11T13:49:22Z,ORD-904378,taker,1.40
FIL-600447,ACC-2013,MNQ,SELL,2,19738.00,2026-08-11T13:59:59Z,ORD-901364,taker,1.40
FIL-600448,ACC-2017,MES,BUY,6,5605.25,2026-08-11T14:01:01Z,ORD-902538,maker,4.20
FIL-600449,ACC-2016,MNQ,SELL,5,19736.50,2026-08-11T14:01:02Z,ORD-902333,maker,3.50
FIL-600450,ACC-2015,MNQ,BUY,4,19737.00,2026-08-11T14:02:07Z,ORD-902117,taker,2.80
FIL-600451,ACC-2014,MNQ,SELL,5,19736.75,2026-08-11T14:04:43Z,ORD-901901,taker,3.50
FIL-600452,ACC-2031,6E,SELL,1,1.0979,2026-08-11T14:09:20Z,ORD-903227,taker,2.48
FIL-600453,ACC-2013,MNQ,BUY,3,19737.75,2026-08-11T14:10:40Z,ORD-901366,taker,2.10
FIL-600454,ACC-2015,MNQ,SELL,4,19738.00,2026-08-11T14:12:07Z,ORD-902118,taker,2.80
FIL-600455,ACC-2016,MNQ,BUY,5,19736.00,2026-08-11T14:17:02Z,ORD-902334,maker,3.50
FIL-600456,ACC-2013,MNQ,SELL,2,19737.50,2026-08-11T14:19:24Z,ORD-901367,taker,1.40
FIL-600457,ACC-2007,MNQ,BUY,9,19737.75,2026-08-11T14:20:22Z,ORD-900815,taker,6.30
FIL-600458,ACC-2005,NQ,BUY,4,19738.00,2026-08-11T14:21:30Z,ORD-900539,taker,8.40
FIL-600459,ACC-2005,NQ,BUY,4,19738.00,2026-08-11T14:21:34Z,ORD-900539,taker,8.40
FIL-600460,ACC-2013,MNQ,BUY,2,19737.25,2026-08-11T14:22:24Z,ORD-901368,maker,1.40
FIL-600461,ACC-2014,MNQ,BUY,5,19736.00,2026-08-11T14:22:43Z,ORD-901902,taker,3.50
FIL-600462,ACC-2004,ES,SELL,5,5611.25,2026-08-11T14:24:39Z,ORD-900403,taker,10.50
FIL-600463,ACC-2005,NQ,SELL,8,19737.50,2026-08-11T14:39:30Z,ORD-900540,taker,16.80
FIL-600464,ACC-2013,MNQ,SELL,2,19737.50,2026-08-11T14:41:29Z,ORD-901369,taker,1.40
FIL-600465,ACC-2007,MNQ,SELL,9,19735.25,2026-08-11T14:44:22Z,ORD-900816,taker,6.30
FIL-600466,ACC-2004,ES,BUY,5,5612.75,2026-08-11T14:47:39Z,ORD-900404,taker,10.50
FIL-600467,ACC-2013,MNQ,BUY,2,19737.25,2026-08-11T14:50:29Z,ORD-901370,maker,1.40
FIL-600468,ACC-2013,MNQ,SELL,3,19736.75,2026-08-11T14:59:56Z,ORD-901371,maker,2.10
FIL-600469,ACC-2013,MNQ,BUY,3,19736.50,2026-08-11T15:04:56Z,ORD-901372,taker,2.10
FIL-600470,ACC-2014,MNQ,BUY,4,19737.00,2026-08-11T15:10:12Z,ORD-901903,maker,2.80
FIL-600471,ACC-2015,MNQ,BUY,5,19737.50,2026-08-11T15:10:30Z,ORD-902119,taker,3.50
FIL-600472,ACC-2025,ES,BUY,5,5612.50,2026-08-11T15:11:53Z,ORD-902976,maker,10.50
FIL-600473,ACC-2025,ES,BUY,6,5612.50,2026-08-11T15:11:54Z,ORD-902976,taker,12.60
FIL-600474,ACC-2044,GC,SELL,1,2474.40,2026-08-11T15:12:56Z,ORD-904216,taker,2.10
FIL-600475,ACC-2024,MNQ,SELL,4,19737.75,2026-08-11T15:13:09Z,ORD-902902,maker,2.80
FIL-600476,ACC-2006,MES,BUY,3,5611.00,2026-08-11T15:13:10Z,ORD-900669,taker,2.10
FIL-600477,ACC-2006,MES,BUY,3,5611.00,2026-08-11T15:13:12Z,ORD-900669,taker,2.10
FIL-600478,ACC-2040,GC,BUY,2,2474.90,2026-08-11T15:13:18Z,ORD-903928,taker,4.20
FIL-600479,ACC-2034,GC,BUY,4,2474.50,2026-08-11T15:13:25Z,ORD-903454,maker,8.40
FIL-600480,ACC-2026,MCL,BUY,3,73.81,2026-08-11T15:13:33Z,ORD-903052,taker,2.10
FIL-600481,ACC-2016,MNQ,SELL,5,19737.75,2026-08-11T15:14:38Z,ORD-902335,maker,3.50
FIL-600482,ACC-2003,MES,BUY,4,5611.25,2026-08-11T15:15:33Z,ORD-900283,maker,2.80
FIL-600483,ACC-2023,MES,SELL,6,5612.50,2026-08-11T15:15:43Z,ORD-902826,taker,4.20
FIL-600484,ACC-2034,GC,SELL,4,2474.80,2026-08-11T15:16:25Z,ORD-903455,taker,8.40
FIL-600485,ACC-2001,NQ,BUY,10,19737.75,2026-08-11T15:16:32Z,ORD-900017,maker,21.00
FIL-600486,ACC-2035,6E,SELL,4,1.09825,2026-08-11T15:16:38Z,ORD-903533,taker,9.92
FIL-600487,ACC-2010,MNQ,SELL,3,19736.50,2026-08-11T15:16:47Z,ORD-901081,taker,2.10
FIL-600488,ACC-2009,MNQ,BUY,1,19737.75,2026-08-11T15:16:58Z,ORD-901015,taker,0.70
FIL-600489,ACC-2038,GC,SELL,4,2475.10,2026-08-11T15:17:00Z,ORD-903777,maker,8.40
FIL-600490,ACC-2048,6E,SELL,4,1.09835,2026-08-11T15:18:38Z,ORD-904457,taker,9.92
FIL-600491,ACC-2041,MES,SELL,1,5611.00,2026-08-11T15:18:52Z,ORD-904000,maker,0.70
FIL-600492,ACC-2015,MNQ,SELL,5,19737.75,2026-08-11T15:19:30Z,ORD-902120,maker,3.50
FIL-600493,ACC-2009,MNQ,SELL,1,19719.50,2026-08-11T15:19:58Z,ORD-901016,taker,0.70
FIL-600494,ACC-2010,MNQ,BUY,3,19750.75,2026-08-11T15:20:47Z,ORD-901082,maker,2.10
FIL-600495,ACC-2023,MES,BUY,6,5632.75,2026-08-11T15:23:43Z,ORD-902827,taker,4.20
FIL-600496,ACC-2025,ES,SELL,11,5612.50,2026-08-11T15:23:53Z,ORD-902977,taker,23.10
FIL-600497,ACC-2048,6E,BUY,4,1.09815,2026-08-11T15:25:38Z,ORD-904458,maker,9.92
FIL-600498,ACC-2006,MES,SELL,6,5610.25,2026-08-11T15:27:10Z,ORD-900670,taker,4.20
FIL-600499,ACC-2026,MCL,SELL,3,73.77,2026-08-11T15:27:33Z,ORD-903053,taker,2.10
FIL-600500,ACC-2014,MNQ,SELL,4,19738.25,2026-08-11T15:30:12Z,ORD-901904,maker,2.80
FIL-600501,ACC-2013,MNQ,SELL,4,19737.00,2026-08-11T15:30:37Z,ORD-901373,taker,2.80
FIL-600502,ACC-2013,MNQ,BUY,4,19736.75,2026-08-11T15:34:37Z,ORD-901374,maker,2.80
FIL-600503,ACC-2016,MNQ,BUY,5,19737.00,2026-08-11T15:34:38Z,ORD-902336,taker,3.50
FIL-600504,ACC-2041,MES,BUY,1,5606.75,2026-08-11T15:34:52Z,ORD-904001,taker,0.70
FIL-600505,ACC-2040,GC,SELL,2,2474.80,2026-08-11T15:35:18Z,ORD-903929,maker,4.20
FIL-600506,ACC-2001,NQ,SELL,10,19737.00,2026-08-11T15:35:32Z,ORD-900018,taker,21.00
FIL-600507,ACC-2044,GC,BUY,1,2473.50,2026-08-11T15:37:56Z,ORD-904217,maker,2.10
FIL-600508,ACC-2038,GC,BUY,4,2475.10,2026-08-11T15:39:00Z,ORD-903778,taker,8.40
FIL-600509,ACC-2024,MNQ,BUY,4,19739.50,2026-08-11T15:39:09Z,ORD-902903,taker,2.80
FIL-600510,ACC-2003,MES,SELL,4,5579.25,2026-08-11T15:41:33Z,ORD-900284,taker,2.80
FIL-600511,ACC-2035,6E,BUY,4,1.09825,2026-08-11T15:43:38Z,ORD-903534,maker,9.92
FIL-600512,ACC-2013,MNQ,BUY,2,19737.75,2026-08-11T15:53:09Z,ORD-901375,taker,1.40
FIL-600513,ACC-2004,ES,SELL,4,5611.00,2026-08-11T16:07:28Z,ORD-900405,taker,8.40
FIL-600514,ACC-2004,ES,SELL,4,5611.00,2026-08-11T16:07:29Z,ORD-900405,maker,8.40
FIL-600515,ACC-2007,MNQ,BUY,6,19737.00,2026-08-11T16:10:23Z,ORD-900817,taker,4.20
FIL-600516,ACC-2013,MNQ,BUY,3,19738.00,2026-08-11T16:10:34Z,ORD-901377,maker,2.10
FIL-600517,ACC-2005,NQ,SELL,10,19737.00,2026-08-11T16:13:28Z,ORD-900541,taker,21.00
FIL-600518,ACC-2007,MNQ,SELL,6,19734.75,2026-08-11T16:18:23Z,ORD-900818,taker,4.20
FIL-600519,ACC-2015,MNQ,BUY,2,19737.25,2026-08-11T16:19:01Z,ORD-902121,taker,1.40
FIL-600520,ACC-2015,MNQ,BUY,3,19737.25,2026-08-11T16:19:05Z,ORD-902121,maker,2.10
FIL-600521,ACC-2005,NQ,BUY,10,19737.75,2026-08-11T16:19:28Z,ORD-900542,taker,21.00
FIL-600522,ACC-2016,MNQ,BUY,5,19737.50,2026-08-11T16:19:59Z,ORD-902337,taker,3.50
FIL-600523,ACC-2013,MNQ,SELL,2,19738.00,2026-08-11T16:20:09Z,ORD-901376,taker,1.40
FIL-600524,ACC-2014,MNQ,SELL,3,19737.00,2026-08-11T16:21:14Z,ORD-901905,taker,2.10
FIL-600525,ACC-2004,ES,BUY,8,5611.75,2026-08-11T16:26:28Z,ORD-900406,taker,16.80
FIL-600526,ACC-2013,MNQ,SELL,3,19738.25,2026-08-11T16:32:34Z,ORD-901378,maker,2.10
FIL-600527,ACC-2015,MNQ,SELL,5,19737.75,2026-08-11T16:34:01Z,ORD-902122,taker,3.50
FIL-600528,ACC-2014,MNQ,BUY,3,19736.25,2026-08-11T16:38:14Z,ORD-901906,taker,2.10
FIL-600529,ACC-2016,MNQ,SELL,5,19738.25,2026-08-11T16:38:59Z,ORD-902338,taker,3.50
FIL-600530,ACC-2013,MNQ,SELL,3,19737.25,2026-08-11T16:43:30Z,ORD-901379,taker,2.10
FIL-600531,ACC-2011,MNQ,SELL,1,19737.50,2026-08-11T16:43:38Z,ORD-901153,taker,0.70
FIL-600532,ACC-2031,6E,BUY,2,1.09835,2026-08-11T16:44:39Z,ORD-903228,taker,4.96
FIL-600533,ACC-2031,6E,BUY,2,1.09835,2026-08-11T16:44:41Z,ORD-903228,taker,4.96
FIL-600534,ACC-2008,MES,SELL,1,5611.75,2026-08-11T16:46:25Z,ORD-900945,taker,0.70
FIL-600535,ACC-2002,NQ,SELL,8,19737.00,2026-08-11T16:46:53Z,ORD-900151,maker,16.80
FIL-600536,ACC-2032,MCL,BUY,1,73.80,2026-08-11T16:47:10Z,ORD-903318,maker,0.70
FIL-600537,ACC-2017,MES,BUY,2,5612.50,2026-08-11T16:47:35Z,ORD-902539,taker,1.40
FIL-600538,ACC-2017,MES,BUY,3,5612.50,2026-08-11T16:47:37Z,ORD-902539,taker,2.10
FIL-600539,ACC-2012,MNQ,BUY,2,19736.50,2026-08-11T16:47:44Z,ORD-901227,taker,1.40
FIL-600540,ACC-2011,MNQ,BUY,1,19733.75,2026-08-11T16:48:38Z,ORD-901154,taker,0.70
FIL-600541,ACC-2050,MNQ,SELL,4,19737.75,2026-08-11T16:49:52Z,ORD-904617,taker,2.80
FIL-600542,ACC-2046,MES,SELL,2,5610.75,2026-08-11T16:51:06Z,ORD-904379,maker,1.40
FIL-600543,ACC-2031,6E,SELL,4,1.09825,2026-08-11T16:57:39Z,ORD-903229,taker,9.92
FIL-600544,ACC-2046,MES,BUY,2,5617.75,2026-08-11T16:58:06Z,ORD-904380,taker,1.40
FIL-600545,ACC-2017,MES,SELL,5,5619.00,2026-08-11T16:59:35Z,ORD-902540,maker,3.50
FIL-600546,ACC-2013,MNQ,BUY,3,19737.00,2026-08-11T17:00:30Z,ORD-901380,taker,2.10
FIL-600547,ACC-2008,MES,BUY,1,5618.50,2026-08-11T17:03:25Z,ORD-900946,taker,0.70
FIL-600548,ACC-2013,MNQ,BUY,3,19736.75,2026-08-11T17:05:03Z,ORD-901381,maker,2.10
FIL-600549,ACC-2013,MNQ,SELL,3,19737.00,2026-08-11T17:08:03Z,ORD-901382,maker,2.10
FIL-600550,ACC-2002,NQ,BUY,8,19734.25,2026-08-11T17:08:53Z,ORD-900152,taker,16.80
FIL-600551,ACC-2032,MCL,SELL,1,74.04,2026-08-11T17:10:10Z,ORD-903319,maker,0.70
FIL-600552,ACC-2012,MNQ,SELL,2,19740.75,2026-08-11T17:13:44Z,ORD-901228,maker,1.40
FIL-600553,ACC-2050,MNQ,BUY,4,19748.25,2026-08-11T17:17:52Z,ORD-904618,taker,2.80
FIL-600554,ACC-2013,MNQ,SELL,4,19738.25,2026-08-11T17:27:52Z,ORD-901383,taker,2.80
FIL-600555,ACC-2016,MNQ,BUY,3,19736.25,2026-08-11T17:28:26Z,ORD-902339,taker,2.10
FIL-600556,ACC-2006,MES,BUY,5,5611.00,2026-08-11T17:28:54Z,ORD-900671,maker,3.50
FIL-600557,ACC-2003,MES,SELL,2,5611.00,2026-08-11T17:29:36Z,ORD-900285,taker,1.40
FIL-600558,ACC-2040,GC,BUY,2,2474.30,2026-08-11T17:29:37Z,ORD-903930,maker,4.20
FIL-600559,ACC-2003,MES,SELL,3,5611.00,2026-08-11T17:29:40Z,ORD-900285,taker,2.10
FIL-600560,ACC-2014,MNQ,BUY,5,19737.25,2026-08-11T17:31:31Z,ORD-901907,taker,3.50
FIL-600561,ACC-2001,NQ,SELL,6,19738.00,2026-08-11T17:34:28Z,ORD-900019,taker,12.60
FIL-600562,ACC-2048,6E,SELL,1,1.0983,2026-08-11T17:36:06Z,ORD-904459,maker,2.48
FIL-600563,ACC-2034,GC,BUY,2,2474.70,2026-08-11T17:36:26Z,ORD-903456,taker,4.20
FIL-600564,ACC-2014,MNQ,SELL,2,19737.75,2026-08-11T17:37:31Z,ORD-901908,maker,1.40
FIL-600565,ACC-2014,MNQ,SELL,3,19737.75,2026-08-11T17:37:35Z,ORD-901908,taker,2.10
FIL-600566,ACC-2003,MES,BUY,5,5624.25,2026-08-11T17:37:36Z,ORD-900286,taker,3.50
FIL-600567,ACC-2015,MNQ,BUY,2,19736.50,2026-08-11T17:37:55Z,ORD-902123,taker,1.40
FIL-600568,ACC-2016,MNQ,SELL,3,19737.75,2026-08-11T17:38:26Z,ORD-902340,taker,2.10
FIL-600569,ACC-2048,6E,BUY,1,1.09745,2026-08-11T17:42:06Z,ORD-904460,taker,2.48
FIL-600570,ACC-2040,GC,SELL,2,2474.20,2026-08-11T17:43:37Z,ORD-903931,maker,4.20
FIL-600571,ACC-2006,MES,SELL,5,5609.50,2026-08-11T17:46:54Z,ORD-900672,taker,3.50
FIL-600572,ACC-2013,MNQ,BUY,3,19737.75,2026-08-11T17:47:30Z,ORD-901385,taker,2.10
FIL-600573,ACC-2013,MNQ,BUY,4,19738.00,2026-08-11T17:55:52Z,ORD-901384,taker,2.80
FIL-600574,ACC-2005,NQ,BUY,9,19738.00,2026-08-11T17:56:23Z,ORD-900543,taker,18.90
FIL-600575,ACC-2001,NQ,BUY,6,19738.75,2026-08-11T17:56:28Z,ORD-900020,taker,12.60
FIL-600576,ACC-2034,GC,SELL,2,2475.30,2026-08-11T17:57:26Z,ORD-903457,maker,4.20
FIL-600577,ACC-2005,NQ,SELL,9,19737.75,2026-08-11T17:58:23Z,ORD-900544,taker,18.90
FIL-600578,ACC-2007,MNQ,SELL,4,19737.25,2026-08-11T18:00:22Z,ORD-900819,taker,2.80
FIL-600579,ACC-2015,MNQ,SELL,2,19738.00,2026-08-11T18:03:55Z,ORD-902124,maker,1.40
FIL-600580,ACC-2004,ES,BUY,6,5610.75,2026-08-11T18:04:01Z,ORD-900407,taker,12.60
FIL-600581,ACC-2013,MNQ,SELL,3,19738.00,2026-08-11T18:08:30Z,ORD-901386,taker,2.10
FIL-600582,ACC-2007,MNQ,BUY,4,19744.50,2026-08-11T18:11:22Z,ORD-900820,taker,2.80
FIL-600583,ACC-2004,ES,SELL,6,5608.75,2026-08-11T18:17:01Z,ORD-900408,taker,12.60
FIL-600584,ACC-2013,MNQ,BUY,2,19736.75,2026-08-11T18:17:19Z,ORD-901387,taker,1.40
FIL-600585,ACC-2013,MNQ,SELL,2,19737.00,2026-08-11T18:22:19Z,ORD-901388,taker,1.40
FIL-600586,ACC-2014,MNQ,SELL,3,19736.25,2026-08-11T18:37:02Z,ORD-901909,taker,2.10
FIL-600587,ACC-2013,MNQ,SELL,3,19737.25,2026-08-11T18:40:27Z,ORD-901389,maker,2.10
FIL-600588,ACC-2016,MNQ,BUY,2,19736.25,2026-08-11T18:45:04Z,ORD-902341,taker,1.40
FIL-600589,ACC-2015,MNQ,BUY,2,19737.25,2026-08-11T18:45:49Z,ORD-902125,maker,1.40
FIL-600590,ACC-2015,MNQ,BUY,2,19737.25,2026-08-11T18:45:53Z,ORD-902125,taker,1.40
FIL-600591,ACC-2013,MNQ,BUY,3,19737.00,2026-08-11T18:48:27Z,ORD-901390,maker,2.10
FIL-600592,ACC-2014,MNQ,BUY,3,19734.75,2026-08-11T18:49:02Z,ORD-901910,taker,2.10
FIL-600593,ACC-2013,MNQ,BUY,5,19737.00,2026-08-11T19:00:25Z,ORD-901391,taker,3.50
FIL-600594,ACC-2016,MNQ,SELL,2,19737.75,2026-08-11T19:02:04Z,ORD-902342,taker,1.40
FIL-600595,ACC-2015,MNQ,SELL,4,19737.50,2026-08-11T19:10:49Z,ORD-902126,maker,2.80
FIL-600596,ACC-2013,MNQ,SELL,5,19737.00,2026-08-11T19:27:25Z,ORD-901392,maker,3.50
FIL-600597,ACC-2013,MNQ,SELL,2,19736.50,2026-08-11T19:28:15Z,ORD-901393,taker,1.40
FIL-600598,ACC-2013,MNQ,BUY,2,19736.25,2026-08-11T19:32:15Z,ORD-901394,taker,1.40
FIL-600599,ACC-2011,MNQ,BUY,2,19736.25,2026-08-11T19:46:10Z,ORD-901155,taker,1.40
FIL-600600,ACC-2005,NQ,BUY,5,19737.50,2026-08-11T19:46:19Z,ORD-900545,taker,10.50
FIL-600601,ACC-2014,MNQ,BUY,5,19737.50,2026-08-11T19:46:20Z,ORD-901911,taker,3.50
FIL-600602,ACC-2035,6E,BUY,4,1.0981,2026-08-11T19:46:29Z,ORD-903535,maker,9.92
FIL-600603,ACC-2025,ES,SELL,9,5610.75,2026-08-11T19:46:39Z,ORD-902978,taker,18.90
FIL-600604,ACC-2012,MNQ,BUY,2,19736.25,2026-08-11T19:46:52Z,ORD-901229,maker,1.40
FIL-600605,ACC-2016,MNQ,BUY,4,19737.50,2026-08-11T19:47:40Z,ORD-902343,maker,2.80
FIL-600606,ACC-2041,MES,BUY,3,5610.75,2026-08-11T19:47:41Z,ORD-904002,maker,2.10
FIL-600607,ACC-2013,MNQ,BUY,2,19737.25,2026-08-11T19:48:19Z,ORD-901395,taker,1.40
FIL-600608,ACC-2013,MNQ,BUY,3,19737.25,2026-08-11T19:48:20Z,ORD-901395,taker,2.10
FIL-600609,ACC-2050,MNQ,BUY,2,19737.00,2026-08-11T19:48:40Z,ORD-904619,taker,1.40
FIL-600610,ACC-2032,MCL,BUY,3,73.76,2026-08-11T19:49:02Z,ORD-903320,taker,2.10
FIL-600611,ACC-2048,6E,BUY,2,1.0983,2026-08-11T19:49:26Z,ORD-904461,taker,4.96
FIL-600612,ACC-2043,6E,BUY,2,1.09815,2026-08-11T19:49:43Z,ORD-904146,maker,4.96
FIL-600613,ACC-2044,GC,BUY,1,2474.80,2026-08-11T19:50:08Z,ORD-904218,maker,2.10
FIL-600614,ACC-2026,MCL,BUY,4,73.81,2026-08-11T19:50:22Z,ORD-903054,taker,2.80
FIL-600615,ACC-2015,MNQ,SELL,2,19736.75,2026-08-11T19:50:38Z,ORD-902127,maker,1.40
FIL-600616,ACC-2017,MES,SELL,6,5610.75,2026-08-11T19:50:38Z,ORD-902541,taker,4.20
FIL-600617,ACC-2009,MNQ,SELL,3,19737.00,2026-08-11T19:51:12Z,ORD-901017,taker,2.10
FIL-600618,ACC-2006,MES,BUY,9,5611.00,2026-08-11T19:51:26Z,ORD-900673,taker,6.30
FIL-600619,ACC-2050,MNQ,SELL,2,19724.25,2026-08-11T19:51:40Z,ORD-904620,taker,1.40
FIL-600620,ACC-2008,MES,SELL,2,5611.75,2026-08-11T19:51:41Z,ORD-900947,taker,1.40
FIL-600621,ACC-2037,MES,BUY,1,5611.75,2026-08-11T19:51:58Z,ORD-903701,maker,0.70
FIL-600622,ACC-2031,6E,BUY,3,1.09835,2026-08-11T19:52:01Z,ORD-903230,taker,7.44
FIL-600623,ACC-2046,MES,SELL,4,5612.50,2026-08-11T19:52:04Z,ORD-904381,taker,2.80
FIL-600624,ACC-2053,MES,BUY,2,5612.25,2026-08-11T19:52:16Z,ORD-904862,taker,1.40
FIL-600625,ACC-2034,GC,BUY,2,2474.70,2026-08-11T19:52:20Z,ORD-903458,taker,4.20
FIL-600626,ACC-2023,MES,BUY,5,5611.75,2026-08-11T19:52:24Z,ORD-902828,maker,3.50
FIL-600627,ACC-2048,6E,SELL,2,1.0987,2026-08-11T19:52:26Z,ORD-904462,maker,4.96
FIL-600628,ACC-2004,ES,BUY,5,5610.75,2026-08-11T19:52:37Z,ORD-900409,taker,10.50
FIL-600629,ACC-2003,MES,BUY,6,5610.75,2026-08-11T19:52:38Z,ORD-900287,taker,4.20
FIL-600630,ACC-2004,ES,BUY,5,5610.75,2026-08-11T19:52:38Z,ORD-900409,maker,10.50
FIL-600631,ACC-2038,GC,BUY,4,2474.60,2026-08-11T19:52:47Z,ORD-903779,taker,8.40
FIL-600632,ACC-2051,MCL,BUY,1,73.78,2026-08-11T19:53:06Z,ORD-904708,taker,0.70
FIL-600633,ACC-2041,MES,SELL,3,5611.50,2026-08-11T19:53:41Z,ORD-904003,maker,2.10
FIL-600634,ACC-2040,GC,SELL,4,2474.50,2026-08-11T19:53:56Z,ORD-903932,taker,8.40
FIL-600635,ACC-2037,MES,SELL,1,5545.50,2026-08-11T19:53:58Z,ORD-903702,taker,0.70
FIL-600636,ACC-2009,MNQ,BUY,3,19743.00,2026-08-11T19:54:12Z,ORD-901018,maker,2.10
FIL-600637,ACC-2001,NQ,SELL,4,19736.25,2026-08-11T19:54:23Z,ORD-900021,taker,8.40
FIL-600638,ACC-2001,NQ,SELL,4,19736.25,2026-08-11T19:54:25Z,ORD-900021,taker,8.40
FIL-600639,ACC-2025,ES,BUY,9,5611.00,2026-08-11T19:54:39Z,ORD-902979,taker,18.90
FIL-600640,ACC-2012,MNQ,SELL,2,19744.00,2026-08-11T19:54:52Z,ORD-901230,taker,1.40
FIL-600641,ACC-2002,NQ,SELL,7,19738.00,2026-08-11T19:54:57Z,ORD-900153,taker,14.70
FIL-600642,ACC-2007,MNQ,BUY,7,19737.00,2026-08-11T19:55:12Z,ORD-900821,maker,4.90
FIL-600643,ACC-2010,MNQ,BUY,3,19737.00,2026-08-11T19:55:23Z,ORD-901083,taker,2.10
FIL-600644,ACC-2024,MNQ,SELL,3,19737.50,2026-08-11T19:55:39Z,ORD-902904,taker,2.10
FIL-600645,ACC-2023,MES,SELL,5,5597.25,2026-08-11T19:59:24Z,ORD-902829,taker,3.50
FIL-600646,ACC-2016,MNQ,SELL,4,19739.00,2026-08-11T19:59:40Z,ORD-902344,taker,2.80
FIL-600647,ACC-2051,MCL,SELL,1,69.60,2026-08-11T20:00:06Z,ORD-904709,taker,0.70
FIL-600648,ACC-2043,6E,SELL,2,1.09785,2026-08-11T20:00:43Z,ORD-904147,taker,4.96
FIL-600649,ACC-2001,NQ,BUY,8,19736.50,2026-08-11T20:02:23Z,ORD-900022,taker,16.80
FIL-600650,ACC-2017,MES,BUY,6,5608.00,2026-08-11T20:02:38Z,ORD-902542,taker,4.20
FIL-600651,ACC-2032,MCL,SELL,3,73.84,2026-08-11T20:03:02Z,ORD-903321,taker,2.10
FIL-600652,ACC-2053,MES,SELL,2,5608.50,2026-08-11T20:03:16Z,ORD-904863,taker,1.40
FIL-600653,ACC-2024,MNQ,BUY,3,19739.25,2026-08-11T20:03:39Z,ORD-902905,maker,2.10
FIL-600654,ACC-2031,6E,SELL,3,1.0982,2026-08-11T20:04:01Z,ORD-903231,maker,7.44
FIL-600655,ACC-2014,MNQ,SELL,5,19738.25,2026-08-11T20:04:20Z,ORD-901912,maker,3.50
FIL-600656,ACC-2005,NQ,SELL,5,19736.00,2026-08-11T20:05:19Z,ORD-900546,maker,10.50
FIL-600657,ACC-2011,MNQ,SELL,2,19737.25,2026-08-11T20:07:10Z,ORD-901156,maker,1.40
FIL-600658,ACC-2004,ES,SELL,10,5609.75,2026-08-11T20:07:37Z,ORD-900410,taker,21.00
FIL-600659,ACC-2002,NQ,BUY,7,19735.00,2026-08-11T20:07:57Z,ORD-900154,taker,14.70
FIL-600660,ACC-2038,GC,SELL,4,2474.70,2026-08-11T20:08:47Z,ORD-903780,taker,8.40
FIL-600661,ACC-2034,GC,SELL,2,2475.70,2026-08-11T20:10:20Z,ORD-903459,taker,4.20
FIL-600662,ACC-2006,MES,SELL,9,5610.25,2026-08-11T20:10:26Z,ORD-900674,maker,6.30
FIL-600663,ACC-2015,MNQ,BUY,2,19735.00,2026-08-11T20:10:38Z,ORD-902128,taker,1.40
FIL-600664,ACC-2044,GC,SELL,1,2475.50,2026-08-11T20:11:08Z,ORD-904219,taker,2.10
FIL-600665,ACC-2035,6E,SELL,2,1.09805,2026-08-11T20:11:29Z,ORD-903536,maker,4.96
FIL-600666,ACC-2035,6E,SELL,2,1.09805,2026-08-11T20:11:30Z,ORD-903536,maker,4.96
FIL-600667,ACC-2003,MES,SELL,6,5592.75,2026-08-11T20:11:38Z,ORD-900288,maker,4.20
FIL-600668,ACC-2008,MES,BUY,2,5615.25,2026-08-11T20:11:41Z,ORD-900948,taker,1.40
FIL-600669,ACC-2010,MNQ,SELL,3,19715.00,2026-08-11T20:13:23Z,ORD-901084,taker,2.10
FIL-600670,ACC-2046,MES,BUY,4,5618.25,2026-08-11T20:14:04Z,ORD-904382,taker,2.80
FIL-600671,ACC-2026,MCL,SELL,4,73.74,2026-08-11T20:14:22Z,ORD-903055,taker,2.80
FIL-600672,ACC-2040,GC,BUY,4,2474.60,2026-08-11T20:14:56Z,ORD-903933,taker,8.40
FIL-600673,ACC-2007,MNQ,SELL,7,19733.75,2026-08-11T20:15:12Z,ORD-900822,taker,4.90
FIL-600674,ACC-2013,MNQ,SELL,5,19737.00,2026-08-11T20:16:19Z,ORD-901396,taker,3.50
FIL-600675,ACC-2036,GC,BUY,3,2476.30,2026-08-12T10:34:08Z,ORD-903609,taker,6.30
FIL-600676,ACC-2038,GC,SELL,2,2476.00,2026-08-12T10:34:29Z,ORD-903781,maker,4.20
FIL-600677,ACC-2044,GC,SELL,2,2476.30,2026-08-12T10:34:39Z,ORD-904220,taker,4.20
FIL-600678,ACC-2030,6E,SELL,1,1.09895,2026-08-12T10:34:40Z,ORD-903134,taker,2.48
FIL-600679,ACC-2050,MNQ,SELL,4,19747.50,2026-08-12T10:34:42Z,ORD-904621,taker,2.80
FIL-600680,ACC-2010,MNQ,BUY,1,19748.00,2026-08-12T10:34:50Z,ORD-901085,maker,0.70
FIL-600681,ACC-2040,6E,SELL,1,1.0989,2026-08-12T10:35:34Z,ORD-903934,taker,2.48
FIL-600682,ACC-2023,MES,SELL,5,5614.75,2026-08-12T10:35:38Z,ORD-902830,maker,3.50
FIL-600683,ACC-2013,MNQ,BUY,3,19747.75,2026-08-12T10:36:07Z,ORD-901397,taker,2.10
FIL-600684,ACC-2051,MCL,BUY,3,73.82,2026-08-12T10:36:13Z,ORD-904710,taker,2.10
FIL-600685,ACC-2015,MNQ,SELL,4,19748.00,2026-08-12T10:36:17Z,ORD-902129,maker,2.80
FIL-600686,ACC-2034,GC,SELL,4,2476.20,2026-08-12T10:36:17Z,ORD-903460,taker,8.40
FIL-600687,ACC-2031,6E,BUY,3,1.099,2026-08-12T10:36:31Z,ORD-903232,taker,7.44
FIL-600688,ACC-2008,MES,SELL,1,5613.50,2026-08-12T10:36:47Z,ORD-900949,maker,0.70
FIL-600689,ACC-2009,MES,BUY,1,5614.75,2026-08-12T10:36:54Z,ORD-901019,maker,0.70
FIL-600690,ACC-2037,6E,BUY,2,1.09865,2026-08-12T10:37:10Z,ORD-903703,maker,4.96
FIL-600691,ACC-2037,6E,BUY,2,1.09865,2026-08-12T10:37:11Z,ORD-903703,maker,4.96
FIL-600692,ACC-2045,MCL,BUY,3,73.78,2026-08-12T10:37:30Z,ORD-904283,taker,2.10
FIL-600693,ACC-2012,MNQ,BUY,3,19748.50,2026-08-12T10:37:34Z,ORD-901231,maker,2.10
FIL-600694,ACC-2046,MNQ,BUY,1,19747.25,2026-08-12T10:37:52Z,ORD-904383,maker,0.70
FIL-600695,ACC-2004,MES,SELL,8,5614.50,2026-08-12T10:37:56Z,ORD-900411,maker,5.60
FIL-600696,ACC-2001,NQ,BUY,10,19749.00,2026-08-12T10:38:47Z,ORD-900023,taker,21.00
FIL-600697,ACC-2014,MNQ,SELL,4,19748.50,2026-08-12T10:39:40Z,ORD-901913,maker,2.80
FIL-600698,ACC-2039,GC,BUY,3,2476.30,2026-08-12T10:39:50Z,ORD-903847,maker,6.30
FIL-600699,ACC-2006,NQ,SELL,2,19747.50,2026-08-12T10:39:57Z,ORD-900675,taker,4.20
FIL-600700,ACC-2024,MNQ,BUY,4,19748.50,2026-08-12T10:39:57Z,ORD-902906,maker,2.80
FIL-600701,ACC-2006,NQ,SELL,2,19747.50,2026-08-12T10:40:01Z,ORD-900675,maker,4.20
FIL-600702,ACC-2042,MES,SELL,1,5614.50,2026-08-12T10:40:13Z,ORD-904072,maker,0.70
FIL-600703,ACC-2026,MCL,BUY,3,73.82,2026-08-12T10:40:34Z,ORD-903056,taker,2.10
FIL-600704,ACC-2033,MNQ,BUY,2,19747.50,2026-08-12T10:40:43Z,ORD-903388,maker,1.40
FIL-600705,ACC-2010,MNQ,SELL,1,19784.75,2026-08-12T10:40:50Z,ORD-901086,maker,0.70
FIL-600706,ACC-2011,MNQ,BUY,3,19747.25,2026-08-12T10:41:07Z,ORD-901157,taker,2.10
FIL-600707,ACC-2034,GC,BUY,4,2475.80,2026-08-12T10:41:17Z,ORD-903461,taker,8.40
FIL-600708,ACC-2053,MES,SELL,3,5613.75,2026-08-12T10:41:33Z,ORD-904864,taker,2.10
FIL-600709,ACC-2025,ES,BUY,12,5615.00,2026-08-12T10:41:43Z,ORD-902980,maker,25.20
FIL-600710,ACC-2048,6E,BUY,2,1.0988,2026-08-12T10:41:43Z,ORD-904463,taker,4.96
FIL-600711,ACC-2035,GC,SELL,3,2476.00,2026-08-12T10:41:52Z,ORD-903537,taker,6.30
FIL-600712,ACC-2016,MNQ,BUY,3,19748.50,2026-08-12T10:42:02Z,ORD-902345,taker,2.10
FIL-600713,ACC-2052,MCL,BUY,3,73.82,2026-08-12T10:42:16Z,ORD-904782,taker,2.10
FIL-600714,ACC-2005,MNQ,BUY,5,19747.50,2026-08-12T10:42:31Z,ORD-900547,taker,3.50
FIL-600715,ACC-2032,MCL,BUY,2,73.85,2026-08-12T10:42:31Z,ORD-903322,taker,1.40
FIL-600716,ACC-2021,MNQ,SELL,3,19747.75,2026-08-12T10:42:33Z,ORD-902738,taker,2.10
FIL-600717,ACC-2043,6E,BUY,1,1.09895,2026-08-12T10:42:33Z,ORD-904148,taker,2.48
FIL-600718,ACC-2003,NQ,SELL,3,19748.00,2026-08-12T10:42:45Z,ORD-900289,taker,6.30
FIL-600719,ACC-2003,NQ,SELL,4,19748.00,2026-08-12T10:42:48Z,ORD-900289,maker,8.40
FIL-600720,ACC-2039,GC,SELL,3,2476.30,2026-08-12T10:42:50Z,ORD-903848,taker,6.30
FIL-600721,ACC-2017,MES,BUY,5,5613.75,2026-08-12T10:42:51Z,ORD-902543,maker,3.50
FIL-600722,ACC-2007,MNQ,SELL,7,19747.25,2026-08-12T10:42:56Z,ORD-900823,maker,4.90
FIL-600723,ACC-2022,MNQ,SELL,3,19748.50,2026-08-12T10:43:06Z,ORD-902742,maker,2.10
FIL-600724,ACC-2002,NQ,BUY,5,19748.75,2026-08-12T10:43:21Z,ORD-900155,maker,10.50
FIL-600725,ACC-2049,GC,BUY,2,2475.90,2026-08-12T10:43:33Z,ORD-904521,maker,4.20
FIL-600726,ACC-2041,MES,BUY,2,5614.00,2026-08-12T10:43:50Z,ORD-904004,maker,1.40
FIL-600727,ACC-2005,MNQ,SELL,5,19808.00,2026-08-12T10:45:31Z,ORD-900548,maker,3.50
FIL-600728,ACC-2031,6E,SELL,3,1.0991,2026-08-12T10:45:31Z,ORD-903233,taker,7.44
FIL-600729,ACC-2040,6E,BUY,1,1.1002,2026-08-12T10:45:34Z,ORD-903935,taker,2.48
FIL-600730,ACC-2022,MNQ,BUY,3,19717.00,2026-08-12T10:46:06Z,ORD-902743,taker,2.10
FIL-600731,ACC-2002,NQ,SELL,5,19746.50,2026-08-12T10:46:21Z,ORD-900156,taker,10.50
FIL-600732,ACC-2026,MCL,SELL,3,73.07,2026-08-12T10:46:34Z,ORD-903057,taker,2.10
FIL-600733,ACC-2024,MNQ,SELL,4,19733.00,2026-08-12T10:46:57Z,ORD-902907,taker,2.80
FIL-600734,ACC-2043,6E,SELL,1,1.09985,2026-08-12T10:47:33Z,ORD-904149,taker,2.48
FIL-600735,ACC-2017,MES,SELL,2,5620.00,2026-08-12T10:47:51Z,ORD-902544,taker,1.40
FIL-600736,ACC-2017,MES,SELL,3,5620.00,2026-08-12T10:47:55Z,ORD-902544,taker,2.10
FIL-600737,ACC-2004,MES,BUY,8,5624.75,2026-08-12T10:48:56Z,ORD-900412,taker,5.60
FIL-600738,ACC-2030,6E,BUY,1,1.0981,2026-08-12T10:49:40Z,ORD-903135,taker,2.48
FIL-600739,ACC-2025,ES,SELL,12,5615.25,2026-08-12T10:49:43Z,ORD-902981,maker,25.20
FIL-600740,ACC-2003,NQ,BUY,7,19746.25,2026-08-12T10:49:45Z,ORD-900290,maker,14.70
FIL-600741,ACC-2001,NQ,SELL,10,19748.25,2026-08-12T10:49:47Z,ORD-900024,maker,21.00
FIL-600742,ACC-2016,MNQ,SELL,3,19749.25,2026-08-12T10:51:02Z,ORD-902346,maker,2.10
FIL-600743,ACC-2050,MNQ,BUY,4,19748.50,2026-08-12T10:51:42Z,ORD-904622,maker,2.80
FIL-600744,ACC-2011,MNQ,SELL,3,19752.75,2026-08-12T10:52:07Z,ORD-901158,taker,2.10
FIL-600745,ACC-2045,MCL,SELL,3,73.04,2026-08-12T10:52:30Z,ORD-904284,taker,2.10
FIL-600746,ACC-2009,MES,SELL,1,5606.50,2026-08-12T10:52:54Z,ORD-901020,taker,0.70
FIL-600747,ACC-2006,NQ,BUY,4,19744.75,2026-08-12T10:52:57Z,ORD-900676,taker,8.40
FIL-600748,ACC-2014,MNQ,BUY,4,19748.50,2026-08-12T10:53:40Z,ORD-901914,taker,2.80
FIL-600749,ACC-2013,MNQ,SELL,3,19748.50,2026-08-12T10:54:07Z,ORD-901398,taker,2.10
FIL-600750,ACC-2037,6E,SELL,4,1.09885,2026-08-12T10:54:10Z,ORD-903704,taker,9.92
FIL-600751,ACC-2044,GC,BUY,2,2475.40,2026-08-12T10:54:39Z,ORD-904221,taker,4.20
FIL-600752,ACC-2048,6E,SELL,2,1.09915,2026-08-12T10:54:43Z,ORD-904464,maker,4.96
FIL-600753,ACC-2052,MCL,SELL,3,74.03,2026-08-12T10:56:16Z,ORD-904783,taker,2.10
FIL-600754,ACC-2046,MNQ,SELL,1,19786.50,2026-08-12T10:56:52Z,ORD-904384,taker,0.70
FIL-600755,ACC-2007,MNQ,BUY,7,19739.00,2026-08-12T10:56:56Z,ORD-900824,maker,4.90
FIL-600756,ACC-2012,MNQ,SELL,3,19746.50,2026-08-12T10:57:34Z,ORD-901232,taker,2.10
FIL-600757,ACC-2008,MES,BUY,1,5586.75,2026-08-12T10:57:47Z,ORD-900950,maker,0.70
FIL-600758,ACC-2035,GC,BUY,3,2476.00,2026-08-12T10:59:52Z,ORD-903538,taker,6.30
FIL-600759,ACC-2042,MES,BUY,1,5609.50,2026-08-12T11:00:13Z,ORD-904073,taker,0.70
FIL-600760,ACC-2038,GC,BUY,2,2476.00,2026-08-12T11:00:29Z,ORD-903782,taker,4.20
FIL-600761,ACC-2036,GC,SELL,3,2476.30,2026-08-12T11:01:08Z,ORD-903610,taker,6.30
FIL-600762,ACC-2023,MES,BUY,5,5615.00,2026-08-12T11:01:38Z,ORD-902831,maker,3.50
FIL-600763,ACC-2033,MNQ,SELL,2,19719.00,2026-08-12T11:01:43Z,ORD-903389,taker,1.40
FIL-600764,ACC-2013,MNQ,SELL,2,19749.00,2026-08-12T11:01:47Z,ORD-901399,taker,1.40
FIL-600765,ACC-2051,MCL,SELL,3,74.96,2026-08-12T11:03:13Z,ORD-904711,taker,2.10
FIL-600766,ACC-2015,MNQ,BUY,4,19747.75,2026-08-12T11:04:17Z,ORD-902130,maker,2.80
FIL-600767,ACC-2049,GC,SELL,2,2475.80,2026-08-12T11:05:33Z,ORD-904522,taker,4.20
FIL-600768,ACC-2032,MCL,SELL,2,73.95,2026-08-12T11:07:31Z,ORD-903323,maker,1.40
FIL-600769,ACC-2053,MES,BUY,3,5609.75,2026-08-12T11:08:33Z,ORD-904865,taker,2.10
FIL-600770,ACC-2041,MES,SELL,2,5619.25,2026-08-12T11:09:50Z,ORD-904005,taker,1.40
FIL-600771,ACC-2021,MNQ,BUY,3,19759.25,2026-08-12T11:10:33Z,ORD-902739,taker,2.10
FIL-600772,ACC-2013,MNQ,BUY,2,19748.00,2026-08-12T11:16:47Z,ORD-901400,taker,1.40
FIL-600773,ACC-2013,MNQ,BUY,5,19747.25,2026-08-12T11:23:28Z,ORD-901401,taker,3.50
FIL-600774,ACC-2013,MNQ,SELL,5,19747.50,2026-08-12T11:29:28Z,ORD-901402,maker,3.50
FIL-600775,ACC-2014,MNQ,SELL,5,19747.25,2026-08-12T11:45:50Z,ORD-901915,taker,3.50
FIL-600776,ACC-2013,MNQ,SELL,3,19748.25,2026-08-12T11:46:28Z,ORD-901403,maker,2.10
FIL-600777,ACC-2016,MNQ,BUY,2,19748.50,2026-08-12T11:47:26Z,ORD-902347,taker,1.40
FIL-600778,ACC-2015,MNQ,BUY,3,19747.25,2026-08-12T11:51:29Z,ORD-902131,taker,2.10
FIL-600779,ACC-2015,MNQ,SELL,3,19748.00,2026-08-12T11:53:29Z,ORD-902132,taker,2.10
FIL-600780,ACC-2013,MNQ,BUY,3,19747.75,2026-08-12T12:01:28Z,ORD-901404,maker,2.10
FIL-600781,ACC-2014,MNQ,BUY,2,19747.25,2026-08-12T12:11:50Z,ORD-901916,taker,1.40
FIL-600782,ACC-2014,MNQ,BUY,3,19747.25,2026-08-12T12:11:53Z,ORD-901916,taker,2.10
FIL-600783,ACC-2001,NQ,BUY,5,19748.75,2026-08-12T12:13:34Z,ORD-900025,taker,10.50
FIL-600784,ACC-2013,MNQ,SELL,2,19747.50,2026-08-12T12:14:53Z,ORD-901405,maker,1.40
FIL-600785,ACC-2013,MNQ,SELL,2,19747.50,2026-08-12T12:14:54Z,ORD-901405,taker,1.40
FIL-600786,ACC-2016,MNQ,SELL,2,19750.25,2026-08-12T12:15:26Z,ORD-902348,maker,1.40
FIL-600787,ACC-2013,MNQ,BUY,4,19747.00,2026-08-12T12:20:53Z,ORD-901406,taker,2.80
FIL-600788,ACC-2007,MNQ,BUY,3,19747.50,2026-08-12T12:27:18Z,ORD-900825,taker,2.10
FIL-600789,ACC-2007,MNQ,BUY,3,19747.50,2026-08-12T12:27:20Z,ORD-900825,taker,2.10
FIL-600790,ACC-2013,MNQ,SELL,5,19748.50,2026-08-12T12:34:06Z,ORD-901407,maker,3.50
FIL-600791,ACC-2007,MNQ,SELL,6,19759.25,2026-08-12T12:38:18Z,ORD-900826,maker,4.20
FIL-600792,ACC-2001,NQ,SELL,5,19745.25,2026-08-12T12:38:34Z,ORD-900026,taker,10.50
FIL-600793,ACC-2036,GC,SELL,3,2475.90,2026-08-12T12:52:36Z,ORD-903611,taker,6.30
FIL-600794,ACC-2014,MNQ,BUY,5,19747.25,2026-08-12T12:53:36Z,ORD-901917,taker,3.50
FIL-600795,ACC-2041,MES,SELL,4,5614.00,2026-08-12T12:54:06Z,ORD-904006,taker,2.80
FIL-600796,ACC-2052,MCL,BUY,4,73.85,2026-08-12T12:57:02Z,ORD-904784,taker,2.80
FIL-600797,ACC-2002,NQ,BUY,8,19748.50,2026-08-12T12:57:17Z,ORD-900157,taker,16.80
FIL-600798,ACC-2031,6E,BUY,4,1.09875,2026-08-12T12:57:18Z,ORD-903234,maker,9.92
FIL-600799,ACC-2013,MNQ,BUY,5,19748.00,2026-08-12T12:58:06Z,ORD-901408,taker,3.50
FIL-600800,ACC-2037,6E,BUY,4,1.09865,2026-08-12T12:58:20Z,ORD-903705,taker,9.92
FIL-600801,ACC-2046,MNQ,SELL,1,19748.00,2026-08-12T12:58:33Z,ORD-904385,taker,0.70
FIL-600802,ACC-2035,GC,SELL,2,2476.00,2026-08-12T13:00:20Z,ORD-903539,taker,4.20
FIL-600803,ACC-2017,MES,BUY,7,5613.75,2026-08-12T13:00:43Z,ORD-902545,maker,4.90
FIL-600804,ACC-2013,MNQ,SELL,2,19747.50,2026-08-12T13:00:59Z,ORD-901409,taker,1.40
FIL-600805,ACC-2041,MES,BUY,4,5610.50,2026-08-12T13:01:06Z,ORD-904007,maker,2.80
FIL-600806,ACC-2015,MNQ,SELL,2,19748.25,2026-08-12T13:01:30Z,ORD-902133,taker,1.40
FIL-600807,ACC-2039,GC,BUY,2,2476.00,2026-08-12T13:01:34Z,ORD-903849,taker,4.20
FIL-600808,ACC-2016,MNQ,SELL,4,19748.50,2026-08-12T13:01:54Z,ORD-902349,taker,2.80
FIL-600809,ACC-2046,MNQ,BUY,1,19711.00,2026-08-12T13:02:33Z,ORD-904386,taker,0.70
FIL-600810,ACC-2002,NQ,SELL,8,19747.00,2026-08-12T13:04:17Z,ORD-900158,taker,16.80
FIL-600811,ACC-2017,MES,SELL,7,5619.00,2026-08-12T13:05:43Z,ORD-902546,taker,4.90
FIL-600812,ACC-2031,6E,SELL,4,1.09895,2026-08-12T13:08:18Z,ORD-903235,maker,9.92
FIL-600813,ACC-2035,GC,BUY,2,2476.00,2026-08-12T13:11:20Z,ORD-903540,taker,4.20
FIL-600814,ACC-2039,GC,SELL,2,2476.00,2026-08-12T13:12:34Z,ORD-903850,maker,4.20
FIL-600815,ACC-2052,MCL,SELL,4,74.10,2026-08-12T13:14:02Z,ORD-904785,taker,2.80
FIL-600816,ACC-2014,MNQ,SELL,5,19747.25,2026-08-12T13:15:36Z,ORD-901918,maker,3.50
FIL-600817,ACC-2036,GC,BUY,3,2475.90,2026-08-12T13:16:36Z,ORD-903612,taker,6.30
FIL-600818,ACC-2013,MNQ,BUY,2,19746.75,2026-08-12T13:16:59Z,ORD-901410,taker,1.40
FIL-600819,ACC-2037,6E,SELL,4,1.0988,2026-08-12T13:19:20Z,ORD-903706,taker,9.92
FIL-600820,ACC-2013,MNQ,BUY,3,19748.25,2026-08-12T13:26:29Z,ORD-901411,maker,2.10
FIL-600821,ACC-2016,MNQ,BUY,4,19747.50,2026-08-12T13:27:54Z,ORD-902350,maker,2.80
FIL-600822,ACC-2015,MNQ,BUY,2,19747.50,2026-08-12T13:28:30Z,ORD-902134,taker,1.40
FIL-600823,ACC-2013,MNQ,SELL,3,19748.75,2026-08-12T13:38:29Z,ORD-901412,taker,2.10
FIL-600824,ACC-2032,MCL,BUY,3,73.82,2026-08-12T13:39:58Z,ORD-903324,taker,2.10
FIL-600825,ACC-2006,NQ,SELL,8,19748.50,2026-08-12T13:41:01Z,ORD-900677,maker,16.80
FIL-600826,ACC-2030,6E,SELL,4,1.09885,2026-08-12T13:41:50Z,ORD-903136,taker,9.92
FIL-600827,ACC-2012,MNQ,SELL,1,19748.25,2026-08-12T13:42:11Z,ORD-901233,maker,0.70
FIL-600828,ACC-2050,MNQ,SELL,3,19748.50,2026-08-12T13:43:04Z,ORD-904623,taker,2.10
FIL-600829,ACC-2005,MNQ,SELL,4,19747.75,2026-08-12T13:43:21Z,ORD-900549,taker,2.80
FIL-600830,ACC-2003,NQ,BUY,7,19748.50,2026-08-12T13:43:25Z,ORD-900291,taker,14.70
FIL-600831,ACC-2004,MES,BUY,5,5614.00,2026-08-12T13:44:25Z,ORD-900413,maker,3.50
FIL-600832,ACC-2013,MNQ,BUY,3,19748.50,2026-08-12T13:47:19Z,ORD-901413,taker,2.10
FIL-600833,ACC-2001,NQ,BUY,6,19748.25,2026-08-12T13:47:30Z,ORD-900027,maker,12.60
FIL-600834,ACC-2003,NQ,SELL,7,19750.25,2026-08-12T13:50:25Z,ORD-900292,maker,14.70
FIL-600835,ACC-2013,MNQ,SELL,3,19749.00,2026-08-12T13:53:19Z,ORD-901414,taker,2.10
FIL-600836,ACC-2005,MNQ,BUY,2,19651.50,2026-08-12T13:55:21Z,ORD-900550,taker,1.40
FIL-600837,ACC-2005,MNQ,BUY,2,19651.50,2026-08-12T13:55:24Z,ORD-900550,taker,1.40
FIL-600838,ACC-2030,6E,BUY,4,1.0985,2026-08-12T13:55:50Z,ORD-903137,maker,9.92
FIL-600839,ACC-2050,MNQ,BUY,3,19750.25,2026-08-12T13:56:04Z,ORD-904624,taker,2.10
FIL-600840,ACC-2032,MCL,SELL,3,73.87,2026-08-12T13:57:58Z,ORD-903325,taker,2.10
FIL-600841,ACC-2006,NQ,BUY,8,19747.25,2026-08-12T13:58:01Z,ORD-900678,maker,16.80
FIL-600842,ACC-2012,MNQ,BUY,1,19757.00,2026-08-12T13:58:11Z,ORD-901234,taker,0.70
FIL-600843,ACC-2015,MNQ,SELL,3,19748.25,2026-08-12T14:02:27Z,ORD-902135,taker,2.10
FIL-600844,ACC-2016,MNQ,SELL,5,19747.75,2026-08-12T14:05:50Z,ORD-902351,maker,3.50
FIL-600845,ACC-2004,MES,SELL,5,5593.75,2026-08-12T14:06:25Z,ORD-900414,taker,3.50
FIL-600846,ACC-2015,MNQ,BUY,3,19748.00,2026-08-12T14:07:27Z,ORD-902136,taker,2.10
FIL-600847,ACC-2014,MNQ,SELL,3,19748.25,2026-08-12T14:09:13Z,ORD-901919,maker,2.10
FIL-600848,ACC-2013,MNQ,SELL,2,19747.25,2026-08-12T14:11:25Z,ORD-901415,taker,1.40
FIL-600849,ACC-2001,NQ,SELL,6,19745.75,2026-08-12T14:13:30Z,ORD-900028,taker,12.60
FIL-600850,ACC-2007,MNQ,BUY,10,19747.25,2026-08-12T14:19:30Z,ORD-900827,taker,7.00
FIL-600851,ACC-2014,MNQ,BUY,3,19748.25,2026-08-12T14:20:13Z,ORD-901920,taker,2.10
FIL-600852,ACC-2016,MNQ,BUY,5,19747.25,2026-08-12T14:25:50Z,ORD-902352,maker,3.50
FIL-600853,ACC-2013,MNQ,BUY,2,19746.75,2026-08-12T14:34:25Z,ORD-901416,maker,1.40
FIL-600854,ACC-2013,MNQ,BUY,2,19749.00,2026-08-12T14:41:06Z,ORD-901417,taker,1.40
FIL-600855,ACC-2013,MNQ,BUY,2,19749.00,2026-08-12T14:41:08Z,ORD-901417,taker,1.40
FIL-600856,ACC-2007,MNQ,SELL,10,19754.25,2026-08-12T14:43:30Z,ORD-900828,taker,7.00
FIL-600857,ACC-2013,MNQ,SELL,4,19749.50,2026-08-12T14:55:06Z,ORD-901418,maker,2.80
FIL-600858,ACC-2013,MNQ,BUY,3,19747.75,2026-08-12T15:00:14Z,ORD-901419,taker,2.10
FIL-600859,ACC-2038,GC,BUY,4,2475.80,2026-08-12T15:10:09Z,ORD-903783,taker,8.40
FIL-600860,ACC-2014,MNQ,BUY,2,19748.25,2026-08-12T15:10:32Z,ORD-901921,taker,1.40
FIL-600861,ACC-2046,MNQ,BUY,3,19747.00,2026-08-12T15:10:38Z,ORD-904387,taker,2.10
FIL-600862,ACC-2035,GC,BUY,2,2475.80,2026-08-12T15:10:56Z,ORD-903541,taker,4.20
FIL-600863,ACC-2033,MNQ,SELL,1,19749.00,2026-08-12T15:11:33Z,ORD-903390,taker,0.70
FIL-600864,ACC-2034,GC,SELL,1,2475.70,2026-08-12T15:11:40Z,ORD-903462,taker,2.10
FIL-600865,ACC-2015,MNQ,BUY,2,19747.75,2026-08-12T15:11:41Z,ORD-902137,maker,1.40
FIL-600866,ACC-2002,NQ,BUY,5,19748.50,2026-08-12T15:12:02Z,ORD-900159,maker,10.50
FIL-600867,ACC-2008,MES,SELL,3,5613.75,2026-08-12T15:12:05Z,ORD-900951,taker,2.10
FIL-600868,ACC-2002,NQ,BUY,5,19748.50,2026-08-12T15:12:06Z,ORD-900159,taker,10.50
FIL-600869,ACC-2036,GC,SELL,1,2476.10,2026-08-12T15:12:09Z,ORD-903613,taker,2.10
FIL-600870,ACC-2041,MES,BUY,2,5613.75,2026-08-12T15:13:11Z,ORD-904008,taker,1.40
FIL-600871,ACC-2052,MCL,SELL,3,73.82,2026-08-12T15:14:23Z,ORD-904786,maker,2.10
FIL-600872,ACC-2039,GC,BUY,3,2476.00,2026-08-12T15:14:47Z,ORD-903851,taker,6.30
FIL-600873,ACC-2031,6E,SELL,4,1.0987,2026-08-12T15:15:05Z,ORD-903236,taker,9.92
FIL-600874,ACC-2001,NQ,BUY,7,19748.25,2026-08-12T15:15:29Z,ORD-900029,maker,14.70
FIL-600875,ACC-2037,6E,SELL,4,1.09865,2026-08-12T15:15:46Z,ORD-903707,taker,9.92
FIL-600876,ACC-2048,6E,SELL,2,1.09895,2026-08-12T15:16:44Z,ORD-904465,taker,4.96
FIL-600877,ACC-2017,MES,BUY,6,5614.00,2026-08-12T15:16:56Z,ORD-902547,taker,4.20
FIL-600878,ACC-2040,6E,BUY,2,1.09895,2026-08-12T15:17:02Z,ORD-903936,taker,4.96
FIL-600879,ACC-2040,6E,BUY,2,1.09895,2026-08-12T15:17:05Z,ORD-903936,taker,4.96
FIL-600880,ACC-2024,MNQ,BUY,2,19748.75,2026-08-12T15:17:09Z,ORD-902908,taker,1.40
FIL-600881,ACC-2024,MNQ,BUY,2,19748.75,2026-08-12T15:17:11Z,ORD-902908,taker,1.40
FIL-600882,ACC-2049,GC,SELL,1,2476.30,2026-08-12T15:17:13Z,ORD-904523,maker,2.10
FIL-600883,ACC-2015,MNQ,SELL,2,19748.50,2026-08-12T15:17:41Z,ORD-902138,taker,1.40
FIL-600884,ACC-2008,MES,BUY,3,5609.25,2026-08-12T15:18:05Z,ORD-900952,maker,2.10
FIL-600885,ACC-2026,MCL,SELL,5,73.79,2026-08-12T15:18:13Z,ORD-903058,maker,3.50
FIL-600886,ACC-2023,MES,BUY,3,5614.50,2026-08-12T15:18:14Z,ORD-902832,maker,2.10
FIL-600887,ACC-2025,ES,BUY,6,5614.25,2026-08-12T15:19:03Z,ORD-902982,maker,12.60
FIL-600888,ACC-2016,MNQ,SELL,4,19748.00,2026-08-12T15:19:35Z,ORD-902353,taker,2.80
FIL-600889,ACC-2038,GC,SELL,4,2475.80,2026-08-12T15:22:09Z,ORD-903784,taker,8.40
FIL-600890,ACC-2014,MNQ,SELL,2,19748.25,2026-08-12T15:22:32Z,ORD-901922,taker,1.40
FIL-600891,ACC-2048,6E,BUY,2,1.09855,2026-08-12T15:22:44Z,ORD-904466,taker,4.96
FIL-600892,ACC-2039,GC,SELL,3,2476.00,2026-08-12T15:22:47Z,ORD-903852,taker,6.30
FIL-600893,ACC-2035,GC,SELL,2,2475.90,2026-08-12T15:22:56Z,ORD-903542,taker,4.20
FIL-600894,ACC-2023,MES,SELL,3,5613.75,2026-08-12T15:23:14Z,ORD-902833,taker,2.10
FIL-600895,ACC-2040,6E,SELL,4,1.09835,2026-08-12T15:24:02Z,ORD-903937,maker,9.92
FIL-600896,ACC-2025,ES,SELL,6,5615.00,2026-08-12T15:24:03Z,ORD-902983,maker,12.60
FIL-600897,ACC-2052,MCL,BUY,3,73.39,2026-08-12T15:25:23Z,ORD-904787,taker,2.10
FIL-600898,ACC-2002,NQ,SELL,10,19747.25,2026-08-12T15:27:02Z,ORD-900160,maker,21.00
FIL-600899,ACC-2001,NQ,SELL,7,19746.25,2026-08-12T15:27:29Z,ORD-900030,taker,14.70
FIL-600900,ACC-2049,GC,BUY,1,2476.50,2026-08-12T15:28:13Z,ORD-904524,taker,2.10
FIL-600901,ACC-2013,MNQ,SELL,3,19748.00,2026-08-12T15:28:14Z,ORD-901420,maker,2.10
FIL-600902,ACC-2013,MNQ,SELL,2,19747.25,2026-08-12T15:29:10Z,ORD-901421,taker,1.40
FIL-600903,ACC-2034,GC,BUY,1,2474.50,2026-08-12T15:29:40Z,ORD-903463,taker,2.10
FIL-600904,ACC-2041,MES,SELL,2,5620.00,2026-08-12T15:32:11Z,ORD-904009,taker,1.40
FIL-600905,ACC-2026,MCL,BUY,2,73.99,2026-08-12T15:32:13Z,ORD-903059,maker,1.40
FIL-600906,ACC-2026,MCL,BUY,3,73.99,2026-08-12T15:32:16Z,ORD-903059,taker,2.10
FIL-600907,ACC-2033,MNQ,BUY,1,19824.25,2026-08-12T15:32:33Z,ORD-903391,taker,0.70
FIL-600908,ACC-2036,GC,BUY,1,2476.10,2026-08-12T15:33:09Z,ORD-903614,taker,2.10
FIL-600909,ACC-2046,MNQ,SELL,3,19755.75,2026-08-12T15:33:38Z,ORD-904388,maker,2.10
FIL-600910,ACC-2024,MNQ,SELL,4,19735.50,2026-08-12T15:34:09Z,ORD-902909,taker,2.80
FIL-600911,ACC-2031,6E,BUY,4,1.0985,2026-08-12T15:37:05Z,ORD-903237,taker,9.92
FIL-600912,ACC-2013,MNQ,BUY,2,19746.75,2026-08-12T15:38:10Z,ORD-901422,taker,1.40
FIL-600913,ACC-2017,MES,SELL,6,5618.25,2026-08-12T15:38:56Z,ORD-902548,maker,4.20
FIL-600914,ACC-2037,6E,BUY,4,1.0983,2026-08-12T15:41:46Z,ORD-903708,maker,9.92
FIL-600915,ACC-2016,MNQ,BUY,4,19747.25,2026-08-12T15:46:35Z,ORD-902354,taker,2.80
FIL-600916,ACC-2013,MNQ,BUY,5,19748.50,2026-08-12T15:55:05Z,ORD-901423,taker,3.50
FIL-600917,ACC-2013,MNQ,SELL,5,19748.75,2026-08-12T15:59:05Z,ORD-901424,maker,3.50
FIL-600918,ACC-2013,MNQ,BUY,2,19749.00,2026-08-12T16:12:47Z,ORD-901425,taker,1.40
FIL-600919,ACC-2007,MNQ,BUY,8,19748.50,2026-08-12T16:13:44Z,ORD-900829,taker,5.60
FIL-600920,ACC-2016,MNQ,BUY,4,19747.75,2026-08-12T16:22:15Z,ORD-902355,taker,2.80
FIL-600921,ACC-2015,MNQ,SELL,2,19747.25,2026-08-12T16:27:46Z,ORD-902139,maker,1.40
FIL-600922,ACC-2014,MNQ,BUY,2,19748.00,2026-08-12T16:28:18Z,ORD-901923,taker,1.40
FIL-600923,ACC-2013,MNQ,SELL,2,19749.75,2026-08-12T16:30:47Z,ORD-901426,taker,1.40
FIL-600924,ACC-2013,MNQ,BUY,2,19747.00,2026-08-12T16:38:11Z,ORD-901427,taker,1.40
FIL-600925,ACC-2016,MNQ,SELL,4,19748.75,2026-08-12T16:38:15Z,ORD-902356,taker,2.80
FIL-600926,ACC-2007,MNQ,SELL,8,19754.50,2026-08-12T16:41:44Z,ORD-900830,taker,5.60
FIL-600927,ACC-2003,NQ,BUY,8,19747.75,2026-08-12T16:42:59Z,ORD-900293,taker,16.80
FIL-600928,ACC-2013,MNQ,SELL,2,19747.75,2026-08-12T16:44:11Z,ORD-901428,taker,1.40
FIL-600929,ACC-2005,MNQ,BUY,4,19748.75,2026-08-12T16:45:03Z,ORD-900551,taker,2.80
FIL-600930,ACC-2012,MNQ,BUY,3,19747.50,2026-08-12T16:47:04Z,ORD-901235,taker,2.10
FIL-600931,ACC-2006,NQ,SELL,6,19747.25,2026-08-12T16:47:45Z,ORD-900679,taker,12.60
FIL-600932,ACC-2032,MCL,SELL,1,73.79,2026-08-12T16:48:25Z,ORD-903326,taker,0.70
FIL-600933,ACC-2014,MNQ,SELL,2,19748.00,2026-08-12T16:49:18Z,ORD-901924,taker,1.40
FIL-600934,ACC-2001,NQ,SELL,10,19747.25,2026-08-12T16:49:52Z,ORD-900031,maker,21.00
FIL-600935,ACC-2030,6E,BUY,4,1.09885,2026-08-12T16:50:31Z,ORD-903138,taker,9.92
FIL-600936,ACC-2004,MES,SELL,10,5615.00,2026-08-12T16:51:02Z,ORD-900415,maker,7.00
FIL-600937,ACC-2050,MNQ,SELL,3,19747.25,2026-08-12T16:51:32Z,ORD-904625,taker,2.10
FIL-600938,ACC-2003,NQ,SELL,8,19749.25,2026-08-12T16:51:59Z,ORD-900294,taker,16.80
FIL-600939,ACC-2032,MCL,BUY,1,73.69,2026-08-12T16:53:25Z,ORD-903327,maker,0.70
FIL-600940,ACC-2015,MNQ,BUY,2,19746.50,2026-08-12T16:55:46Z,ORD-902140,taker,1.40
FIL-600941,ACC-2001,NQ,BUY,10,19748.50,2026-08-12T16:57:52Z,ORD-900032,taker,21.00
FIL-600942,ACC-2013,MNQ,BUY,3,19747.25,2026-08-12T17:00:20Z,ORD-901429,taker,2.10
FIL-600943,ACC-2013,MNQ,SELL,3,19747.75,2026-08-12T17:02:20Z,ORD-901430,taker,2.10
FIL-600944,ACC-2006,NQ,BUY,6,19744.50,2026-08-12T17:02:45Z,ORD-900680,taker,12.60
FIL-600945,ACC-2004,MES,BUY,10,5629.00,2026-08-12T17:03:02Z,ORD-900416,taker,7.00
FIL-600946,ACC-2012,MNQ,SELL,3,19744.50,2026-08-12T17:03:04Z,ORD-901236,taker,2.10
FIL-600947,ACC-2005,MNQ,SELL,4,19896.75,2026-08-12T17:11:03Z,ORD-900552,taker,2.80
FIL-600948,ACC-2050,MNQ,BUY,3,19748.75,2026-08-12T17:13:32Z,ORD-904626,taker,2.10
FIL-600949,ACC-2030,6E,SELL,4,1.0991,2026-08-12T17:17:31Z,ORD-903139,taker,9.92
FIL-600950,ACC-2013,MNQ,SELL,3,19747.50,2026-08-12T17:22:33Z,ORD-901431,maker,2.10
FIL-600951,ACC-2039,GC,SELL,4,2475.70,2026-08-12T17:28:10Z,ORD-903853,maker,8.40
FIL-600952,ACC-2041,MES,BUY,3,5615.25,2026-08-12T17:28:44Z,ORD-904010,maker,2.10
FIL-600953,ACC-2031,6E,SELL,1,1.0987,2026-08-12T17:30:58Z,ORD-903238,taker,2.48
FIL-600954,ACC-2015,MNQ,BUY,2,19747.50,2026-08-12T17:33:06Z,ORD-902141,maker,1.40
FIL-600955,ACC-2046,MNQ,BUY,2,19748.25,2026-08-12T17:33:08Z,ORD-904389,maker,1.40
FIL-600956,ACC-2052,MCL,SELL,2,73.85,2026-08-12T17:33:18Z,ORD-904788,taker,1.40
FIL-600957,ACC-2035,GC,BUY,1,2476.20,2026-08-12T17:33:57Z,ORD-903543,taker,2.10
FIL-600958,ACC-2017,MES,BUY,6,5615.25,2026-08-12T17:34:51Z,ORD-902549,maker,4.20
FIL-600959,ACC-2015,MNQ,SELL,2,19748.25,2026-08-12T17:35:06Z,ORD-902142,taker,1.40
FIL-600960,ACC-2037,6E,BUY,1,1.099,2026-08-12T17:35:18Z,ORD-903709,taker,2.48
FIL-600961,ACC-2036,GC,BUY,4,2475.80,2026-08-12T17:36:36Z,ORD-903615,taker,8.40
FIL-600962,ACC-2016,MNQ,BUY,2,19747.75,2026-08-12T17:36:53Z,ORD-902357,taker,1.40
FIL-600963,ACC-2016,MNQ,BUY,2,19747.75,2026-08-12T17:36:55Z,ORD-902357,taker,1.40
FIL-600964,ACC-2002,NQ,SELL,4,19747.25,2026-08-12T17:37:02Z,ORD-900161,taker,8.40
FIL-600965,ACC-2014,MNQ,BUY,5,19747.50,2026-08-12T17:37:07Z,ORD-901925,taker,3.50
FIL-600966,ACC-2014,MNQ,SELL,5,19747.50,2026-08-12T17:42:07Z,ORD-901926,taker,3.50
FIL-600967,ACC-2046,MNQ,SELL,2,19762.75,2026-08-12T17:43:08Z,ORD-904390,taker,1.40
FIL-600968,ACC-2037,6E,SELL,1,1.1003,2026-08-12T17:46:18Z,ORD-903710,taker,2.48
FIL-600969,ACC-2036,GC,SELL,4,2475.80,2026-08-12T17:47:36Z,ORD-903616,maker,8.40
FIL-600970,ACC-2052,MCL,BUY,2,73.26,2026-08-12T17:50:18Z,ORD-904789,taker,1.40
FIL-600971,ACC-2013,MNQ,BUY,3,19747.00,2026-08-12T17:50:33Z,ORD-901432,taker,2.10
FIL-600972,ACC-2041,MES,SELL,3,5619.00,2026-08-12T17:51:44Z,ORD-904011,taker,2.10
FIL-600973,ACC-2013,MNQ,BUY,4,19748.75,2026-08-12T17:51:49Z,ORD-901433,maker,2.80
FIL-600974,ACC-2035,GC,SELL,1,2476.30,2026-08-12T17:51:57Z,ORD-903544,maker,2.10
FIL-600975,ACC-2016,MNQ,SELL,4,19748.50,2026-08-12T17:52:53Z,ORD-902358,taker,2.80
FIL-600976,ACC-2039,GC,BUY,4,2475.70,2026-08-12T17:53:10Z,ORD-903854,taker,8.40
FIL-600977,ACC-2013,MNQ,SELL,4,19749.25,2026-08-12T17:55:49Z,ORD-901434,taker,2.80
FIL-600978,ACC-2002,NQ,BUY,4,19749.00,2026-08-12T17:56:02Z,ORD-900162,taker,8.40
FIL-600979,ACC-2007,MNQ,BUY,9,19748.75,2026-08-12T17:56:36Z,ORD-900831,maker,6.30
FIL-600980,ACC-2017,MES,SELL,3,5621.50,2026-08-12T17:56:51Z,ORD-902550,maker,2.10
FIL-600981,ACC-2017,MES,SELL,3,5621.50,2026-08-12T17:56:55Z,ORD-902550,taker,2.10
FIL-600982,ACC-2031,6E,BUY,1,1.0983,2026-08-12T17:57:58Z,ORD-903239,maker,2.48
FIL-600983,ACC-2007,MNQ,SELL,9,19755.00,2026-08-12T18:05:36Z,ORD-900832,maker,6.30
FIL-600984,ACC-2013,MNQ,SELL,2,19749.00,2026-08-12T18:14:08Z,ORD-901435,maker,1.40
FIL-600985,ACC-2013,MNQ,SELL,3,19749.00,2026-08-12T18:14:12Z,ORD-901435,taker,2.10
FIL-600986,ACC-2001,NQ,BUY,10,19748.50,2026-08-12T18:21:40Z,ORD-900033,maker,21.00
FIL-600987,ACC-2013,MNQ,BUY,5,19748.75,2026-08-12T18:37:08Z,ORD-901436,taker,3.50
FIL-600988,ACC-2013,MNQ,BUY,3,19748.75,2026-08-12T18:37:45Z,ORD-901437,taker,2.10
FIL-600989,ACC-2016,MNQ,SELL,4,19748.25,2026-08-12T18:38:41Z,ORD-902359,taker,2.80
FIL-600990,ACC-2001,NQ,SELL,10,19746.75,2026-08-12T18:43:40Z,ORD-900034,taker,21.00
FIL-600991,ACC-2013,MNQ,SELL,3,19749.00,2026-08-12T18:43:45Z,ORD-901438,taker,2.10
FIL-600992,ACC-2014,MNQ,BUY,5,19747.50,2026-08-12T18:43:56Z,ORD-901927,maker,3.50
FIL-600993,ACC-2015,MNQ,SELL,5,19748.50,2026-08-12T18:44:17Z,ORD-902143,taker,3.50
FIL-600994,ACC-2016,MNQ,BUY,4,19747.25,2026-08-12T18:52:41Z,ORD-902360,maker,2.80
FIL-600995,ACC-2014,MNQ,SELL,5,19747.50,2026-08-12T18:55:56Z,ORD-901928,maker,3.50
FIL-600996,ACC-2013,MNQ,BUY,4,19748.75,2026-08-12T19:00:03Z,ORD-901439,taker,2.80
FIL-600997,ACC-2015,MNQ,BUY,5,19748.25,2026-08-12T19:01:17Z,ORD-902144,taker,3.50
FIL-600998,ACC-2013,MNQ,SELL,4,19749.00,2026-08-12T19:11:03Z,ORD-901440,taker,2.80
FIL-600999,ACC-2013,MNQ,SELL,2,19748.00,2026-08-12T19:30:23Z,ORD-901441,taker,1.40
FIL-601000,ACC-2013,MNQ,BUY,2,19747.50,2026-08-12T19:35:23Z,ORD-901442,taker,1.40
FIL-601001,ACC-2026,MCL,BUY,3,73.80,2026-08-12T19:46:31Z,ORD-903060,maker,2.10
FIL-601002,ACC-2049,GC,SELL,4,2476.00,2026-08-12T19:46:35Z,ORD-904525,taker,8.40
FIL-601003,ACC-2031,6E,BUY,4,1.0988,2026-08-12T19:46:45Z,ORD-903240,taker,9.92
FIL-601004,ACC-2053,MES,BUY,3,5613.75,2026-08-12T19:46:56Z,ORD-904866,taker,2.10
FIL-601005,ACC-2052,MCL,SELL,3,73.85,2026-08-12T19:47:18Z,ORD-904790,taker,2.10
FIL-601006,ACC-2032,MCL,SELL,3,73.81,2026-08-12T19:47:22Z,ORD-903328,taker,2.10
FIL-601007,ACC-2011,MNQ,BUY,1,19748.50,2026-08-12T19:47:23Z,ORD-901159,taker,0.70
FIL-601008,ACC-2040,6E,BUY,2,1.0987,2026-08-12T19:47:52Z,ORD-903938,taker,4.96
FIL-601009,ACC-2039,GC,SELL,2,2475.70,2026-08-12T19:48:15Z,ORD-903855,taker,4.20
FIL-601010,ACC-2050,MNQ,SELL,2,19748.50,2026-08-12T19:48:25Z,ORD-904627,maker,1.40
FIL-601011,ACC-2050,MNQ,SELL,2,19748.50,2026-08-12T19:48:29Z,ORD-904627,taker,1.40
FIL-601012,ACC-2016,MNQ,SELL,2,19748.00,2026-08-12T19:48:39Z,ORD-902361,maker,1.40
FIL-601013,ACC-2017,MES,BUY,6,5614.75,2026-08-12T19:48:43Z,ORD-902551,taker,4.20
FIL-601014,ACC-2005,MNQ,BUY,4,19748.50,2026-08-12T19:48:45Z,ORD-900553,taker,2.80
FIL-601015,ACC-2005,MNQ,BUY,4,19748.50,2026-08-12T19:48:47Z,ORD-900553,taker,2.80
FIL-601016,ACC-2035,GC,SELL,1,2476.30,2026-08-12T19:48:51Z,ORD-903545,taker,2.10
FIL-601017,ACC-2004,MES,BUY,7,5614.00,2026-08-12T19:49:03Z,ORD-900417,taker,4.90
FIL-601018,ACC-2010,MNQ,BUY,3,19748.75,2026-08-12T19:49:08Z,ORD-901087,taker,2.10
FIL-601019,ACC-2013,MNQ,BUY,5,19747.75,2026-08-12T19:49:22Z,ORD-901443,taker,3.50
FIL-601020,ACC-2038,GC,BUY,4,2476.30,2026-08-12T19:49:22Z,ORD-903785,maker,8.40
FIL-601021,ACC-2002,NQ,BUY,5,19748.00,2026-08-12T19:49:29Z,ORD-900163,taker,10.50
FIL-601022,ACC-2015,MNQ,BUY,2,19747.50,2026-08-12T19:49:46Z,ORD-902145,taker,1.40
FIL-601023,ACC-2015,MNQ,BUY,2,19747.50,2026-08-12T19:49:47Z,ORD-902145,taker,1.40
FIL-601024,ACC-2023,MES,SELL,3,5614.25,2026-08-12T19:50:05Z,ORD-902834,taker,2.10
FIL-601025,ACC-2037,6E,BUY,4,1.09865,2026-08-12T19:50:16Z,ORD-903711,maker,9.92
FIL-601026,ACC-2030,6E,BUY,2,1.09895,2026-08-12T19:50:22Z,ORD-903140,maker,4.96
FIL-601027,ACC-2045,MCL,BUY,3,73.82,2026-08-12T19:50:28Z,ORD-904285,maker,2.10
FIL-601028,ACC-2007,MNQ,BUY,8,19747.25,2026-08-12T19:50:48Z,ORD-900833,taker,5.60
FIL-601029,ACC-2014,MNQ,BUY,5,19748.50,2026-08-12T19:51:07Z,ORD-901929,maker,3.50
FIL-601030,ACC-2048,6E,BUY,3,1.09885,2026-08-12T19:51:07Z,ORD-904467,taker,7.44
FIL-601031,ACC-2012,MNQ,SELL,2,19749.00,2026-08-12T19:51:08Z,ORD-901237,taker,1.40
FIL-601032,ACC-2009,MES,BUY,2,5615.50,2026-08-12T19:51:10Z,ORD-901021,taker,1.40
FIL-601033,ACC-2041,MES,BUY,4,5615.50,2026-08-12T19:51:20Z,ORD-904012,maker,2.80
FIL-601034,ACC-2044,GC,BUY,3,2476.00,2026-08-12T19:51:38Z,ORD-904222,taker,6.30
FIL-601035,ACC-2003,NQ,SELL,5,19748.25,2026-08-12T19:51:55Z,ORD-900295,taker,10.50
FIL-601036,ACC-2003,NQ,SELL,5,19748.25,2026-08-12T19:51:56Z,ORD-900295,maker,10.50
FIL-601037,ACC-2025,ES,BUY,8,5614.50,2026-08-12T19:52:03Z,ORD-902984,taker,16.80
FIL-601038,ACC-2023,MES,BUY,3,5615.00,2026-08-12T19:53:05Z,ORD-902835,maker,2.10
FIL-601039,ACC-2042,MES,BUY,1,5615.25,2026-08-12T19:53:14Z,ORD-904074,taker,0.70
FIL-601040,ACC-2036,GC,BUY,4,2475.70,2026-08-12T19:53:19Z,ORD-903617,taker,8.40
FIL-601041,ACC-2022,MNQ,BUY,3,19748.75,2026-08-12T19:53:21Z,ORD-902744,taker,2.10
FIL-601042,ACC-2021,MNQ,BUY,3,19747.75,2026-08-12T19:53:46Z,ORD-902740,maker,2.10
FIL-601043,ACC-2033,MNQ,SELL,3,19747.25,2026-08-12T19:54:04Z,ORD-903392,taker,2.10
FIL-601044,ACC-2046,MNQ,BUY,3,19748.00,2026-08-12T19:54:05Z,ORD-904391,maker,2.10
FIL-601045,ACC-2024,MNQ,SELL,3,19747.75,2026-08-12T19:54:22Z,ORD-902910,taker,2.10
FIL-601046,ACC-2008,MES,BUY,1,5615.00,2026-08-12T19:54:28Z,ORD-900953,taker,0.70
FIL-601047,ACC-2026,MCL,SELL,3,73.13,2026-08-12T19:54:31Z,ORD-903061,taker,2.10
FIL-601048,ACC-2051,MCL,SELL,3,73.82,2026-08-12T19:54:34Z,ORD-904712,taker,2.10
FIL-601049,ACC-2043,6E,BUY,3,1.09885,2026-08-12T19:54:43Z,ORD-904150,maker,7.44
FIL-601050,ACC-2034,GC,SELL,3,2476.20,2026-08-12T19:54:48Z,ORD-903464,maker,6.30
FIL-601051,ACC-2001,NQ,BUY,7,19747.00,2026-08-12T19:55:25Z,ORD-900035,taker,14.70
FIL-601052,ACC-2006,NQ,BUY,5,19749.00,2026-08-12T19:55:42Z,ORD-900681,taker,10.50
FIL-601053,ACC-2053,MES,SELL,3,5618.25,2026-08-12T19:56:56Z,ORD-904867,maker,2.10
FIL-601054,ACC-2037,6E,SELL,2,1.09885,2026-08-12T19:57:16Z,ORD-903712,taker,4.96
FIL-601055,ACC-2037,6E,SELL,2,1.09885,2026-08-12T19:57:20Z,ORD-903712,taker,4.96
FIL-601056,ACC-2050,MNQ,BUY,4,19749.00,2026-08-12T19:57:25Z,ORD-904628,taker,2.80
FIL-601057,ACC-2005,MNQ,SELL,8,19789.75,2026-08-12T19:58:45Z,ORD-900554,taker,5.60
FIL-601058,ACC-2012,MNQ,BUY,2,19753.00,2026-08-12T19:59:08Z,ORD-901238,taker,1.40
FIL-601059,ACC-2045,MCL,SELL,3,73.28,2026-08-12T19:59:28Z,ORD-904286,taker,2.10
FIL-601060,ACC-2015,MNQ,SELL,4,19747.50,2026-08-12T20:00:46Z,ORD-902146,taker,2.80
FIL-601061,ACC-2042,MES,SELL,1,5619.50,2026-08-12T20:01:14Z,ORD-904075,maker,0.70
FIL-601062,ACC-2017,MES,SELL,6,5622.00,2026-08-12T20:01:43Z,ORD-902552,taker,4.20
FIL-601063,ACC-2003,NQ,BUY,5,19746.00,2026-08-12T20:01:55Z,ORD-900296,taker,10.50
FIL-601064,ACC-2003,NQ,BUY,5,19746.00,2026-08-12T20:01:57Z,ORD-900296,taker,10.50
FIL-601065,ACC-2039,GC,BUY,2,2475.80,2026-08-12T20:02:15Z,ORD-903856,taker,4.20
FIL-601066,ACC-2016,MNQ,BUY,2,19745.75,2026-08-12T20:02:39Z,ORD-902362,maker,1.40
FIL-601067,ACC-2025,ES,SELL,8,5614.75,2026-08-12T20:03:03Z,ORD-902985,maker,16.80
FIL-601068,ACC-2022,MNQ,SELL,3,19774.75,2026-08-12T20:03:21Z,ORD-902745,taker,2.10
FIL-601069,ACC-2040,6E,SELL,2,1.0979,2026-08-12T20:03:52Z,ORD-903939,maker,4.96
FIL-601070,ACC-2013,MNQ,SELL,5,19748.00,2026-08-12T20:04:22Z,ORD-901444,taker,3.50
FIL-601071,ACC-2011,MNQ,SELL,1,19766.50,2026-08-12T20:04:23Z,ORD-901160,maker,0.70
FIL-601072,ACC-2031,6E,SELL,4,1.09895,2026-08-12T20:04:45Z,ORD-903241,maker,9.92
FIL-601073,ACC-2009,MES,SELL,2,5604.00,2026-08-12T20:05:10Z,ORD-901022,taker,1.40
FIL-601074,ACC-2002,NQ,SELL,2,19745.50,2026-08-12T20:05:29Z,ORD-900164,taker,4.20
FIL-601075,ACC-2002,NQ,SELL,3,19745.50,2026-08-12T20:05:33Z,ORD-900164,taker,6.30
FIL-601076,ACC-2001,NQ,SELL,7,19744.75,2026-08-12T20:06:25Z,ORD-900036,taker,14.70
FIL-601077,ACC-2044,GC,SELL,3,2476.90,2026-08-12T20:06:38Z,ORD-904223,taker,6.30
FIL-601078,ACC-2032,MCL,BUY,3,73.78,2026-08-12T20:08:22Z,ORD-903329,maker,2.10
FIL-601079,ACC-2008,MES,SELL,1,5629.50,2026-08-12T20:08:28Z,ORD-900954,taker,0.70
FIL-601080,ACC-2049,GC,BUY,4,2476.10,2026-08-12T20:08:35Z,ORD-904526,taker,8.40
FIL-601081,ACC-2014,MNQ,SELL,5,19748.50,2026-08-12T20:09:07Z,ORD-901930,taker,3.50
FIL-601082,ACC-2030,6E,SELL,2,1.0992,2026-08-12T20:10:22Z,ORD-903141,maker,4.96
FIL-601083,ACC-2021,MNQ,SELL,3,19734.00,2026-08-12T20:10:46Z,ORD-902741,taker,2.10
FIL-601084,ACC-2010,MNQ,SELL,3,19756.50,2026-08-12T20:12:08Z,ORD-901088,taker,2.10
FIL-601085,ACC-2035,GC,BUY,1,2475.90,2026-08-12T20:12:51Z,ORD-903546,taker,2.10
FIL-601086,ACC-2052,MCL,BUY,3,73.42,2026-08-12T20:13:18Z,ORD-904791,maker,2.10
FIL-601087,ACC-2036,GC,SELL,4,2475.70,2026-08-12T20:13:19Z,ORD-903618,taker,8.40
FIL-601088,ACC-2024,MNQ,BUY,3,19769.50,2026-08-12T20:13:22Z,ORD-902911,maker,2.10
FIL-601089,ACC-2038,GC,SELL,4,2476.30,2026-08-12T20:13:22Z,ORD-903786,taker,8.40
FIL-601090,ACC-2033,MNQ,BUY,3,19774.75,2026-08-12T20:14:04Z,ORD-903393,maker,2.10
FIL-601091,ACC-2041,MES,SELL,4,5620.50,2026-08-12T20:14:20Z,ORD-904013,maker,2.80
FIL-601092,ACC-2034,GC,BUY,3,2475.40,2026-08-12T20:14:48Z,ORD-903465,maker,6.30
FIL-601093,ACC-2004,MES,SELL,7,5593.25,2026-08-12T20:16:03Z,ORD-900418,taker,4.90
FIL-601094,ACC-2051,MCL,BUY,3,72.86,2026-08-12T20:16:34Z,ORD-904713,maker,2.10
FIL-601095,ACC-2048,6E,SELL,3,1.09905,2026-08-12T20:17:07Z,ORD-904468,maker,7.44
FIL-601096,ACC-2007,MNQ,SELL,4,19755.50,2026-08-12T20:18:48Z,ORD-900834,taker,2.80
FIL-601097,ACC-2007,MNQ,SELL,4,19755.50,2026-08-12T20:18:50Z,ORD-900834,taker,2.80
FIL-601098,ACC-2043,6E,SELL,3,1.09915,2026-08-12T20:21:43Z,ORD-904151,taker,7.44
FIL-601099,ACC-2046,MNQ,SELL,3,19767.00,2026-08-12T20:22:05Z,ORD-904392,taker,2.10
FIL-601100,ACC-2006,NQ,SELL,5,19751.00,2026-08-12T20:22:42Z,ORD-900682,taker,10.50
FIL-601101,ACC-2011,MES,SELL,1,5617.25,2026-08-13T10:34:00Z,ORD-901161,taker,0.70
FIL-601102,ACC-2005,ES,BUY,10,5618.00,2026-08-13T10:34:04Z,ORD-900555,taker,21.00
FIL-601103,ACC-2031,GC,BUY,1,2477.70,2026-08-13T10:34:22Z,ORD-903242,taker,2.10
FIL-601104,ACC-2037,6E,BUY,1,1.09945,2026-08-13T10:34:36Z,ORD-903713,taker,2.48
FIL-601105,ACC-2051,MCL,SELL,1,73.87,2026-08-13T10:34:36Z,ORD-904714,maker,0.70
FIL-601106,ACC-2008,MNQ,SELL,3,19759.00,2026-08-13T10:35:18Z,ORD-900955,taker,2.10
FIL-601107,ACC-2033,MCL,BUY,1,73.89,2026-08-13T10:35:24Z,ORD-903394,taker,0.70
FIL-601108,ACC-2017,MES,SELL,5,5618.00,2026-08-13T10:35:26Z,ORD-902553,maker,3.50
FIL-601109,ACC-2040,6E,BUY,1,1.09945,2026-08-13T10:35:56Z,ORD-903940,maker,2.48
FIL-601110,ACC-2052,MCL,BUY,3,73.88,2026-08-13T10:35:58Z,ORD-904792,maker,2.10
FIL-601111,ACC-2005,ES,SELL,10,5617.50,2026-08-13T10:36:04Z,ORD-900556,maker,21.00
FIL-601112,ACC-2004,MNQ,SELL,5,19759.00,2026-08-13T10:36:12Z,ORD-900419,maker,3.50
FIL-601113,ACC-2004,MNQ,SELL,5,19759.00,2026-08-13T10:36:15Z,ORD-900419,taker,3.50
FIL-601114,ACC-2025,ES,SELL,6,5618.50,2026-08-13T10:36:16Z,ORD-902986,taker,12.60
FIL-601115,ACC-2043,MES,SELL,3,5616.75,2026-08-13T10:36:16Z,ORD-904152,taker,2.10
FIL-601116,ACC-2025,ES,SELL,6,5618.50,2026-08-13T10:36:20Z,ORD-902986,taker,12.60
FIL-601117,ACC-2016,MNQ,SELL,2,19758.25,2026-08-13T10:36:31Z,ORD-902363,taker,1.40
FIL-601118,ACC-2016,MNQ,SELL,3,19758.25,2026-08-13T10:36:33Z,ORD-902363,taker,2.10
FIL-601119,ACC-2035,6E,SELL,1,1.09945,2026-08-13T10:36:51Z,ORD-903547,taker,2.48
FIL-601120,ACC-2041,MCL,BUY,4,73.85,2026-08-13T10:37:01Z,ORD-904014,maker,2.80
FIL-601121,ACC-2044,MNQ,BUY,1,19759.75,2026-08-13T10:37:05Z,ORD-904224,taker,0.70
FIL-601122,ACC-2045,MCL,SELL,4,73.85,2026-08-13T10:37:08Z,ORD-904287,taker,2.80
FIL-601123,ACC-2019,MES,BUY,3,5617.25,2026-08-13T10:37:18Z,ORD-902634,maker,2.10
FIL-601124,ACC-2021,MNQ,SELL,2,19758.00,2026-08-13T10:37:38Z,ORD-902746,taker,1.40
FIL-601125,ACC-2022,MNQ,SELL,3,19758.50,2026-08-13T10:38:08Z,ORD-902750,maker,2.10
FIL-601126,ACC-2032,MCL,BUY,4,73.86,2026-08-13T10:38:21Z,ORD-903330,maker,2.80
FIL-601127,ACC-2013,MNQ,BUY,2,19758.75,2026-08-13T10:38:33Z,ORD-901445,taker,1.40
FIL-601128,ACC-2013,MNQ,BUY,2,19758.75,2026-08-13T10:38:36Z,ORD-901445,taker,1.40
FIL-601129,ACC-2010,MES,SELL,3,5617.75,2026-08-13T10:38:53Z,ORD-901089,taker,2.10
FIL-601130,ACC-2038,GC,SELL,2,2477.60,2026-08-13T10:39:16Z,ORD-903787,maker,4.20
FIL-601131,ACC-2008,MNQ,BUY,3,19754.75,2026-08-13T10:39:18Z,ORD-900956,maker,2.10
FIL-601132,ACC-2038,GC,SELL,2,2477.60,2026-08-13T10:39:20Z,ORD-903787,taker,4.20
FIL-601133,ACC-2003,MES,SELL,9,5618.00,2026-08-13T10:39:30Z,ORD-900297,maker,6.30
FIL-601134,ACC-2042,MNQ,BUY,1,19758.25,2026-08-13T10:39:37Z,ORD-904076,taker,0.70
FIL-601135,ACC-2006,MNQ,SELL,6,19758.50,2026-08-13T10:39:41Z,ORD-900683,taker,4.20
FIL-601136,ACC-2018,MES,BUY,3,5617.25,2026-08-13T10:39:41Z,ORD-902630,taker,2.10
FIL-601137,ACC-2015,MNQ,SELL,5,19759.75,2026-08-13T10:39:42Z,ORD-902147,taker,3.50
FIL-601138,ACC-2036,6E,BUY,1,1.09925,2026-08-13T10:39:47Z,ORD-903619,taker,2.48
FIL-601139,ACC-2024,MNQ,BUY,2,19759.75,2026-08-13T10:39:48Z,ORD-902912,maker,1.40
FIL-601140,ACC-2053,MES,BUY,3,5618.50,2026-08-13T10:39:56Z,ORD-904868,maker,2.10
FIL-601141,ACC-2020,MES,BUY,3,5618.50,2026-08-13T10:40:05Z,ORD-902638,maker,2.10
FIL-601142,ACC-2009,MNQ,BUY,2,19759.50,2026-08-13T10:40:09Z,ORD-901023,taker,1.40
FIL-601143,ACC-2030,6E,SELL,1,1.09925,2026-08-13T10:40:10Z,ORD-903142,taker,2.48
FIL-601144,ACC-2049,6E,BUY,1,1.09945,2026-08-13T10:40:52Z,ORD-904527,taker,2.48
FIL-601145,ACC-2050,MES,BUY,2,5616.75,2026-08-13T10:40:57Z,ORD-904629,maker,1.40
FIL-601146,ACC-2034,GC,SELL,2,2477.30,2026-08-13T10:41:20Z,ORD-903466,taker,4.20
FIL-601147,ACC-2048,6E,SELL,3,1.0994,2026-08-13T10:41:26Z,ORD-904469,maker,7.44
FIL-601148,ACC-2039,6E,SELL,3,1.09945,2026-08-13T10:41:53Z,ORD-903857,maker,7.44
FIL-601149,ACC-2002,ES,SELL,5,5618.25,2026-08-13T10:42:10Z,ORD-900165,taker,10.50
FIL-601150,ACC-2023,MES,BUY,4,5616.75,2026-08-13T10:42:14Z,ORD-902836,taker,2.80
FIL-601151,ACC-2046,MES,BUY,3,5616.75,2026-08-13T10:42:34Z,ORD-904393,taker,2.10
FIL-601152,ACC-2012,MES,BUY,1,5617.00,2026-08-13T10:42:48Z,ORD-901239,taker,0.70
FIL-601153,ACC-2026,MCL,BUY,2,73.86,2026-08-13T10:42:57Z,ORD-903062,taker,1.40
FIL-601154,ACC-2026,MCL,BUY,2,73.86,2026-08-13T10:42:58Z,ORD-903062,taker,1.40
FIL-601155,ACC-2007,MES,BUY,10,5618.50,2026-08-13T10:43:31Z,ORD-900835,taker,7.00
FIL-601156,ACC-2014,MNQ,SELL,4,19758.50,2026-08-13T10:43:47Z,ORD-901931,taker,2.80
FIL-601157,ACC-2001,ES,BUY,5,5616.75,2026-08-13T10:43:49Z,ORD-900037,taker,10.50
FIL-601158,ACC-2052,MCL,SELL,3,74.02,2026-08-13T10:44:58Z,ORD-904793,taker,2.10
FIL-601159,ACC-2011,MES,BUY,1,5618.00,2026-08-13T10:45:00Z,ORD-901162,maker,0.70
FIL-601160,ACC-2043,MES,BUY,3,5617.50,2026-08-13T10:45:16Z,ORD-904153,taker,2.10
FIL-601161,ACC-2013,MNQ,SELL,4,19759.00,2026-08-13T10:45:33Z,ORD-901446,maker,2.80
FIL-601162,ACC-2044,MNQ,SELL,1,19799.25,2026-08-13T10:46:05Z,ORD-904225,maker,0.70
FIL-601163,ACC-2025,ES,BUY,12,5618.50,2026-08-13T10:46:16Z,ORD-902987,taker,25.20
FIL-601164,ACC-2019,MES,SELL,3,5617.00,2026-08-13T10:48:18Z,ORD-902635,maker,2.10
FIL-601165,ACC-2036,6E,SELL,1,1.0991,2026-08-13T10:48:47Z,ORD-903620,maker,2.48
FIL-601166,ACC-2004,MNQ,BUY,10,19759.50,2026-08-13T10:50:12Z,ORD-900420,maker,7.00
FIL-601167,ACC-2032,MCL,SELL,2,73.85,2026-08-13T10:51:21Z,ORD-903331,taker,1.40
FIL-601168,ACC-2032,MCL,SELL,2,73.85,2026-08-13T10:51:22Z,ORD-903331,taker,1.40
FIL-601169,ACC-2037,6E,SELL,1,1.09885,2026-08-13T10:51:36Z,ORD-903714,taker,2.48
FIL-601170,ACC-2006,MNQ,BUY,6,19795.00,2026-08-13T10:52:41Z,ORD-900684,maker,4.20
FIL-601171,ACC-2033,MCL,SELL,1,74.42,2026-08-13T10:53:24Z,ORD-903395,maker,0.70
FIL-601172,ACC-2018,MES,SELL,3,5607.00,2026-08-13T10:53:41Z,ORD-902631,maker,2.10
FIL-601173,ACC-2010,MES,BUY,3,5615.75,2026-08-13T10:53:53Z,ORD-901090,taker,2.10
FIL-601174,ACC-2020,MES,SELL,3,5621.75,2026-08-13T10:54:05Z,ORD-902639,taker,2.10
FIL-601175,ACC-2048,6E,BUY,3,1.09915,2026-08-13T10:56:26Z,ORD-904470,maker,7.44
FIL-601176,ACC-2012,MES,SELL,1,5626.50,2026-08-13T10:56:48Z,ORD-901240,maker,0.70
FIL-601177,ACC-2001,ES,SELL,2,5618.75,2026-08-13T10:56:49Z,ORD-900038,taker,4.20
FIL-601178,ACC-2001,ES,SELL,3,5618.75,2026-08-13T10:56:52Z,ORD-900038,maker,6.30
FIL-601179,ACC-2031,GC,SELL,1,2475.10,2026-08-13T10:57:22Z,ORD-903243,taker,2.10
FIL-601180,ACC-2040,6E,SELL,1,1.0999,2026-08-13T10:57:56Z,ORD-903941,taker,2.48
FIL-601181,ACC-2030,6E,BUY,1,1.09835,2026-08-13T10:58:10Z,ORD-903143,maker,2.48
FIL-601182,ACC-2050,MES,SELL,2,5622.75,2026-08-13T10:58:57Z,ORD-904630,taker,1.40
FIL-601183,ACC-2051,MCL,BUY,1,74.35,2026-08-13T10:59:36Z,ORD-904715,taker,0.70
FIL-601184,ACC-2053,MES,SELL,3,5615.25,2026-08-13T10:59:56Z,ORD-904869,maker,2.10
FIL-601185,ACC-2017,MES,BUY,5,5618.00,2026-08-13T11:00:26Z,ORD-902554,taker,3.50
FIL-601186,ACC-2003,MES,BUY,9,5624.75,2026-08-13T11:00:30Z,ORD-900298,taker,6.30
FIL-601187,ACC-2016,MNQ,BUY,5,19759.00,2026-08-13T11:00:31Z,ORD-902364,taker,3.50
FIL-601188,ACC-2013,MNQ,BUY,5,19758.25,2026-08-13T11:00:37Z,ORD-901447,taker,3.50
FIL-601189,ACC-2041,MCL,SELL,4,73.73,2026-08-13T11:01:01Z,ORD-904015,taker,2.80
FIL-601190,ACC-2022,MNQ,BUY,3,19760.00,2026-08-13T11:01:08Z,ORD-902751,maker,2.10
FIL-601191,ACC-2026,MCL,SELL,4,73.65,2026-08-13T11:01:57Z,ORD-903063,taker,2.80
FIL-601192,ACC-2045,MCL,BUY,4,73.59,2026-08-13T11:02:08Z,ORD-904288,taker,2.80
FIL-601193,ACC-2042,MNQ,SELL,1,19756.50,2026-08-13T11:02:37Z,ORD-904077,taker,0.70
FIL-601194,ACC-2002,ES,BUY,5,5619.00,2026-08-13T11:03:10Z,ORD-900166,taker,10.50
FIL-601195,ACC-2038,GC,BUY,4,2477.60,2026-08-13T11:03:16Z,ORD-903788,taker,8.40
FIL-601196,ACC-2035,6E,BUY,1,1.09915,2026-08-13T11:03:51Z,ORD-903548,maker,2.48
FIL-601197,ACC-2049,6E,SELL,1,1.09965,2026-08-13T11:03:52Z,ORD-904528,taker,2.48
FIL-601198,ACC-2023,MES,SELL,4,5618.50,2026-08-13T11:04:14Z,ORD-902837,taker,2.80
FIL-601199,ACC-2034,GC,BUY,2,2478.80,2026-08-13T11:04:20Z,ORD-903467,maker,4.20
FIL-601200,ACC-2009,MNQ,SELL,2,19762.00,2026-08-13T11:05:09Z,ORD-901024,maker,1.40
FIL-601201,ACC-2021,MNQ,BUY,2,19782.25,2026-08-13T11:05:38Z,ORD-902747,taker,1.40
FIL-601202,ACC-2015,MNQ,BUY,5,19760.00,2026-08-13T11:05:42Z,ORD-902148,taker,3.50
FIL-601203,ACC-2014,MNQ,BUY,4,19758.75,2026-08-13T11:06:47Z,ORD-901932,taker,2.80
FIL-601204,ACC-2024,MNQ,SELL,2,19784.50,2026-08-13T11:06:48Z,ORD-902913,maker,1.40
FIL-601205,ACC-2039,6E,BUY,3,1.10025,2026-08-13T11:06:53Z,ORD-903858,taker,7.44
FIL-601206,ACC-2046,MES,SELL,3,5615.75,2026-08-13T11:07:34Z,ORD-904394,maker,2.10
FIL-601207,ACC-2013,MNQ,SELL,2,19758.50,2026-08-13T11:09:37Z,ORD-901448,taker,1.40
FIL-601208,ACC-2013,MNQ,SELL,3,19758.50,2026-08-13T11:09:38Z,ORD-901448,taker,2.10
FIL-601209,ACC-2007,MES,SELL,10,5625.25,2026-08-13T11:10:31Z,ORD-900836,maker,7.00
FIL-601210,ACC-2013,MNQ,BUY,2,19758.50,2026-08-13T11:29:48Z,ORD-901449,maker,1.40
FIL-601211,ACC-2013,MNQ,SELL,2,19758.75,2026-08-13T11:32:48Z,ORD-901450,taker,1.40
FIL-601212,ACC-2015,MNQ,SELL,5,19759.25,2026-08-13T11:48:06Z,ORD-902149,taker,3.50
FIL-601213,ACC-2016,MNQ,BUY,5,19758.25,2026-08-13T11:51:08Z,ORD-902365,taker,3.50
FIL-601214,ACC-2013,MNQ,SELL,3,19758.50,2026-08-13T11:51:28Z,ORD-901451,taker,2.10
FIL-601215,ACC-2014,MNQ,BUY,2,19758.75,2026-08-13T11:52:09Z,ORD-901933,maker,1.40
FIL-601216,ACC-2015,MNQ,BUY,5,19759.50,2026-08-13T11:56:06Z,ORD-902150,maker,3.50
FIL-601217,ACC-2016,MNQ,SELL,5,19757.75,2026-08-13T12:03:08Z,ORD-902366,taker,3.50
FIL-601218,ACC-2006,MNQ,BUY,4,19758.00,2026-08-13T12:12:08Z,ORD-900685,maker,2.80
FIL-601219,ACC-2013,MNQ,BUY,2,19758.00,2026-08-13T12:15:36Z,ORD-901453,taker,1.40
FIL-601220,ACC-2014,MNQ,SELL,2,19758.50,2026-08-13T12:18:09Z,ORD-901934,maker,1.40
FIL-601221,ACC-2013,MNQ,BUY,3,19758.25,2026-08-13T12:18:28Z,ORD-901452,taker,2.10
FIL-601222,ACC-2006,MNQ,SELL,4,19716.00,2026-08-13T12:21:08Z,ORD-900686,taker,2.80
FIL-601223,ACC-2013,MNQ,SELL,2,19758.25,2026-08-13T12:25:36Z,ORD-901454,taker,1.40
FIL-601224,ACC-2004,MNQ,SELL,8,19759.25,2026-08-13T12:32:09Z,ORD-900421,taker,5.60
FIL-601225,ACC-2013,MNQ,SELL,2,19760.00,2026-08-13T12:40:58Z,ORD-901455,taker,1.40
FIL-601226,ACC-2004,MNQ,BUY,8,19759.75,2026-08-13T12:46:09Z,ORD-900422,taker,5.60
FIL-601227,ACC-2002,ES,BUY,7,5617.50,2026-08-13T12:53:29Z,ORD-900167,taker,14.70
FIL-601228,ACC-2003,MES,SELL,5,5618.00,2026-08-13T12:53:39Z,ORD-900299,taker,3.50
FIL-601229,ACC-2044,MNQ,BUY,1,19759.00,2026-08-13T12:54:33Z,ORD-904226,taker,0.70
FIL-601230,ACC-2014,MNQ,BUY,2,19759.25,2026-08-13T12:54:41Z,ORD-901935,taker,1.40
FIL-601231,ACC-2043,MES,BUY,2,5618.00,2026-08-13T12:54:44Z,ORD-904154,taker,1.40
FIL-601232,ACC-2037,6E,BUY,1,1.09955,2026-08-13T12:54:55Z,ORD-903715,maker,2.48
FIL-601233,ACC-2001,ES,SELL,4,5618.25,2026-08-13T12:55:18Z,ORD-900039,maker,8.40
FIL-601234,ACC-2015,MNQ,BUY,2,19758.25,2026-08-13T12:55:39Z,ORD-902151,maker,1.40
FIL-601235,ACC-2016,MNQ,BUY,3,19759.75,2026-08-13T12:58:50Z,ORD-902367,maker,2.10
FIL-601236,ACC-2032,MCL,BUY,1,73.87,2026-08-13T13:00:10Z,ORD-903332,taker,0.70
FIL-601237,ACC-2051,MCL,SELL,2,73.86,2026-08-13T13:00:23Z,ORD-904716,taker,1.40
FIL-601238,ACC-2013,MNQ,SELL,2,19759.00,2026-08-13T13:00:26Z,ORD-901457,taker,1.40
FIL-601239,ACC-2044,MNQ,SELL,1,19797.75,2026-08-13T13:00:33Z,ORD-904227,taker,0.70
FIL-601240,ACC-2030,6E,BUY,2,1.0995,2026-08-13T13:00:38Z,ORD-903144,taker,4.96
FIL-601241,ACC-2041,MCL,BUY,3,73.89,2026-08-13T13:00:50Z,ORD-904016,taker,2.10
FIL-601242,ACC-2017,MES,BUY,5,5616.75,2026-08-13T13:01:26Z,ORD-902555,maker,3.50
FIL-601243,ACC-2013,MNQ,BUY,2,19759.50,2026-08-13T13:03:58Z,ORD-901456,taker,1.40
FIL-601244,ACC-2003,MES,BUY,5,5629.75,2026-08-13T13:06:39Z,ORD-900300,maker,3.50
FIL-601245,ACC-2030,6E,SELL,2,1.0998,2026-08-13T13:07:38Z,ORD-903145,maker,4.96
FIL-601246,ACC-2002,ES,SELL,7,5617.00,2026-08-13T13:11:29Z,ORD-900168,taker,14.70
FIL-601247,ACC-2037,6E,SELL,1,1.09895,2026-08-13T13:11:55Z,ORD-903716,taker,2.48
FIL-601248,ACC-2013,MNQ,BUY,2,19758.50,2026-08-13T13:13:26Z,ORD-901458,maker,1.40
FIL-601249,ACC-2001,ES,BUY,4,5615.50,2026-08-13T13:14:18Z,ORD-900040,taker,8.40
FIL-601250,ACC-2014,MNQ,SELL,2,19759.00,2026-08-13T13:15:41Z,ORD-901936,taker,1.40
FIL-601251,ACC-2015,MNQ,SELL,2,19758.00,2026-08-13T13:16:39Z,ORD-902152,taker,1.40
FIL-601252,ACC-2043,MES,SELL,2,5616.75,2026-08-13T13:16:44Z,ORD-904155,taker,1.40
FIL-601253,ACC-2016,MNQ,SELL,3,19758.75,2026-08-13T13:19:50Z,ORD-902368,taker,2.10
FIL-601254,ACC-2032,MCL,SELL,1,73.83,2026-08-13T13:21:10Z,ORD-903333,taker,0.70
FIL-601255,ACC-2051,MCL,BUY,2,74.08,2026-08-13T13:21:23Z,ORD-904717,taker,1.40
FIL-601256,ACC-2013,MNQ,BUY,3,19758.50,2026-08-13T13:23:08Z,ORD-901459,maker,2.10
FIL-601257,ACC-2041,MCL,SELL,3,73.77,2026-08-13T13:25:50Z,ORD-904017,maker,2.10
FIL-601258,ACC-2017,MES,SELL,5,5616.75,2026-08-13T13:26:26Z,ORD-902556,taker,3.50
FIL-601259,ACC-2009,MNQ,BUY,2,19758.75,2026-08-13T13:38:44Z,ORD-901025,taker,1.40
FIL-601260,ACC-2042,MNQ,BUY,4,19759.00,2026-08-13T13:40:19Z,ORD-904078,maker,2.80
FIL-601261,ACC-2007,MES,SELL,7,5618.25,2026-08-13T13:40:56Z,ORD-900837,taker,4.90
FIL-601262,ACC-2046,MES,BUY,4,5618.50,2026-08-13T13:41:45Z,ORD-904395,taker,2.80
FIL-601263,ACC-2013,MNQ,SELL,3,19758.75,2026-08-13T13:43:08Z,ORD-901460,maker,2.10
FIL-601264,ACC-2049,6E,SELL,3,1.0993,2026-08-13T13:43:26Z,ORD-904529,taker,7.44
FIL-601265,ACC-2012,MES,BUY,3,5618.25,2026-08-13T13:44:00Z,ORD-901241,taker,2.10
FIL-601266,ACC-2011,MES,BUY,3,5617.75,2026-08-13T13:45:18Z,ORD-901163,taker,2.10
FIL-601267,ACC-2006,MNQ,BUY,4,19759.25,2026-08-13T13:45:39Z,ORD-900687,taker,2.80
FIL-601268,ACC-2036,6E,SELL,1,1.0993,2026-08-13T13:46:02Z,ORD-903621,maker,2.48
FIL-601269,ACC-2005,ES,SELL,4,5617.00,2026-08-13T13:47:22Z,ORD-900557,taker,8.40
FIL-601270,ACC-2046,MES,SELL,4,5617.25,2026-08-13T13:48:45Z,ORD-904396,maker,2.80
FIL-601271,ACC-2006,MNQ,SELL,4,19698.75,2026-08-13T13:51:39Z,ORD-900688,taker,2.80
FIL-601272,ACC-2007,MES,BUY,7,5598.25,2026-08-13T13:52:56Z,ORD-900838,taker,4.90
FIL-601273,ACC-2013,MNQ,BUY,5,19759.75,2026-08-13T13:54:22Z,ORD-901461,maker,3.50
FIL-601274,ACC-2049,6E,BUY,3,1.0992,2026-08-13T13:56:26Z,ORD-904530,maker,7.44
FIL-601275,ACC-2011,MES,SELL,3,5617.50,2026-08-13T13:57:18Z,ORD-901164,maker,2.10
FIL-601276,ACC-2015,MNQ,SELL,2,19759.75,2026-08-13T14:01:30Z,ORD-902153,taker,1.40
FIL-601277,ACC-2015,MNQ,SELL,3,19759.75,2026-08-13T14:01:31Z,ORD-902153,maker,2.10
FIL-601278,ACC-2042,MNQ,SELL,4,19758.50,2026-08-13T14:03:19Z,ORD-904079,maker,2.80
FIL-601279,ACC-2009,MNQ,SELL,2,19762.25,2026-08-13T14:05:44Z,ORD-901026,taker,1.40
FIL-601280,ACC-2036,6E,BUY,1,1.0994,2026-08-13T14:07:02Z,ORD-903622,taker,2.48
FIL-601281,ACC-2014,MNQ,SELL,3,19759.00,2026-08-13T14:07:17Z,ORD-901937,maker,2.10
FIL-601282,ACC-2016,MNQ,BUY,2,19758.50,2026-08-13T14:09:09Z,ORD-902369,taker,1.40
FIL-601283,ACC-2013,MNQ,SELL,5,19760.00,2026-08-13T14:10:22Z,ORD-901462,maker,3.50
FIL-601284,ACC-2012,MES,SELL,3,5621.25,2026-08-13T14:11:00Z,ORD-901242,maker,2.10
FIL-601285,ACC-2005,ES,BUY,4,5618.25,2026-08-13T14:13:22Z,ORD-900558,maker,8.40
FIL-601286,ACC-2013,MNQ,BUY,5,19759.25,2026-08-13T14:14:27Z,ORD-901463,taker,3.50
FIL-601287,ACC-2016,MNQ,SELL,2,19757.00,2026-08-13T14:19:09Z,ORD-902370,taker,1.40
FIL-601288,ACC-2004,MNQ,SELL,5,19758.00,2026-08-13T14:20:22Z,ORD-900423,taker,3.50
FIL-601289,ACC-2014,MNQ,BUY,3,19759.25,2026-08-13T14:24:17Z,ORD-901938,taker,2.10
FIL-601290,ACC-2015,MNQ,BUY,5,19760.00,2026-08-13T14:26:30Z,ORD-902154,taker,3.50
FIL-601291,ACC-2004,MNQ,BUY,5,19758.75,2026-08-13T14:33:22Z,ORD-900424,maker,3.50
FIL-601292,ACC-2013,MNQ,SELL,5,19759.50,2026-08-13T14:36:27Z,ORD-901464,maker,3.50
FIL-601293,ACC-2013,MNQ,BUY,2,19758.50,2026-08-13T14:42:34Z,ORD-901465,taker,1.40
FIL-601294,ACC-2013,MNQ,BUY,3,19758.50,2026-08-13T14:42:38Z,ORD-901465,maker,2.10
FIL-601295,ACC-2013,MNQ,SELL,5,19758.75,2026-08-13T14:56:34Z,ORD-901466,taker,3.50
FIL-601296,ACC-2013,MNQ,SELL,2,19759.00,2026-08-13T14:58:56Z,ORD-901467,taker,1.40
FIL-601297,ACC-2013,MNQ,SELL,2,19759.00,2026-08-13T14:58:58Z,ORD-901467,taker,1.40
FIL-601298,ACC-2002,ES,SELL,10,5617.25,2026-08-13T15:10:12Z,ORD-900169,taker,21.00
FIL-601299,ACC-2008,MNQ,BUY,1,19759.50,2026-08-13T15:11:05Z,ORD-900957,maker,0.70
FIL-601300,ACC-2031,GC,SELL,3,2477.20,2026-08-13T15:11:47Z,ORD-903244,maker,6.30
FIL-601301,ACC-2035,6E,SELL,2,1.0995,2026-08-13T15:12:11Z,ORD-903549,maker,4.96
FIL-601302,ACC-2050,MES,BUY,4,5617.25,2026-08-13T15:12:18Z,ORD-904631,maker,2.80
FIL-601303,ACC-2043,MES,BUY,4,5617.25,2026-08-13T15:12:54Z,ORD-904156,taker,2.80
FIL-601304,ACC-2026,MCL,SELL,5,73.87,2026-08-13T15:13:04Z,ORD-903064,taker,3.50
FIL-601305,ACC-2037,6E,BUY,3,1.09955,2026-08-13T15:13:14Z,ORD-903717,maker,7.44
FIL-601306,ACC-2032,MCL,BUY,4,73.84,2026-08-13T15:13:23Z,ORD-903334,maker,2.80
FIL-601307,ACC-2041,MCL,BUY,4,73.83,2026-08-13T15:13:33Z,ORD-904018,taker,2.80
FIL-601308,ACC-2003,MES,BUY,8,5616.75,2026-08-13T15:14:26Z,ORD-900301,taker,5.60
FIL-601309,ACC-2030,6E,SELL,4,1.09925,2026-08-13T15:14:44Z,ORD-903146,taker,9.92
FIL-601310,ACC-2014,MNQ,SELL,3,19758.75,2026-08-13T15:14:58Z,ORD-901939,maker,2.10
FIL-601311,ACC-2026,MCL,BUY,5,74.03,2026-08-13T15:15:04Z,ORD-903065,taker,3.50
FIL-601312,ACC-2044,MNQ,BUY,3,19759.75,2026-08-13T15:15:41Z,ORD-904228,taker,2.10
FIL-601313,ACC-2016,MNQ,BUY,2,19758.00,2026-08-13T15:15:48Z,ORD-902371,taker,1.40
FIL-601314,ACC-2010,MES,BUY,1,5617.50,2026-08-13T15:16:07Z,ORD-901091,taker,0.70
FIL-601315,ACC-2035,6E,BUY,2,1.0994,2026-08-13T15:16:11Z,ORD-903550,taker,4.96
FIL-601316,ACC-2001,ES,SELL,6,5618.50,2026-08-13T15:16:27Z,ORD-900041,taker,12.60
FIL-601317,ACC-2051,MCL,BUY,1,73.82,2026-08-13T15:16:50Z,ORD-904718,taker,0.70
FIL-601318,ACC-2052,MCL,SELL,2,73.88,2026-08-13T15:17:18Z,ORD-904794,taker,1.40
FIL-601319,ACC-2023,MES,SELL,6,5618.00,2026-08-13T15:17:37Z,ORD-902838,maker,4.20
FIL-601320,ACC-2015,MNQ,BUY,5,19759.00,2026-08-13T15:17:38Z,ORD-902155,taker,3.50
FIL-601321,ACC-2040,6E,SELL,2,1.09955,2026-08-13T15:17:42Z,ORD-903942,taker,4.96
FIL-601322,ACC-2048,6E,SELL,2,1.0993,2026-08-13T15:18:00Z,ORD-904471,taker,4.96
FIL-601323,ACC-2006,MNQ,BUY,6,19759.25,2026-08-13T15:18:08Z,ORD-900689,maker,4.20
FIL-601324,ACC-2017,MES,BUY,6,5617.25,2026-08-13T15:18:44Z,ORD-902557,taker,4.20
FIL-601325,ACC-2051,MCL,SELL,1,73.48,2026-08-13T15:18:50Z,ORD-904719,maker,0.70
FIL-601326,ACC-2025,ES,SELL,12,5617.50,2026-08-13T15:19:01Z,ORD-902988,taker,25.20
FIL-601327,ACC-2008,MNQ,SELL,1,19776.25,2026-08-13T15:19:05Z,ORD-900958,maker,0.70
FIL-601328,ACC-2024,MNQ,SELL,3,19759.75,2026-08-13T15:19:24Z,ORD-902914,maker,2.10
FIL-601329,ACC-2031,GC,BUY,3,2477.90,2026-08-13T15:19:47Z,ORD-903245,maker,6.30
FIL-601330,ACC-2013,MNQ,BUY,2,19758.75,2026-08-13T15:19:56Z,ORD-901468,taker,1.40
FIL-601331,ACC-2013,MNQ,BUY,2,19758.75,2026-08-13T15:19:57Z,ORD-901468,taker,1.40
FIL-601332,ACC-2052,MCL,BUY,2,73.55,2026-08-13T15:22:18Z,ORD-904795,taker,1.40
FIL-601333,ACC-2001,ES,BUY,6,5617.50,2026-08-13T15:23:27Z,ORD-900042,taker,12.60
FIL-601334,ACC-2040,6E,BUY,2,1.09935,2026-08-13T15:23:42Z,ORD-903943,maker,4.96
FIL-601335,ACC-2013,MNQ,SELL,2,19758.50,2026-08-13T15:26:24Z,ORD-901469,taker,1.40
FIL-601336,ACC-2010,MES,SELL,1,5624.00,2026-08-13T15:27:07Z,ORD-901092,taker,0.70
FIL-601337,ACC-2003,MES,SELL,8,5608.50,2026-08-13T15:29:26Z,ORD-900302,taker,5.60
FIL-601338,ACC-2050,MES,SELL,4,5623.00,2026-08-13T15:30:18Z,ORD-904632,taker,2.80
FIL-601339,ACC-2015,MNQ,SELL,5,19758.75,2026-08-13T15:30:38Z,ORD-902156,maker,3.50
FIL-601340,ACC-2043,MES,SELL,4,5615.75,2026-08-13T15:30:54Z,ORD-904157,taker,2.80
FIL-601341,ACC-2032,MCL,SELL,4,73.83,2026-08-13T15:31:23Z,ORD-903335,taker,2.80
FIL-601342,ACC-2002,ES,BUY,10,5617.50,2026-08-13T15:32:12Z,ORD-900170,maker,21.00
FIL-601343,ACC-2016,MNQ,SELL,2,19756.00,2026-08-13T15:32:48Z,ORD-902372,taker,1.40
FIL-601344,ACC-2014,MNQ,BUY,3,19759.00,2026-08-13T15:33:58Z,ORD-901940,maker,2.10
FIL-601345,ACC-2006,MNQ,SELL,3,19734.25,2026-08-13T15:35:08Z,ORD-900690,taker,2.10
FIL-601346,ACC-2006,MNQ,SELL,3,19734.25,2026-08-13T15:35:12Z,ORD-900690,taker,2.10
FIL-601347,ACC-2023,MES,BUY,6,5616.50,2026-08-13T15:36:37Z,ORD-902839,taker,4.20
FIL-601348,ACC-2017,MES,SELL,6,5617.25,2026-08-13T15:36:44Z,ORD-902558,taker,4.20
FIL-601349,ACC-2041,MCL,SELL,4,73.76,2026-08-13T15:38:33Z,ORD-904019,taker,2.80
FIL-601350,ACC-2044,MNQ,SELL,3,19773.25,2026-08-13T15:38:41Z,ORD-904229,maker,2.10
FIL-601351,ACC-2037,6E,SELL,3,1.0994,2026-08-13T15:39:14Z,ORD-903718,taker,7.44
FIL-601352,ACC-2030,6E,BUY,4,1.09905,2026-08-13T15:41:44Z,ORD-903147,maker,9.92
FIL-601353,ACC-2024,MNQ,BUY,3,19737.50,2026-08-13T15:42:24Z,ORD-902915,maker,2.10
FIL-601354,ACC-2025,ES,BUY,12,5617.50,2026-08-13T15:45:01Z,ORD-902989,taker,25.20
FIL-601355,ACC-2048,6E,BUY,2,1.099,2026-08-13T15:46:00Z,ORD-904472,taker,4.96
FIL-601356,ACC-2013,MNQ,BUY,2,19758.25,2026-08-13T15:53:24Z,ORD-901470,taker,1.40
FIL-601357,ACC-2013,MNQ,BUY,3,19759.25,2026-08-13T15:55:29Z,ORD-901471,taker,2.10
FIL-601358,ACC-2004,MNQ,BUY,2,19758.75,2026-08-13T16:10:08Z,ORD-900425,taker,1.40
FIL-601359,ACC-2004,MNQ,BUY,3,19758.75,2026-08-13T16:10:12Z,ORD-900425,maker,2.10
FIL-601360,ACC-2013,MNQ,SELL,3,19759.50,2026-08-13T16:11:29Z,ORD-901472,taker,2.10
FIL-601361,ACC-2013,MNQ,BUY,2,19759.00,2026-08-13T16:11:35Z,ORD-901473,maker,1.40
FIL-601362,ACC-2015,MNQ,SELL,2,19758.00,2026-08-13T16:20:54Z,ORD-902157,taker,1.40
FIL-601363,ACC-2014,MNQ,SELL,5,19758.50,2026-08-13T16:22:12Z,ORD-901941,taker,3.50
FIL-601364,ACC-2014,MNQ,BUY,5,19758.75,2026-08-13T16:24:12Z,ORD-901942,maker,3.50
FIL-601365,ACC-2016,MNQ,SELL,5,19759.00,2026-08-13T16:27:52Z,ORD-902373,maker,3.50
FIL-601366,ACC-2004,MNQ,SELL,5,19758.25,2026-08-13T16:31:08Z,ORD-900426,taker,3.50
FIL-601367,ACC-2013,MNQ,SELL,2,19759.25,2026-08-13T16:35:35Z,ORD-901474,maker,1.40
FIL-601368,ACC-2016,MNQ,BUY,5,19760.00,2026-08-13T16:40:52Z,ORD-902374,taker,3.50
FIL-601369,ACC-2015,MNQ,BUY,2,19758.75,2026-08-13T16:40:54Z,ORD-902158,taker,1.40
FIL-601370,ACC-2046,MES,SELL,1,5617.25,2026-08-13T16:43:20Z,ORD-904397,taker,0.70
FIL-601371,ACC-2013,MNQ,SELL,2,19758.75,2026-08-13T16:43:30Z,ORD-901475,taker,1.40
FIL-601372,ACC-2007,MES,BUY,2,5617.50,2026-08-13T16:43:36Z,ORD-900839,taker,1.40
FIL-601373,ACC-2007,MES,BUY,3,5617.50,2026-08-13T16:43:37Z,ORD-900839,taker,2.10
FIL-601374,ACC-2012,MES,SELL,1,5618.00,2026-08-13T16:44:28Z,ORD-901243,taker,0.70
FIL-601375,ACC-2049,6E,SELL,2,1.09945,2026-08-13T16:45:02Z,ORD-904531,taker,4.96
FIL-601376,ACC-2006,MNQ,SELL,4,19758.25,2026-08-13T16:46:22Z,ORD-900691,taker,2.80
FIL-601377,ACC-2006,MNQ,SELL,4,19758.25,2026-08-13T16:46:26Z,ORD-900691,taker,2.80
FIL-601378,ACC-2013,MNQ,BUY,2,19758.25,2026-08-13T16:46:30Z,ORD-901476,maker,1.40
FIL-601379,ACC-2036,6E,BUY,4,1.0994,2026-08-13T16:47:16Z,ORD-903623,taker,9.92
FIL-601380,ACC-2011,MES,BUY,3,5617.25,2026-08-13T16:47:18Z,ORD-901165,taker,2.10
FIL-601381,ACC-2009,MNQ,BUY,3,19759.75,2026-08-13T16:47:48Z,ORD-901027,taker,2.10
FIL-601382,ACC-2009,MNQ,SELL,3,19761.50,2026-08-13T16:49:48Z,ORD-901028,taker,2.10
FIL-601383,ACC-2005,ES,BUY,8,5617.75,2026-08-13T16:49:51Z,ORD-900559,taker,16.80
FIL-601384,ACC-2042,MNQ,BUY,2,19758.75,2026-08-13T16:50:50Z,ORD-904080,taker,1.40
FIL-601385,ACC-2012,MES,BUY,1,5613.50,2026-08-13T16:51:28Z,ORD-901244,taker,0.70
FIL-601386,ACC-2006,MNQ,BUY,8,19787.00,2026-08-13T16:53:22Z,ORD-900692,taker,5.60
FIL-601387,ACC-2007,MES,SELL,5,5645.25,2026-08-13T16:53:36Z,ORD-900840,taker,3.50
FIL-601388,ACC-2036,6E,SELL,4,1.09935,2026-08-13T16:55:16Z,ORD-903624,taker,9.92
FIL-601389,ACC-2011,MES,SELL,3,5617.00,2026-08-13T16:55:18Z,ORD-901166,taker,2.10
FIL-601390,ACC-2005,ES,SELL,8,5617.00,2026-08-13T16:56:51Z,ORD-900560,taker,16.80
FIL-601391,ACC-2042,MNQ,SELL,2,19758.00,2026-08-13T16:59:50Z,ORD-904081,taker,1.40
FIL-601392,ACC-2049,6E,BUY,2,1.09935,2026-08-13T17:00:02Z,ORD-904532,taker,4.96
FIL-601393,ACC-2046,MES,BUY,1,5622.75,2026-08-13T17:00:20Z,ORD-904398,maker,0.70
FIL-601394,ACC-2013,MNQ,BUY,3,19759.25,2026-08-13T17:01:29Z,ORD-901477,maker,2.10
FIL-601395,ACC-2013,MNQ,SELL,3,19759.50,2026-08-13T17:07:29Z,ORD-901478,maker,2.10
FIL-601396,ACC-2013,MNQ,BUY,5,19759.00,2026-08-13T17:26:34Z,ORD-901479,maker,3.50
FIL-601397,ACC-2051,MCL,BUY,3,73.89,2026-08-13T17:28:30Z,ORD-904720,taker,2.10
FIL-601398,ACC-2014,MNQ,BUY,5,19759.25,2026-08-13T17:29:53Z,ORD-901943,taker,3.50
FIL-601399,ACC-2015,MNQ,SELL,2,19758.50,2026-08-13T17:30:06Z,ORD-902159,taker,1.40
FIL-601400,ACC-2043,MES,SELL,4,5618.25,2026-08-13T17:31:16Z,ORD-904158,taker,2.80
FIL-601401,ACC-2041,MCL,BUY,1,73.85,2026-08-13T17:31:23Z,ORD-904020,taker,0.70
FIL-601402,ACC-2003,MES,SELL,5,5618.50,2026-08-13T17:32:39Z,ORD-900303,maker,3.50
FIL-601403,ACC-2030,6E,BUY,2,1.09935,2026-08-13T17:32:55Z,ORD-903148,maker,4.96
FIL-601404,ACC-2002,ES,BUY,4,5617.00,2026-08-13T17:33:42Z,ORD-900171,maker,8.40
FIL-601405,ACC-2044,MNQ,SELL,2,19759.00,2026-08-13T17:34:26Z,ORD-904230,taker,1.40
FIL-601406,ACC-2016,MNQ,SELL,2,19758.25,2026-08-13T17:34:46Z,ORD-902375,maker,1.40
FIL-601407,ACC-2001,ES,BUY,8,5618.25,2026-08-13T17:34:47Z,ORD-900043,taker,16.80
FIL-601408,ACC-2016,MNQ,SELL,3,19758.25,2026-08-13T17:34:48Z,ORD-902375,taker,2.10
FIL-601409,ACC-2037,6E,BUY,2,1.09955,2026-08-13T17:36:09Z,ORD-903719,taker,4.96
FIL-601410,ACC-2017,MES,BUY,6,5617.50,2026-08-13T17:37:18Z,ORD-902559,taker,4.20
FIL-601411,ACC-2032,MCL,BUY,4,73.82,2026-08-13T17:37:21Z,ORD-903336,taker,2.80
FIL-601412,ACC-2041,MCL,SELL,1,73.55,2026-08-13T17:37:23Z,ORD-904021,taker,0.70
FIL-601413,ACC-2003,MES,BUY,5,5630.75,2026-08-13T17:38:39Z,ORD-900304,taker,3.50
FIL-601414,ACC-2051,MCL,SELL,3,73.73,2026-08-13T17:39:30Z,ORD-904721,taker,2.10
FIL-601415,ACC-2013,MNQ,SELL,5,19759.00,2026-08-13T17:39:34Z,ORD-901480,taker,3.50
FIL-601416,ACC-2043,MES,BUY,4,5619.00,2026-08-13T17:41:16Z,ORD-904159,taker,2.80
FIL-601417,ACC-2016,MNQ,BUY,5,19759.00,2026-08-13T17:42:46Z,ORD-902376,maker,3.50
FIL-601418,ACC-2015,MNQ,BUY,2,19759.25,2026-08-13T17:44:06Z,ORD-902160,maker,1.40
FIL-601419,ACC-2014,MNQ,SELL,5,19759.00,2026-08-13T17:45:53Z,ORD-901944,maker,3.50
FIL-601420,ACC-2001,ES,SELL,8,5619.50,2026-08-13T17:47:47Z,ORD-900044,maker,16.80
FIL-601421,ACC-2032,MCL,SELL,4,73.81,2026-08-13T17:51:21Z,ORD-903337,maker,2.80
FIL-601422,ACC-2013,MNQ,SELL,3,19758.75,2026-08-13T17:51:23Z,ORD-901481,taker,2.10
FIL-601423,ACC-2044,MNQ,BUY,2,19742.00,2026-08-13T17:52:26Z,ORD-904231,taker,1.40
FIL-601424,ACC-2017,MES,SELL,6,5617.50,2026-08-13T17:54:18Z,ORD-902560,maker,4.20
FIL-601425,ACC-2037,6E,SELL,2,1.09935,2026-08-13T17:58:09Z,ORD-903720,maker,4.96
FIL-601426,ACC-2002,ES,SELL,4,5616.25,2026-08-13T18:00:42Z,ORD-900172,taker,8.40
FIL-601427,ACC-2030,6E,SELL,2,1.0997,2026-08-13T18:00:55Z,ORD-903149,taker,4.96
FIL-601428,ACC-2004,MNQ,SELL,5,19759.75,2026-08-13T18:05:01Z,ORD-900427,taker,3.50
FIL-601429,ACC-2004,MNQ,SELL,5,19759.75,2026-08-13T18:05:02Z,ORD-900427,maker,3.50
FIL-601430,ACC-2013,MNQ,BUY,3,19758.50,2026-08-13T18:07:23Z,ORD-901482,taker,2.10
FIL-601431,ACC-2006,MNQ,SELL,8,19759.50,2026-08-13T18:15:51Z,ORD-900693,taker,5.60
FIL-601432,ACC-2013,MNQ,SELL,3,19758.50,2026-08-13T18:16:41Z,ORD-901483,taker,2.10
FIL-601433,ACC-2004,MNQ,BUY,5,19760.25,2026-08-13T18:19:01Z,ORD-900428,taker,3.50
FIL-601434,ACC-2004,MNQ,BUY,5,19760.25,2026-08-13T18:19:02Z,ORD-900428,maker,3.50
FIL-601435,ACC-2013,MNQ,BUY,3,19758.25,2026-08-13T18:29:41Z,ORD-901484,taker,2.10
FIL-601436,ACC-2006,MNQ,BUY,8,19776.50,2026-08-13T18:33:51Z,ORD-900694,maker,5.60
FIL-601437,ACC-2016,MNQ,SELL,3,19759.75,2026-08-13T18:37:06Z,ORD-902377,taker,2.10
FIL-601438,ACC-2013,MNQ,SELL,3,19758.75,2026-08-13T18:39:45Z,ORD-901485,maker,2.10
FIL-601439,ACC-2015,MNQ,SELL,2,19758.00,2026-08-13T18:43:55Z,ORD-902161,taker,1.40
FIL-601440,ACC-2015,MNQ,SELL,2,19758.00,2026-08-13T18:43:56Z,ORD-902161,taker,1.40
FIL-601441,ACC-2014,MNQ,BUY,4,19759.25,2026-08-13T18:45:09Z,ORD-901945,taker,2.80
FIL-601442,ACC-2016,MNQ,BUY,3,19761.50,2026-08-13T18:46:06Z,ORD-902378,maker,2.10
FIL-601443,ACC-2015,MNQ,BUY,4,19758.25,2026-08-13T18:50:55Z,ORD-902162,taker,2.80
FIL-601444,ACC-2014,MNQ,SELL,4,19759.00,2026-08-13T19:03:09Z,ORD-901946,maker,2.80
FIL-601445,ACC-2013,MNQ,BUY,4,19759.25,2026-08-13T19:04:31Z,ORD-901487,taker,2.80
FIL-601446,ACC-2013,MNQ,BUY,3,19758.50,2026-08-13T19:07:45Z,ORD-901486,maker,2.10
FIL-601447,ACC-2013,MNQ,SELL,2,19759.50,2026-08-13T19:11:31Z,ORD-901488,taker,1.40
FIL-601448,ACC-2013,MNQ,SELL,2,19759.50,2026-08-13T19:11:33Z,ORD-901488,maker,1.40
FIL-601449,ACC-2013,MNQ,SELL,5,19758.00,2026-08-13T19:31:51Z,ORD-901489,taker,3.50
FIL-601450,ACC-2013,MNQ,BUY,5,19757.75,2026-08-13T19:38:51Z,ORD-901490,taker,3.50
FIL-601451,ACC-2012,MES,SELL,2,5617.75,2026-08-13T19:46:01Z,ORD-901245,taker,1.40
FIL-601452,ACC-2003,MES,BUY,10,5617.50,2026-08-13T19:46:16Z,ORD-900305,maker,7.00
FIL-601453,ACC-2038,GC,BUY,4,2477.60,2026-08-13T19:46:16Z,ORD-903789,maker,8.40
FIL-601454,ACC-2045,MCL,BUY,3,73.87,2026-08-13T19:46:19Z,ORD-904289,maker,2.10
FIL-601455,ACC-2011,MES,BUY,1,5617.25,2026-08-13T19:46:39Z,ORD-901167,taker,0.70
FIL-601456,ACC-2017,MES,SELL,7,5617.25,2026-08-13T19:46:40Z,ORD-902561,taker,4.90
FIL-601457,ACC-2014,MNQ,BUY,5,19760.00,2026-08-13T19:46:41Z,ORD-901947,maker,3.50
FIL-601458,ACC-2033,MCL,BUY,2,73.89,2026-08-13T19:46:43Z,ORD-903396,maker,1.40
FIL-601459,ACC-2034,GC,BUY,2,2477.60,2026-08-13T19:46:43Z,ORD-903468,taker,4.20
FIL-601460,ACC-2007,MES,BUY,3,5618.25,2026-08-13T19:47:45Z,ORD-900841,taker,2.10
FIL-601461,ACC-2035,6E,SELL,3,1.0995,2026-08-13T19:47:47Z,ORD-903551,maker,7.44
FIL-601462,ACC-2007,MES,BUY,4,5618.25,2026-08-13T19:47:48Z,ORD-900841,maker,2.80
FIL-601463,ACC-2024,MNQ,SELL,2,19759.50,2026-08-13T19:48:04Z,ORD-902916,taker,1.40
FIL-601464,ACC-2037,6E,SELL,2,1.09935,2026-08-13T19:48:11Z,ORD-903721,maker,4.96
FIL-601465,ACC-2041,MCL,SELL,1,73.85,2026-08-13T19:48:14Z,ORD-904022,taker,0.70
FIL-601466,ACC-2008,MNQ,SELL,2,19759.00,2026-08-13T19:48:25Z,ORD-900959,taker,1.40
FIL-601467,ACC-2048,6E,SELL,3,1.0996,2026-08-13T19:48:42Z,ORD-904473,taker,7.44
FIL-601468,ACC-2005,ES,BUY,7,5617.00,2026-08-13T19:48:45Z,ORD-900561,taker,14.70
FIL-601469,ACC-2004,MNQ,BUY,10,19758.25,2026-08-13T19:48:47Z,ORD-900429,taker,7.00
FIL-601470,ACC-2015,MNQ,BUY,5,19758.25,2026-08-13T19:48:56Z,ORD-902163,taker,3.50
FIL-601471,ACC-2030,6E,SELL,4,1.09955,2026-08-13T19:49:00Z,ORD-903150,maker,9.92
FIL-601472,ACC-2040,6E,SELL,1,1.09945,2026-08-13T19:49:03Z,ORD-903944,maker,2.48
FIL-601473,ACC-2026,MCL,BUY,3,73.89,2026-08-13T19:49:16Z,ORD-903066,maker,2.10
FIL-601474,ACC-2038,GC,SELL,4,2477.60,2026-08-13T19:49:16Z,ORD-903790,taker,8.40
FIL-601475,ACC-2044,MNQ,SELL,4,19759.00,2026-08-13T19:49:35Z,ORD-904232,maker,2.80
FIL-601476,ACC-2023,MES,SELL,4,5617.75,2026-08-13T19:50:10Z,ORD-902840,taker,2.80
FIL-601477,ACC-2042,MNQ,SELL,3,19759.75,2026-08-13T19:50:12Z,ORD-904082,taker,2.10
FIL-601478,ACC-2016,MNQ,SELL,4,19759.75,2026-08-13T19:50:17Z,ORD-902379,taker,2.80
FIL-601479,ACC-2046,MES,SELL,4,5616.75,2026-08-13T19:50:41Z,ORD-904399,taker,2.80
FIL-601480,ACC-2009,MNQ,SELL,3,19759.00,2026-08-13T19:50:51Z,ORD-901029,taker,2.10
FIL-601481,ACC-2039,6E,SELL,3,1.09935,2026-08-13T19:50:59Z,ORD-903859,taker,7.44
FIL-601482,ACC-2010,MES,SELL,1,5616.75,2026-08-13T19:51:06Z,ORD-901093,taker,0.70
FIL-601483,ACC-2006,MNQ,BUY,8,19758.00,2026-08-13T19:51:08Z,ORD-900695,taker,5.60
FIL-601484,ACC-2019,MES,BUY,2,5618.00,2026-08-13T19:51:16Z,ORD-902636,maker,1.40
FIL-601485,ACC-2050,MES,SELL,1,5617.00,2026-08-13T19:51:42Z,ORD-904633,taker,0.70
FIL-601486,ACC-2051,MCL,SELL,2,73.90,2026-08-13T19:51:44Z,ORD-904722,taker,1.40
FIL-601487,ACC-2022,MNQ,BUY,2,19759.50,2026-08-13T19:51:49Z,ORD-902752,taker,1.40
FIL-601488,ACC-2018,MES,BUY,3,5618.50,2026-08-13T19:51:52Z,ORD-902632,taker,2.10
FIL-601489,ACC-2002,ES,BUY,9,5617.75,2026-08-13T19:52:11Z,ORD-900173,taker,18.90
FIL-601490,ACC-2005,ES,SELL,7,5616.75,2026-08-13T19:52:45Z,ORD-900562,maker,14.70
FIL-601491,ACC-2032,MCL,BUY,3,73.89,2026-08-13T19:52:54Z,ORD-903338,maker,2.10
FIL-601492,ACC-2025,ES,SELL,8,5618.25,2026-08-13T19:53:03Z,ORD-902990,taker,16.80
FIL-601493,ACC-2023,MES,BUY,4,5615.25,2026-08-13T19:53:10Z,ORD-902841,taker,2.80
FIL-601494,ACC-2052,MCL,SELL,4,73.86,2026-08-13T19:53:13Z,ORD-904796,taker,2.80
FIL-601495,ACC-2001,ES,SELL,8,5617.50,2026-08-13T19:53:20Z,ORD-900045,maker,16.80
FIL-601496,ACC-2036,6E,BUY,1,1.0994,2026-08-13T19:53:21Z,ORD-903625,taker,2.48
FIL-601497,ACC-2020,MES,BUY,3,5617.25,2026-08-13T19:53:38Z,ORD-902640,taker,2.10
FIL-601498,ACC-2034,GC,SELL,2,2476.10,2026-08-13T19:53:43Z,ORD-903469,maker,4.20
FIL-601499,ACC-2031,GC,SELL,4,2477.60,2026-08-13T19:54:32Z,ORD-903246,taker,8.40
FIL-601500,ACC-2017,MES,BUY,3,5617.25,2026-08-13T19:54:40Z,ORD-902562,maker,2.10
FIL-601501,ACC-2017,MES,BUY,4,5617.25,2026-08-13T19:54:43Z,ORD-902562,taker,2.80
FIL-601502,ACC-2013,MNQ,BUY,2,19758.25,2026-08-13T19:54:47Z,ORD-901491,taker,1.40
FIL-601503,ACC-2021,MNQ,BUY,4,19758.75,2026-08-13T19:55:09Z,ORD-902748,taker,2.80
FIL-601504,ACC-2052,MCL,BUY,2,73.65,2026-08-13T19:55:13Z,ORD-904797,taker,1.40
FIL-601505,ACC-2052,MCL,BUY,2,73.65,2026-08-13T19:55:15Z,ORD-904797,maker,1.40
FIL-601506,ACC-2043,MES,BUY,4,5617.50,2026-08-13T19:55:39Z,ORD-904160,taker,2.80
FIL-601507,ACC-2015,MNQ,SELL,5,19758.00,2026-08-13T19:55:56Z,ORD-902164,taker,3.50
FIL-601508,ACC-2053,MES,BUY,1,5617.00,2026-08-13T19:55:57Z,ORD-904870,maker,0.70
FIL-601509,ACC-2049,6E,BUY,4,1.09945,2026-08-13T19:55:58Z,ORD-904533,taker,9.92
FIL-601510,ACC-2007,MES,SELL,7,5629.50,2026-08-13T19:56:45Z,ORD-900842,taker,4.90
FIL-601511,ACC-2013,MNQ,SELL,2,19758.25,2026-08-13T19:56:47Z,ORD-901492,maker,1.40
FIL-601512,ACC-2040,6E,BUY,1,1.0989,2026-08-13T19:57:03Z,ORD-903945,taker,2.48
FIL-601513,ACC-2006,MNQ,SELL,4,19747.50,2026-08-13T19:57:08Z,ORD-900696,taker,2.80
FIL-601514,ACC-2006,MNQ,SELL,4,19747.50,2026-08-13T19:57:12Z,ORD-900696,taker,2.80
FIL-601515,ACC-2042,MNQ,BUY,3,19760.25,2026-08-13T19:57:12Z,ORD-904083,taker,2.10
FIL-601516,ACC-2041,MCL,BUY,1,74.15,2026-08-13T19:57:14Z,ORD-904023,maker,0.70
FIL-601517,ACC-2046,MES,BUY,4,5618.00,2026-08-13T19:57:41Z,ORD-904400,taker,2.80
FIL-601518,ACC-2033,MCL,SELL,2,74.35,2026-08-13T19:57:43Z,ORD-903397,taker,1.40
FIL-601519,ACC-2053,MES,SELL,1,5593.75,2026-08-13T19:57:57Z,ORD-904871,taker,0.70
FIL-601520,ACC-2024,MNQ,BUY,2,19728.00,2026-08-13T19:58:04Z,ORD-902917,taker,1.40
FIL-601521,ACC-2010,MES,BUY,1,5600.00,2026-08-13T19:58:06Z,ORD-901094,taker,0.70
FIL-601522,ACC-2019,MES,SELL,2,5617.75,2026-08-13T19:58:16Z,ORD-902637,taker,1.40
FIL-601523,ACC-2008,MNQ,BUY,2,19748.00,2026-08-13T19:58:25Z,ORD-900960,taker,1.40
FIL-601524,ACC-2022,MNQ,SELL,2,19757.25,2026-08-13T19:58:49Z,ORD-902753,taker,1.40
FIL-601525,ACC-2025,ES,BUY,8,5617.75,2026-08-13T19:59:03Z,ORD-902991,taker,16.80
FIL-601526,ACC-2049,6E,SELL,4,1.0995,2026-08-13T19:59:58Z,ORD-904534,maker,9.92
FIL-601527,ACC-2020,MES,SELL,3,5621.75,2026-08-13T20:00:38Z,ORD-902641,taker,2.10
FIL-601528,ACC-2043,MES,SELL,4,5616.00,2026-08-13T20:01:39Z,ORD-904161,taker,2.80
FIL-601529,ACC-2032,MCL,SELL,3,73.88,2026-08-13T20:02:54Z,ORD-903339,taker,2.10
FIL-601530,ACC-2037,6E,BUY,2,1.0995,2026-08-13T20:03:11Z,ORD-903722,taker,4.96
FIL-601531,ACC-2026,MCL,SELL,3,73.45,2026-08-13T20:03:16Z,ORD-903067,maker,2.10
FIL-601532,ACC-2030,6E,BUY,4,1.09945,2026-08-13T20:04:00Z,ORD-903151,maker,9.92
FIL-601533,ACC-2016,MNQ,BUY,4,19760.50,2026-08-13T20:06:17Z,ORD-902380,maker,2.80
FIL-601534,ACC-2050,MES,BUY,1,5598.50,2026-08-13T20:06:42Z,ORD-904634,taker,0.70
FIL-601535,ACC-2018,MES,SELL,3,5612.50,2026-08-13T20:06:52Z,ORD-902633,taker,2.10
FIL-601536,ACC-2021,MNQ,SELL,4,19753.75,2026-08-13T20:07:09Z,ORD-902749,maker,2.80
FIL-601537,ACC-2014,MNQ,SELL,5,19759.75,2026-08-13T20:09:41Z,ORD-901948,taker,3.50
FIL-601538,ACC-2036,6E,SELL,1,1.0993,2026-08-13T20:10:21Z,ORD-903626,taker,2.48
FIL-601539,ACC-2035,6E,BUY,3,1.09945,2026-08-13T20:10:47Z,ORD-903552,taker,7.44
FIL-601540,ACC-2012,MES,BUY,2,5612.25,2026-08-13T20:11:01Z,ORD-901246,taker,1.40
FIL-601541,ACC-2045,MCL,SELL,3,74.47,2026-08-13T20:11:19Z,ORD-904290,taker,2.10
FIL-601542,ACC-2002,ES,SELL,9,5617.50,2026-08-13T20:12:11Z,ORD-900174,taker,18.90
FIL-601543,ACC-2044,MNQ,BUY,4,19749.50,2026-08-13T20:12:35Z,ORD-904233,taker,2.80
FIL-601544,ACC-2011,MES,SELL,1,5616.50,2026-08-13T20:12:39Z,ORD-901168,maker,0.70
FIL-601545,ACC-2048,6E,BUY,3,1.09935,2026-08-13T20:12:42Z,ORD-904474,maker,7.44
FIL-601546,ACC-2003,MES,SELL,10,5603.25,2026-08-13T20:13:16Z,ORD-900306,taker,7.00
FIL-601547,ACC-2051,MCL,BUY,2,74.00,2026-08-13T20:15:44Z,ORD-904723,taker,1.40
FIL-601548,ACC-2001,ES,BUY,8,5616.00,2026-08-13T20:16:20Z,ORD-900046,taker,16.80
FIL-601549,ACC-2004,MNQ,SELL,10,19757.75,2026-08-13T20:16:47Z,ORD-900430,taker,7.00
FIL-601550,ACC-2039,6E,BUY,3,1.10015,2026-08-13T20:17:59Z,ORD-903860,taker,7.44
FIL-601551,ACC-2009,MNQ,BUY,3,19757.75,2026-08-13T20:18:51Z,ORD-901030,taker,2.10
FIL-601552,ACC-2031,GC,BUY,4,2478.00,2026-08-13T20:20:32Z,ORD-903247,taker,8.40
FIL-601553,ACC-2045,MNQ,SELL,3,19770.75,2026-08-14T10:34:09Z,ORD-904291,taker,2.10
FIL-601554,ACC-2013,MNQ,SELL,2,19769.00,2026-08-14T10:34:11Z,ORD-901493,maker,1.40
FIL-601555,ACC-2006,MES,BUY,7,5620.25,2026-08-14T10:34:12Z,ORD-900697,taker,4.90
FIL-601556,ACC-2014,MNQ,SELL,3,19769.25,2026-08-14T10:34:23Z,ORD-901949,taker,2.10
FIL-601557,ACC-2022,MNQ,BUY,2,19768.75,2026-08-14T10:34:42Z,ORD-902758,maker,1.40
FIL-601558,ACC-2037,MES,SELL,1,5620.50,2026-08-14T10:34:48Z,ORD-903723,taker,0.70
FIL-601559,ACC-2043,6E,BUY,1,1.0999,2026-08-14T10:35:01Z,ORD-904162,taker,2.48
FIL-601560,ACC-2049,GC,SELL,4,2478.50,2026-08-14T10:35:04Z,ORD-904535,taker,8.40
FIL-601561,ACC-2005,NQ,BUY,3,19769.00,2026-08-14T10:35:05Z,ORD-900563,taker,6.30
FIL-601562,ACC-2005,NQ,BUY,3,19769.00,2026-08-14T10:35:06Z,ORD-900563,maker,6.30
FIL-601563,ACC-2044,GC,BUY,2,2478.60,2026-08-14T10:35:12Z,ORD-904234,taker,4.20
FIL-601564,ACC-2035,GC,SELL,2,2478.90,2026-08-14T10:36:16Z,ORD-903553,taker,4.20
FIL-601565,ACC-2042,MES,BUY,2,5621.25,2026-08-14T10:36:28Z,ORD-904084,maker,1.40
FIL-601566,ACC-2010,MNQ,SELL,1,19769.50,2026-08-14T10:36:39Z,ORD-901095,taker,0.70
FIL-601567,ACC-2039,6E,BUY,2,1.1002,2026-08-14T10:37:23Z,ORD-903861,taker,4.96
FIL-601568,ACC-2036,6E,SELL,3,1.1001,2026-08-14T10:37:30Z,ORD-903627,taker,7.44
FIL-601569,ACC-2046,MES,BUY,4,5621.00,2026-08-14T10:37:30Z,ORD-904401,taker,2.80
FIL-601570,ACC-2022,MNQ,SELL,2,19778.50,2026-08-14T10:37:42Z,ORD-902759,taker,1.40
FIL-601571,ACC-2003,MES,BUY,6,5621.00,2026-08-14T10:37:46Z,ORD-900307,maker,4.20
FIL-601572,ACC-2004,NQ,BUY,9,19770.00,2026-08-14T10:37:49Z,ORD-900431,taker,18.90
FIL-601573,ACC-2053,MES,BUY,2,5621.25,2026-08-14T10:38:07Z,ORD-904872,maker,1.40
FIL-601574,ACC-2011,MES,BUY,1,5620.75,2026-08-14T10:38:08Z,ORD-901169,taker,0.70
FIL-601575,ACC-2026,MCL,BUY,2,73.90,2026-08-14T10:38:13Z,ORD-903068,taker,1.40
FIL-601576,ACC-2026,MCL,BUY,3,73.90,2026-08-14T10:38:16Z,ORD-903068,taker,2.10
FIL-601577,ACC-2019,MES,SELL,3,5620.75,2026-08-14T10:38:23Z,ORD-902646,maker,2.10
FIL-601578,ACC-2052,MCL,BUY,3,73.87,2026-08-14T10:38:49Z,ORD-904798,maker,2.10
FIL-601579,ACC-2018,MES,BUY,2,5620.00,2026-08-14T10:38:50Z,ORD-902642,taker,1.40
FIL-601580,ACC-2001,ES,BUY,2,5621.50,2026-08-14T10:39:01Z,ORD-900047,taker,4.20
FIL-601581,ACC-2001,ES,BUY,2,5621.50,2026-08-14T10:39:04Z,ORD-900047,maker,4.20
FIL-601582,ACC-2031,GC,BUY,1,2478.90,2026-08-14T10:39:08Z,ORD-903248,maker,2.10
FIL-601583,ACC-2050,MES,BUY,4,5621.25,2026-08-14T10:39:23Z,ORD-904635,taker,2.80
FIL-601584,ACC-2025,ES,SELL,11,5620.00,2026-08-14T10:39:28Z,ORD-902992,taker,23.10
FIL-601585,ACC-2017,MES,SELL,6,5621.00,2026-08-14T10:40:05Z,ORD-902563,taker,4.20
FIL-601586,ACC-2009,MNQ,BUY,2,19769.75,2026-08-14T10:40:24Z,ORD-901031,taker,1.40
FIL-601587,ACC-2007,ES,BUY,4,5621.75,2026-08-14T10:40:41Z,ORD-900843,taker,8.40
FIL-601588,ACC-2023,MES,BUY,6,5621.25,2026-08-14T10:40:47Z,ORD-902842,taker,4.20
FIL-601589,ACC-2051,MCL,BUY,1,73.86,2026-08-14T10:40:57Z,ORD-904724,maker,0.70
FIL-601590,ACC-2021,MNQ,SELL,3,19770.00,2026-08-14T10:41:05Z,ORD-902754,maker,2.10
FIL-601591,ACC-2030,6E,BUY,3,1.09995,2026-08-14T10:41:09Z,ORD-903152,taker,7.44
FIL-601592,ACC-2035,GC,BUY,2,2478.70,2026-08-14T10:41:16Z,ORD-903554,maker,4.20
FIL-601593,ACC-2024,MNQ,SELL,2,19769.75,2026-08-14T10:41:17Z,ORD-902918,taker,1.40
FIL-601594,ACC-2040,6E,BUY,1,1.09985,2026-08-14T10:41:19Z,ORD-903946,taker,2.48
FIL-601595,ACC-2048,MES,BUY,2,5620.50,2026-08-14T10:41:28Z,ORD-904475,taker,1.40
FIL-601596,ACC-2015,MNQ,SELL,2,19768.75,2026-08-14T10:41:45Z,ORD-902165,maker,1.40
FIL-601597,ACC-2037,MES,BUY,1,5623.50,2026-08-14T10:41:48Z,ORD-903724,taker,0.70
FIL-601598,ACC-2033,MCL,SELL,1,73.93,2026-08-14T10:42:12Z,ORD-903398,maker,0.70
FIL-601599,ACC-2038,MNQ,BUY,4,19770.75,2026-08-14T10:42:19Z,ORD-903791,taker,2.80
FIL-601600,ACC-2016,MNQ,BUY,3,19770.00,2026-08-14T10:42:21Z,ORD-902381,taker,2.10
FIL-601601,ACC-2042,MES,SELL,2,5609.50,2026-08-14T10:42:28Z,ORD-904085,maker,1.40
FIL-601602,ACC-2041,MCL,SELL,3,73.89,2026-08-14T10:42:33Z,ORD-904024,taker,2.10
FIL-601603,ACC-2020,MES,BUY,3,5621.50,2026-08-14T10:42:47Z,ORD-902650,taker,2.10
FIL-601604,ACC-2051,MCL,SELL,1,72.39,2026-08-14T10:42:57Z,ORD-904725,maker,0.70
FIL-601605,ACC-2012,MES,BUY,1,5620.00,2026-08-14T10:43:05Z,ORD-901247,maker,0.70
FIL-601606,ACC-2034,MES,BUY,4,5621.00,2026-08-14T10:43:07Z,ORD-903470,taker,2.80
FIL-601607,ACC-2011,MES,SELL,1,5622.00,2026-08-14T10:43:08Z,ORD-901170,taker,0.70
FIL-601608,ACC-2031,GC,SELL,1,2477.90,2026-08-14T10:43:08Z,ORD-903249,maker,2.10
FIL-601609,ACC-2032,MCL,SELL,2,73.88,2026-08-14T10:43:21Z,ORD-903340,taker,1.40
FIL-601610,ACC-2008,MNQ,SELL,2,19769.25,2026-08-14T10:43:27Z,ORD-900961,maker,1.40
FIL-601611,ACC-2002,MES,BUY,5,5620.00,2026-08-14T10:43:40Z,ORD-900175,taker,3.50
FIL-601612,ACC-2016,MNQ,SELL,3,19770.50,2026-08-14T10:44:21Z,ORD-902382,maker,2.10
FIL-601613,ACC-2009,MNQ,SELL,2,19767.00,2026-08-14T10:44:24Z,ORD-901032,taker,1.40
FIL-601614,ACC-2004,NQ,SELL,9,19767.75,2026-08-14T10:44:49Z,ORD-900432,taker,18.90
FIL-601615,ACC-2039,6E,SELL,2,1.10035,2026-08-14T10:45:23Z,ORD-903862,taker,4.96
FIL-601616,ACC-2046,MES,SELL,4,5616.25,2026-08-14T10:45:30Z,ORD-904402,maker,2.80
FIL-601617,ACC-2010,MNQ,BUY,1,19741.25,2026-08-14T10:45:39Z,ORD-901096,maker,0.70
FIL-601618,ACC-2052,MCL,SELL,3,73.81,2026-08-14T10:45:49Z,ORD-904799,maker,2.10
FIL-601619,ACC-2049,GC,BUY,4,2478.60,2026-08-14T10:47:04Z,ORD-904536,maker,8.40
FIL-601620,ACC-2012,MES,SELL,1,5615.00,2026-08-14T10:47:05Z,ORD-901248,taker,0.70
FIL-601621,ACC-2021,MNQ,BUY,3,19754.75,2026-08-14T10:48:05Z,ORD-902755,taker,2.10
FIL-601622,ACC-2013,MNQ,BUY,2,19768.00,2026-08-14T10:48:11Z,ORD-901494,maker,1.40
FIL-601623,ACC-2038,MNQ,SELL,4,19763.00,2026-08-14T10:48:19Z,ORD-903792,taker,2.80
FIL-601624,ACC-2002,MES,SELL,5,5612.50,2026-08-14T10:48:40Z,ORD-900176,taker,3.50
FIL-601625,ACC-2030,6E,SELL,3,1.09995,2026-08-14T10:49:09Z,ORD-903153,taker,7.44
FIL-601626,ACC-2044,GC,SELL,2,2477.70,2026-08-14T10:50:12Z,ORD-904235,maker,4.20
FIL-601627,ACC-2014,MNQ,BUY,3,19767.75,2026-08-14T10:50:23Z,ORD-901950,taker,2.10
FIL-601628,ACC-2006,MES,SELL,3,5608.75,2026-08-14T10:51:12Z,ORD-900698,taker,2.10
FIL-601629,ACC-2006,MES,SELL,4,5608.75,2026-08-14T10:51:13Z,ORD-900698,taker,2.80
FIL-601630,ACC-2023,MES,SELL,6,5621.75,2026-08-14T10:51:47Z,ORD-902843,taker,4.20
FIL-601631,ACC-2043,6E,SELL,1,1.1008,2026-08-14T10:52:01Z,ORD-904163,taker,2.48
FIL-601632,ACC-2033,MCL,BUY,1,73.67,2026-08-14T10:52:12Z,ORD-903399,maker,0.70
FIL-601633,ACC-2045,MNQ,BUY,3,19747.75,2026-08-14T10:53:09Z,ORD-904292,maker,2.10
FIL-601634,ACC-2001,ES,SELL,4,5619.50,2026-08-14T10:54:01Z,ORD-900048,taker,8.40
FIL-601635,ACC-2005,NQ,SELL,6,19770.00,2026-08-14T10:54:05Z,ORD-900564,taker,12.60
FIL-601636,ACC-2050,MES,SELL,4,5620.50,2026-08-14T10:54:23Z,ORD-904636,taker,2.80
FIL-601637,ACC-2008,MNQ,BUY,2,19773.75,2026-08-14T10:54:27Z,ORD-900962,maker,1.40
FIL-601638,ACC-2019,MES,BUY,3,5623.50,2026-08-14T10:55:23Z,ORD-902647,taker,2.10
FIL-601639,ACC-2007,ES,SELL,4,5623.50,2026-08-14T10:56:41Z,ORD-900844,taker,8.40
FIL-601640,ACC-2003,MES,SELL,6,5611.50,2026-08-14T10:57:46Z,ORD-900308,maker,4.20
FIL-601641,ACC-2040,6E,SELL,1,1.1002,2026-08-14T10:58:19Z,ORD-903947,maker,2.48
FIL-601642,ACC-2025,ES,BUY,11,5619.50,2026-08-14T11:01:28Z,ORD-902993,taker,23.10
FIL-601643,ACC-2036,6E,BUY,3,1.1002,2026-08-14T11:01:30Z,ORD-903628,taker,7.44
FIL-601644,ACC-2041,MCL,BUY,3,74.13,2026-08-14T11:01:33Z,ORD-904025,taker,2.10
FIL-601645,ACC-2053,MES,SELL,2,5630.75,2026-08-14T11:03:07Z,ORD-904873,taker,1.40
FIL-601646,ACC-2015,MNQ,BUY,2,19769.25,2026-08-14T11:03:45Z,ORD-902166,taker,1.40
FIL-601647,ACC-2020,MES,SELL,3,5621.75,2026-08-14T11:04:47Z,ORD-902651,taker,2.10
FIL-601648,ACC-2013,MNQ,SELL,5,19770.50,2026-08-14T11:04:56Z,ORD-901495,taker,3.50
FIL-601649,ACC-2017,MES,BUY,6,5624.25,2026-08-14T11:05:05Z,ORD-902564,maker,4.20
FIL-601650,ACC-2018,MES,SELL,2,5615.75,2026-08-14T11:05:50Z,ORD-902643,maker,1.40
FIL-601651,ACC-2026,MCL,SELL,5,73.25,2026-08-14T11:06:13Z,ORD-903069,taker,3.50
FIL-601652,ACC-2032,MCL,BUY,2,74.94,2026-08-14T11:06:21Z,ORD-903341,taker,1.40
FIL-601653,ACC-2034,MES,SELL,4,5615.50,2026-08-14T11:08:07Z,ORD-903471,taker,2.80
FIL-601654,ACC-2048,MES,SELL,2,5591.50,2026-08-14T11:08:28Z,ORD-904476,taker,1.40
FIL-601655,ACC-2024,MNQ,BUY,2,19805.00,2026-08-14T11:09:17Z,ORD-902919,taker,1.40
FIL-601656,ACC-2013,MNQ,BUY,4,19770.00,2026-08-14T11:28:18Z,ORD-901497,maker,2.80
FIL-601657,ACC-2013,MNQ,SELL,4,19770.50,2026-08-14T11:32:18Z,ORD-901498,maker,2.80
FIL-601658,ACC-2013,MNQ,BUY,5,19770.25,2026-08-14T11:32:56Z,ORD-901496,taker,3.50
FIL-601659,ACC-2015,MNQ,BUY,3,19769.25,2026-08-14T11:45:30Z,ORD-902167,taker,2.10
FIL-601660,ACC-2016,MNQ,BUY,3,19770.25,2026-08-14T11:47:24Z,ORD-902383,taker,2.10
FIL-601661,ACC-2014,MNQ,BUY,5,19769.00,2026-08-14T11:47:40Z,ORD-901951,taker,3.50
FIL-601662,ACC-2013,MNQ,BUY,4,19770.25,2026-08-14T11:50:13Z,ORD-901499,maker,2.80
FIL-601663,ACC-2013,MNQ,SELL,4,19770.75,2026-08-14T11:54:13Z,ORD-901500,maker,2.80
FIL-601664,ACC-2015,MNQ,SELL,3,19768.75,2026-08-14T12:07:30Z,ORD-902168,taker,2.10
FIL-601665,ACC-2001,ES,BUY,8,5620.50,2026-08-14T12:10:15Z,ORD-900049,taker,16.80
FIL-601666,ACC-2004,NQ,BUY,10,19769.00,2026-08-14T12:11:25Z,ORD-900433,maker,21.00
FIL-601667,ACC-2016,MNQ,SELL,3,19770.50,2026-08-14T12:13:24Z,ORD-902384,taker,2.10
FIL-601668,ACC-2014,MNQ,SELL,5,19770.00,2026-08-14T12:15:40Z,ORD-901952,maker,3.50
FIL-601669,ACC-2013,MNQ,SELL,3,19770.25,2026-08-14T12:18:54Z,ORD-901501,taker,2.10
FIL-601670,ACC-2006,MES,SELL,5,5620.75,2026-08-14T12:28:10Z,ORD-900699,taker,3.50
FIL-601671,ACC-2004,NQ,SELL,10,19766.75,2026-08-14T12:28:25Z,ORD-900434,taker,21.00
FIL-601672,ACC-2003,MES,BUY,4,5620.25,2026-08-14T12:30:35Z,ORD-900309,taker,2.80
FIL-601673,ACC-2006,MES,BUY,5,5640.75,2026-08-14T12:31:10Z,ORD-900700,taker,3.50
FIL-601674,ACC-2007,ES,BUY,4,5619.75,2026-08-14T12:33:02Z,ORD-900845,taker,8.40
FIL-601675,ACC-2001,ES,SELL,8,5619.00,2026-08-14T12:34:15Z,ORD-900050,maker,16.80
FIL-601676,ACC-2013,MNQ,BUY,3,19769.75,2026-08-14T12:39:54Z,ORD-901502,maker,2.10
FIL-601677,ACC-2013,MNQ,BUY,4,19770.25,2026-08-14T12:40:56Z,ORD-901503,taker,2.80
FIL-601678,ACC-2007,ES,SELL,2,5621.25,2026-08-14T12:46:02Z,ORD-900846,taker,4.20
FIL-601679,ACC-2007,ES,SELL,2,5621.25,2026-08-14T12:46:05Z,ORD-900846,maker,4.20
FIL-601680,ACC-2045,MNQ,SELL,1,19769.50,2026-08-14T12:52:56Z,ORD-904293,taker,0.70
FIL-601681,ACC-2015,MNQ,SELL,3,19770.25,2026-08-14T12:53:08Z,ORD-902169,maker,2.10
FIL-601682,ACC-2035,GC,SELL,3,2478.80,2026-08-14T12:54:09Z,ORD-903555,taker,6.30
FIL-601683,ACC-2016,MNQ,SELL,2,19770.00,2026-08-14T12:54:12Z,ORD-902385,taker,1.40
FIL-601684,ACC-2038,MNQ,BUY,2,19769.25,2026-08-14T12:54:36Z,ORD-903793,maker,1.40
FIL-601685,ACC-2031,GC,BUY,3,2478.60,2026-08-14T12:54:53Z,ORD-903250,taker,6.30
FIL-601686,ACC-2003,MES,SELL,4,5596.75,2026-08-14T12:55:35Z,ORD-900310,maker,2.80
FIL-601687,ACC-2051,MCL,BUY,1,73.89,2026-08-14T12:56:05Z,ORD-904726,taker,0.70
FIL-601688,ACC-2017,MES,BUY,5,5621.50,2026-08-14T12:57:21Z,ORD-902565,taker,3.50
FIL-601689,ACC-2014,MNQ,SELL,4,19769.50,2026-08-14T12:57:24Z,ORD-901953,maker,2.80
FIL-601690,ACC-2045,MNQ,BUY,1,19659.75,2026-08-14T12:57:56Z,ORD-904294,taker,0.70
FIL-601691,ACC-2038,MNQ,SELL,2,19752.25,2026-08-14T12:58:36Z,ORD-903794,taker,1.40
FIL-601692,ACC-2002,MES,BUY,6,5621.50,2026-08-14T12:59:36Z,ORD-900177,taker,4.20
FIL-601693,ACC-2013,MNQ,BUY,5,19769.75,2026-08-14T13:00:41Z,ORD-901505,maker,3.50
FIL-601694,ACC-2005,NQ,SELL,4,19770.25,2026-08-14T13:00:52Z,ORD-900565,maker,8.40
FIL-601695,ACC-2015,MNQ,BUY,3,19770.75,2026-08-14T13:01:08Z,ORD-902170,maker,2.10
FIL-601696,ACC-2002,MES,SELL,6,5615.50,2026-08-14T13:06:36Z,ORD-900178,maker,4.20
FIL-601697,ACC-2031,GC,SELL,3,2478.30,2026-08-14T13:06:53Z,ORD-903251,maker,6.30
FIL-601698,ACC-2013,MNQ,SELL,4,19770.50,2026-08-14T13:06:56Z,ORD-901504,maker,2.80
FIL-601699,ACC-2051,MCL,SELL,1,72.90,2026-08-14T13:12:05Z,ORD-904727,maker,0.70
FIL-601700,ACC-2013,MNQ,SELL,2,19770.00,2026-08-14T13:15:41Z,ORD-901506,maker,1.40
FIL-601701,ACC-2013,MNQ,SELL,3,19770.00,2026-08-14T13:15:44Z,ORD-901506,taker,2.10
FIL-601702,ACC-2014,MNQ,BUY,4,19768.25,2026-08-14T13:18:24Z,ORD-901954,maker,2.80
FIL-601703,ACC-2016,MNQ,BUY,2,19769.50,2026-08-14T13:19:12Z,ORD-902386,maker,1.40
FIL-601704,ACC-2035,GC,BUY,3,2478.60,2026-08-14T13:20:09Z,ORD-903556,taker,6.30
FIL-601705,ACC-2017,MES,SELL,5,5618.25,2026-08-14T13:22:21Z,ORD-902566,taker,3.50
FIL-601706,ACC-2005,NQ,BUY,2,19769.00,2026-08-14T13:24:52Z,ORD-900566,maker,4.20
FIL-601707,ACC-2005,NQ,BUY,2,19769.00,2026-08-14T13:24:56Z,ORD-900566,maker,4.20
FIL-601708,ACC-2013,MNQ,BUY,4,19769.50,2026-08-14T13:28:20Z,ORD-901507,taker,2.80
FIL-601709,ACC-2013,MNQ,SELL,4,19770.00,2026-08-14T13:39:20Z,ORD-901508,taker,2.80
FIL-601710,ACC-2050,MES,BUY,2,5620.75,2026-08-14T13:39:46Z,ORD-904637,taker,1.40
FIL-601711,ACC-2004,NQ,SELL,4,19770.00,2026-08-14T13:40:47Z,ORD-900435,taker,8.40
FIL-601712,ACC-2004,NQ,SELL,4,19770.00,2026-08-14T13:40:48Z,ORD-900435,taker,8.40
FIL-601713,ACC-2001,ES,BUY,4,5621.50,2026-08-14T13:42:15Z,ORD-900051,taker,8.40
FIL-601714,ACC-2030,6E,SELL,3,1.10005,2026-08-14T13:42:23Z,ORD-903154,taker,7.44
FIL-601715,ACC-2004,NQ,BUY,8,19772.75,2026-08-14T13:42:47Z,ORD-900436,taker,16.80
FIL-601716,ACC-2041,MCL,BUY,3,73.92,2026-08-14T13:45:23Z,ORD-904026,taker,2.10
FIL-601717,ACC-2048,MES,SELL,2,5620.50,2026-08-14T13:45:35Z,ORD-904477,taker,1.40
FIL-601718,ACC-2036,6E,BUY,1,1.1001,2026-08-14T13:46:12Z,ORD-903629,taker,2.48
FIL-601719,ACC-2052,MCL,BUY,3,73.89,2026-08-14T13:47:07Z,ORD-904800,taker,2.10
FIL-601720,ACC-2030,6E,BUY,3,1.10005,2026-08-14T13:52:23Z,ORD-903155,taker,7.44
FIL-601721,ACC-2013,MNQ,BUY,3,19769.00,2026-08-14T13:52:38Z,ORD-901509,maker,2.10
FIL-601722,ACC-2001,ES,SELL,4,5618.50,2026-08-14T13:55:15Z,ORD-900052,maker,8.40
FIL-601723,ACC-2013,MNQ,SELL,3,19769.25,2026-08-14T13:55:38Z,ORD-901510,taker,2.10
FIL-601724,ACC-2036,6E,SELL,1,1.0997,2026-08-14T13:58:12Z,ORD-903630,taker,2.48
FIL-601725,ACC-2041,MCL,SELL,3,73.68,2026-08-14T13:58:23Z,ORD-904027,taker,2.10
FIL-601726,ACC-2015,MNQ,SELL,4,19770.25,2026-08-14T14:02:29Z,ORD-902171,taker,2.80
FIL-601727,ACC-2014,MNQ,SELL,4,19770.00,2026-08-14T14:05:46Z,ORD-901955,maker,2.80
FIL-601728,ACC-2052,MCL,SELL,3,73.80,2026-08-14T14:06:07Z,ORD-904801,maker,2.10
FIL-601729,ACC-2050,MES,SELL,2,5620.00,2026-08-14T14:07:46Z,ORD-904638,taker,1.40
FIL-601730,ACC-2016,MNQ,BUY,3,19769.75,2026-08-14T14:10:02Z,ORD-902387,taker,2.10
FIL-601731,ACC-2015,MNQ,BUY,4,19770.75,2026-08-14T14:10:29Z,ORD-902172,maker,2.80
FIL-601732,ACC-2048,MES,BUY,2,5636.00,2026-08-14T14:11:35Z,ORD-904478,taker,1.40
FIL-601733,ACC-2013,MNQ,SELL,3,19769.00,2026-08-14T14:19:04Z,ORD-901511,taker,2.10
FIL-601734,ACC-2007,ES,BUY,9,5621.25,2026-08-14T14:19:09Z,ORD-900847,maker,18.90
FIL-601735,ACC-2003,MES,BUY,7,5619.75,2026-08-14T14:20:40Z,ORD-900311,maker,4.90
FIL-601736,ACC-2016,MNQ,SELL,3,19770.00,2026-08-14T14:24:02Z,ORD-902388,maker,2.10
FIL-601737,ACC-2006,MES,SELL,8,5620.00,2026-08-14T14:24:45Z,ORD-900701,maker,5.60
FIL-601738,ACC-2007,ES,SELL,9,5622.25,2026-08-14T14:29:09Z,ORD-900848,taker,18.90
FIL-601739,ACC-2014,MNQ,BUY,4,19768.75,2026-08-14T14:31:46Z,ORD-901956,taker,2.80
FIL-601740,ACC-2013,MNQ,BUY,3,19768.50,2026-08-14T14:35:04Z,ORD-901512,taker,2.10
FIL-601741,ACC-2013,MNQ,SELL,3,19769.25,2026-08-14T14:36:58Z,ORD-901513,taker,2.10
FIL-601742,ACC-2003,MES,SELL,7,5604.75,2026-08-14T14:47:40Z,ORD-900312,maker,4.90
FIL-601743,ACC-2006,MES,BUY,8,5630.50,2026-08-14T14:50:45Z,ORD-900702,taker,5.60
FIL-601744,ACC-2013,MNQ,BUY,3,19769.00,2026-08-14T14:59:58Z,ORD-901514,taker,2.10
FIL-601745,ACC-2013,MNQ,SELL,5,19769.25,2026-08-14T15:03:36Z,ORD-901515,taker,3.50
FIL-601746,ACC-2038,MNQ,BUY,3,19768.75,2026-08-14T15:10:01Z,ORD-903795,maker,2.10
FIL-601747,ACC-2045,MNQ,SELL,2,19769.25,2026-08-14T15:10:17Z,ORD-904295,taker,1.40
FIL-601748,ACC-2025,ES,BUY,6,5621.25,2026-08-14T15:10:42Z,ORD-902994,taker,12.60
FIL-601749,ACC-2017,MES,BUY,2,5620.75,2026-08-14T15:10:47Z,ORD-902567,taker,1.40
FIL-601750,ACC-2012,MES,BUY,2,5619.75,2026-08-14T15:10:50Z,ORD-901249,taker,1.40
FIL-601751,ACC-2017,MES,BUY,3,5620.75,2026-08-14T15:10:50Z,ORD-902567,taker,2.10
FIL-601752,ACC-2002,MES,BUY,9,5621.00,2026-08-14T15:11:15Z,ORD-900179,maker,6.30
FIL-601753,ACC-2031,GC,BUY,2,2478.50,2026-08-14T15:11:16Z,ORD-903252,taker,4.20
FIL-601754,ACC-2031,GC,BUY,2,2478.50,2026-08-14T15:11:19Z,ORD-903252,taker,4.20
FIL-601755,ACC-2033,MCL,BUY,3,73.86,2026-08-14T15:11:21Z,ORD-903400,taker,2.10
FIL-601756,ACC-2040,6E,BUY,3,1.1002,2026-08-14T15:11:29Z,ORD-903948,maker,7.44
FIL-601757,ACC-2004,NQ,SELL,7,19770.75,2026-08-14T15:11:59Z,ORD-900437,taker,14.70
FIL-601758,ACC-2032,MCL,BUY,2,73.87,2026-08-14T15:12:15Z,ORD-903342,maker,1.40
FIL-601759,ACC-2024,MNQ,BUY,2,19770.25,2026-08-14T15:12:41Z,ORD-902920,taker,1.40
FIL-601760,ACC-2025,ES,SELL,6,5622.75,2026-08-14T15:12:42Z,ORD-902995,maker,12.60
FIL-601761,ACC-2038,MNQ,SELL,3,19757.00,2026-08-14T15:13:01Z,ORD-903796,taker,2.10
FIL-601762,ACC-2043,6E,BUY,3,1.1001,2026-08-14T15:13:07Z,ORD-904164,taker,7.44
FIL-601763,ACC-2035,GC,BUY,4,2478.50,2026-08-14T15:13:18Z,ORD-903557,taker,8.40
FIL-601764,ACC-2015,MNQ,BUY,5,19770.25,2026-08-14T15:13:45Z,ORD-902173,taker,3.50
FIL-601765,ACC-2001,ES,BUY,9,5621.00,2026-08-14T15:14:34Z,ORD-900053,taker,18.90
FIL-601766,ACC-2051,MCL,BUY,3,73.89,2026-08-14T15:14:51Z,ORD-904728,maker,2.10
FIL-601767,ACC-2016,MNQ,BUY,3,19768.75,2026-08-14T15:16:23Z,ORD-902389,maker,2.10
FIL-601768,ACC-2037,MES,BUY,3,5620.25,2026-08-14T15:16:37Z,ORD-903725,maker,2.10
FIL-601769,ACC-2044,GC,BUY,4,2478.90,2026-08-14T15:16:38Z,ORD-904236,taker,8.40
FIL-601770,ACC-2010,MNQ,BUY,3,19770.25,2026-08-14T15:16:56Z,ORD-901097,maker,2.10
FIL-601771,ACC-2002,MES,SELL,9,5619.25,2026-08-14T15:17:15Z,ORD-900180,taker,6.30
FIL-601772,ACC-2026,MCL,SELL,2,73.91,2026-08-14T15:17:26Z,ORD-903070,taker,1.40
FIL-601773,ACC-2034,MES,BUY,1,5621.75,2026-08-14T15:17:37Z,ORD-903472,maker,0.70
FIL-601774,ACC-2051,MCL,SELL,3,73.66,2026-08-14T15:17:51Z,ORD-904729,maker,2.10
FIL-601775,ACC-2014,MNQ,SELL,3,19768.75,2026-08-14T15:18:18Z,ORD-901957,taker,2.10
FIL-601776,ACC-2005,NQ,BUY,5,19769.25,2026-08-14T15:18:25Z,ORD-900567,taker,10.50
FIL-601777,ACC-2023,MES,BUY,5,5620.00,2026-08-14T15:18:53Z,ORD-902844,taker,3.50
FIL-601778,ACC-2049,GC,SELL,3,2478.80,2026-08-14T15:19:06Z,ORD-904537,maker,6.30
FIL-601779,ACC-2005,NQ,SELL,5,19770.50,2026-08-14T15:20:25Z,ORD-900568,taker,10.50
FIL-601780,ACC-2013,MNQ,BUY,2,19769.00,2026-08-14T15:20:36Z,ORD-901516,taker,1.40
FIL-601781,ACC-2034,MES,SELL,1,5608.25,2026-08-14T15:20:37Z,ORD-903473,taker,0.70
FIL-601782,ACC-2013,MNQ,BUY,3,19769.00,2026-08-14T15:20:40Z,ORD-901516,taker,2.10
FIL-601783,ACC-2049,GC,BUY,3,2478.80,2026-08-14T15:24:06Z,ORD-904538,taker,6.30
FIL-601784,ACC-2033,MCL,SELL,3,73.94,2026-08-14T15:24:21Z,ORD-903401,taker,2.10
FIL-601785,ACC-2037,MES,SELL,3,5618.50,2026-08-14T15:24:37Z,ORD-903726,taker,2.10
FIL-601786,ACC-2004,NQ,BUY,7,19773.00,2026-08-14T15:24:59Z,ORD-900438,taker,14.70
FIL-601787,ACC-2040,6E,SELL,3,1.10025,2026-08-14T15:26:29Z,ORD-903949,taker,7.44
FIL-601788,ACC-2043,6E,SELL,3,1.10055,2026-08-14T15:27:07Z,ORD-904165,taker,7.44
FIL-601789,ACC-2014,MNQ,BUY,3,19768.00,2026-08-14T15:27:18Z,ORD-901958,taker,2.10
FIL-601790,ACC-2035,GC,SELL,4,2478.60,2026-08-14T15:27:18Z,ORD-903558,taker,8.40
FIL-601791,ACC-2044,GC,SELL,4,2478.50,2026-08-14T15:27:38Z,ORD-904237,taker,8.40
FIL-601792,ACC-2017,MES,SELL,5,5616.50,2026-08-14T15:27:47Z,ORD-902568,taker,3.50
FIL-601793,ACC-2032,MCL,SELL,2,72.85,2026-08-14T15:29:15Z,ORD-903343,maker,1.40
FIL-601794,ACC-2012,MES,SELL,2,5617.75,2026-08-14T15:29:50Z,ORD-901250,taker,1.40
FIL-601795,ACC-2013,MNQ,BUY,2,19770.50,2026-08-14T15:30:30Z,ORD-901517,taker,1.40
FIL-601796,ACC-2013,MNQ,BUY,2,19770.50,2026-08-14T15:30:33Z,ORD-901517,taker,1.40
FIL-601797,ACC-2031,GC,SELL,2,2478.30,2026-08-14T15:33:16Z,ORD-903253,maker,4.20
FIL-601798,ACC-2031,GC,SELL,2,2478.30,2026-08-14T15:33:17Z,ORD-903253,taker,4.20
FIL-601799,ACC-2045,MNQ,BUY,2,19748.50,2026-08-14T15:33:17Z,ORD-904296,maker,1.40
FIL-601800,ACC-2026,MCL,BUY,2,75.00,2026-08-14T15:33:26Z,ORD-903071,maker,1.40
FIL-601801,ACC-2013,MNQ,SELL,4,19770.75,2026-08-14T15:33:30Z,ORD-901518,maker,2.80
FIL-601802,ACC-2024,MNQ,SELL,2,19756.25,2026-08-14T15:34:41Z,ORD-902921,maker,1.40
FIL-601803,ACC-2016,MNQ,SELL,3,19769.00,2026-08-14T15:37:23Z,ORD-902390,taker,2.10
FIL-601804,ACC-2015,MNQ,SELL,5,19770.00,2026-08-14T15:38:45Z,ORD-902174,taker,3.50
FIL-601805,ACC-2001,ES,SELL,9,5620.25,2026-08-14T15:41:34Z,ORD-900054,maker,18.90
FIL-601806,ACC-2010,MNQ,SELL,3,19779.50,2026-08-14T15:43:56Z,ORD-901098,maker,2.10
FIL-601807,ACC-2023,MES,SELL,5,5620.75,2026-08-14T15:45:53Z,ORD-902845,taker,3.50
FIL-601808,ACC-2013,MNQ,BUY,3,19769.00,2026-08-14T15:47:58Z,ORD-901519,taker,2.10
FIL-601809,ACC-2013,MNQ,SELL,3,19769.50,2026-08-14T15:51:58Z,ORD-901520,taker,2.10
FIL-601810,ACC-2007,ES,BUY,6,5621.50,2026-08-14T16:09:15Z,ORD-900849,taker,12.60
FIL-601811,ACC-2003,MES,BUY,8,5621.50,2026-08-14T16:10:00Z,ORD-900313,maker,5.60
FIL-601812,ACC-2006,MES,BUY,9,5620.00,2026-08-14T16:11:16Z,ORD-900703,taker,6.30
FIL-601813,ACC-2013,MNQ,BUY,5,19769.25,2026-08-14T16:15:14Z,ORD-901521,taker,3.50
FIL-601814,ACC-2014,MNQ,SELL,3,19770.75,2026-08-14T16:19:25Z,ORD-901959,taker,2.10
FIL-601815,ACC-2013,MNQ,SELL,5,19769.50,2026-08-14T16:23:14Z,ORD-901522,taker,3.50
FIL-601816,ACC-2014,MNQ,BUY,3,19769.00,2026-08-14T16:24:25Z,ORD-901960,taker,2.10
FIL-601817,ACC-2015,MNQ,BUY,4,19770.25,2026-08-14T16:25:13Z,ORD-902175,maker,2.80
FIL-601818,ACC-2006,MES,SELL,9,5610.75,2026-08-14T16:26:16Z,ORD-900704,maker,6.30
FIL-601819,ACC-2015,MNQ,SELL,4,19770.00,2026-08-14T16:27:13Z,ORD-902176,taker,2.80
FIL-601820,ACC-2016,MNQ,BUY,4,19770.00,2026-08-14T16:28:00Z,ORD-902391,taker,2.80
FIL-601821,ACC-2003,MES,SELL,8,5616.25,2026-08-14T16:31:00Z,ORD-900314,maker,5.60
FIL-601822,ACC-2007,ES,SELL,6,5622.25,2026-08-14T16:31:15Z,ORD-900850,taker,12.60
FIL-601823,ACC-2013,MNQ,BUY,4,19770.25,2026-08-14T16:39:34Z,ORD-901523,maker,2.80
FIL-601824,ACC-2001,ES,SELL,10,5620.00,2026-08-14T16:43:07Z,ORD-900055,maker,21.00
FIL-601825,ACC-2004,NQ,SELL,4,19769.75,2026-08-14T16:43:21Z,ORD-900439,taker,8.40
FIL-601826,ACC-2048,MES,BUY,2,5621.75,2026-08-14T16:44:47Z,ORD-904479,maker,1.40
FIL-601827,ACC-2052,MCL,BUY,1,73.88,2026-08-14T16:45:32Z,ORD-904802,taker,0.70
FIL-601828,ACC-2036,6E,BUY,4,1.09995,2026-08-14T16:45:36Z,ORD-903631,taker,9.92
FIL-601829,ACC-2030,6E,BUY,3,1.0999,2026-08-14T16:45:52Z,ORD-903156,taker,7.44
FIL-601830,ACC-2041,MCL,SELL,2,73.91,2026-08-14T16:49:50Z,ORD-904028,maker,1.40
FIL-601831,ACC-2004,NQ,BUY,4,19773.75,2026-08-14T16:50:21Z,ORD-900440,maker,8.40
FIL-601832,ACC-2050,MES,BUY,4,5620.50,2026-08-14T16:51:48Z,ORD-904639,taker,2.80
FIL-601833,ACC-2013,MNQ,SELL,4,19770.50,2026-08-14T16:52:34Z,ORD-901524,maker,2.80
FIL-601834,ACC-2036,6E,SELL,4,1.0999,2026-08-14T16:53:36Z,ORD-903632,taker,9.92
FIL-601835,ACC-2016,MNQ,SELL,4,19770.25,2026-08-14T16:55:00Z,ORD-902392,taker,2.80
FIL-601836,ACC-2030,6E,SELL,3,1.09995,2026-08-14T16:56:52Z,ORD-903157,taker,7.44
FIL-601837,ACC-2001,ES,BUY,10,5620.50,2026-08-14T16:58:07Z,ORD-900056,taker,21.00
FIL-601838,ACC-2013,MNQ,BUY,3,19770.50,2026-08-14T17:01:08Z,ORD-901525,maker,2.10
FIL-601839,ACC-2052,MCL,SELL,1,73.56,2026-08-14T17:03:32Z,ORD-904803,taker,0.70
FIL-601840,ACC-2048,MES,SELL,2,5598.00,2026-08-14T17:03:47Z,ORD-904480,taker,1.40
FIL-601841,ACC-2050,MES,SELL,4,5620.25,2026-08-14T17:08:48Z,ORD-904640,taker,2.80
FIL-601842,ACC-2041,MCL,BUY,2,74.34,2026-08-14T17:12:50Z,ORD-904029,taker,1.40
FIL-601843,ACC-2013,MNQ,SELL,3,19771.00,2026-08-14T17:22:08Z,ORD-901526,maker,2.10
FIL-601844,ACC-2013,MNQ,SELL,4,19770.00,2026-08-14T17:24:35Z,ORD-901527,maker,2.80
FIL-601845,ACC-2002,MES,BUY,5,5621.25,2026-08-14T17:28:47Z,ORD-900181,taker,3.50
FIL-601846,ACC-2002,MES,BUY,5,5621.25,2026-08-14T17:28:48Z,ORD-900181,taker,3.50
FIL-601847,ACC-2035,GC,BUY,2,2479.10,2026-08-14T17:28:55Z,ORD-903559,taker,4.20
FIL-601848,ACC-2015,MNQ,SELL,5,19770.50,2026-08-14T17:30:17Z,ORD-902177,maker,3.50
FIL-601849,ACC-2051,MCL,SELL,2,73.91,2026-08-14T17:31:17Z,ORD-904730,taker,1.40
FIL-601850,ACC-2005,NQ,SELL,8,19769.00,2026-08-14T17:31:49Z,ORD-900569,maker,16.80
FIL-601851,ACC-2014,MNQ,BUY,2,19769.50,2026-08-14T17:32:01Z,ORD-901961,maker,1.40
FIL-601852,ACC-2014,MNQ,BUY,3,19769.50,2026-08-14T17:32:05Z,ORD-901961,maker,2.10
FIL-601853,ACC-2045,MNQ,BUY,3,19769.50,2026-08-14T17:32:28Z,ORD-904297,maker,2.10
FIL-601854,ACC-2031,GC,SELL,3,2478.80,2026-08-14T17:32:37Z,ORD-903254,maker,6.30
FIL-601855,ACC-2017,MES,BUY,6,5621.50,2026-08-14T17:34:52Z,ORD-902569,maker,4.20
FIL-601856,ACC-2005,NQ,BUY,8,19768.25,2026-08-14T17:35:49Z,ORD-900570,taker,16.80
FIL-601857,ACC-2038,MNQ,BUY,2,19770.25,2026-08-14T17:37:11Z,ORD-903797,maker,1.40
FIL-601858,ACC-2016,MNQ,SELL,2,19769.25,2026-08-14T17:37:21Z,ORD-902393,maker,1.40
FIL-601859,ACC-2013,MNQ,BUY,4,19769.75,2026-08-14T17:38:35Z,ORD-901528,taker,2.80
FIL-601860,ACC-2031,GC,BUY,3,2479.20,2026-08-14T17:38:37Z,ORD-903255,taker,6.30
FIL-601861,ACC-2015,MNQ,BUY,5,19770.75,2026-08-14T17:42:17Z,ORD-902178,taker,3.50
FIL-601862,ACC-2014,MNQ,SELL,5,19770.50,2026-08-14T17:44:01Z,ORD-901962,taker,3.50
FIL-601863,ACC-2051,MCL,BUY,2,74.30,2026-08-14T17:45:17Z,ORD-904731,maker,1.40
FIL-601864,ACC-2035,GC,SELL,2,2479.30,2026-08-14T17:46:55Z,ORD-903560,taker,4.20
FIL-601865,ACC-2045,MNQ,SELL,3,19804.75,2026-08-14T17:47:28Z,ORD-904298,taker,2.10
FIL-601866,ACC-2038,MNQ,SELL,2,19761.00,2026-08-14T17:48:11Z,ORD-903798,taker,1.40
FIL-601867,ACC-2002,MES,SELL,10,5619.50,2026-08-14T17:49:47Z,ORD-900182,maker,7.00
FIL-601868,ACC-2016,MNQ,BUY,2,19768.50,2026-08-14T17:51:21Z,ORD-902394,taker,1.40
FIL-601869,ACC-2017,MES,SELL,6,5619.25,2026-08-14T17:54:52Z,ORD-902570,taker,4.20
FIL-601870,ACC-2013,MNQ,BUY,2,19769.75,2026-08-14T17:55:18Z,ORD-901529,taker,1.40
FIL-601871,ACC-2007,ES,BUY,8,5619.75,2026-08-14T17:57:27Z,ORD-900851,taker,16.80
FIL-601872,ACC-2003,MES,SELL,8,5621.50,2026-08-14T18:00:17Z,ORD-900315,taker,5.60
FIL-601873,ACC-2006,MES,BUY,5,5620.00,2026-08-14T18:02:16Z,ORD-900705,maker,3.50
FIL-601874,ACC-2003,MES,BUY,8,5630.00,2026-08-14T18:03:17Z,ORD-900316,taker,5.60
FIL-601875,ACC-2013,MNQ,SELL,2,19770.50,2026-08-14T18:09:18Z,ORD-901530,taker,1.40
FIL-601876,ACC-2006,MES,SELL,5,5603.25,2026-08-14T18:14:16Z,ORD-900706,taker,3.50
FIL-601877,ACC-2013,MNQ,SELL,5,19769.50,2026-08-14T18:17:54Z,ORD-901531,taker,3.50
FIL-601878,ACC-2004,NQ,BUY,8,19769.25,2026-08-14T18:18:53Z,ORD-900441,maker,16.80
FIL-601879,ACC-2001,ES,SELL,10,5620.00,2026-08-14T18:20:39Z,ORD-900057,taker,21.00
FIL-601880,ACC-2007,ES,SELL,8,5620.75,2026-08-14T18:23:27Z,ORD-900852,taker,16.80
FIL-601881,ACC-2001,ES,BUY,10,5621.00,2026-08-14T18:24:39Z,ORD-900058,maker,21.00
FIL-601882,ACC-2004,NQ,SELL,8,19767.50,2026-08-14T18:24:53Z,ORD-900442,taker,16.80
FIL-601883,ACC-2013,MNQ,BUY,5,19769.00,2026-08-14T18:28:54Z,ORD-901532,maker,3.50
FIL-601884,ACC-2013,MNQ,BUY,3,19770.25,2026-08-14T18:37:19Z,ORD-901533,taker,2.10
FIL-601885,ACC-2014,MNQ,BUY,2,19770.75,2026-08-14T18:37:27Z,ORD-901963,maker,1.40
FIL-601886,ACC-2015,MNQ,BUY,3,19769.50,2026-08-14T18:43:01Z,ORD-902179,taker,2.10
FIL-601887,ACC-2016,MNQ,BUY,4,19769.25,2026-08-14T18:45:26Z,ORD-902395,taker,2.80
FIL-601888,ACC-2013,MNQ,SELL,3,19770.75,2026-08-14T18:48:19Z,ORD-901534,maker,2.10
FIL-601889,ACC-2014,MNQ,SELL,2,19773.00,2026-08-14T18:54:27Z,ORD-901964,maker,1.40
FIL-601890,ACC-2016,MNQ,SELL,4,19769.50,2026-08-14T19:04:26Z,ORD-902396,maker,2.80
FIL-601891,ACC-2013,MNQ,BUY,5,19768.75,2026-08-14T19:04:53Z,ORD-901535,taker,3.50
FIL-601892,ACC-2015,MNQ,SELL,3,19768.75,2026-08-14T19:05:01Z,ORD-902180,maker,2.10
FIL-601893,ACC-2013,MNQ,SELL,4,19769.75,2026-08-14T19:29:19Z,ORD-901537,maker,2.80
FIL-601894,ACC-2013,MNQ,SELL,2,19769.25,2026-08-14T19:31:53Z,ORD-901536,maker,1.40
FIL-601895,ACC-2013,MNQ,SELL,3,19769.25,2026-08-14T19:31:56Z,ORD-901536,maker,2.10
FIL-601896,ACC-2013,MNQ,BUY,4,19769.50,2026-08-14T19:42:19Z,ORD-901538,taker,2.80
FIL-601897,ACC-2017,MES,SELL,3,5620.75,2026-08-14T19:46:02Z,ORD-902571,maker,2.10
FIL-601898,ACC-2017,MES,SELL,3,5620.75,2026-08-14T19:46:03Z,ORD-902571,taker,2.10
FIL-601899,ACC-2035,GC,BUY,1,2479.10,2026-08-14T19:46:08Z,ORD-903561,maker,2.10
FIL-601900,ACC-2020,MES,SELL,3,5620.75,2026-08-14T19:46:09Z,ORD-902652,taker,2.10
FIL-601901,ACC-2042,MES,SELL,1,5621.50,2026-08-14T19:46:15Z,ORD-904086,taker,0.70
FIL-601902,ACC-2025,ES,SELL,12,5620.00,2026-08-14T19:46:23Z,ORD-902996,taker,25.20
FIL-601903,ACC-2038,MNQ,BUY,2,19770.00,2026-08-14T19:46:30Z,ORD-903799,maker,1.40
FIL-601904,ACC-2021,MNQ,BUY,2,19770.25,2026-08-14T19:47:17Z,ORD-902756,taker,1.40
FIL-601905,ACC-2045,MNQ,SELL,2,19770.50,2026-08-14T19:47:42Z,ORD-904299,maker,1.40
FIL-601906,ACC-2002,MES,SELL,4,5620.50,2026-08-14T19:48:11Z,ORD-900183,maker,2.80
FIL-601907,ACC-2043,6E,BUY,4,1.1001,2026-08-14T19:48:25Z,ORD-904166,taker,9.92
FIL-601908,ACC-2041,MCL,BUY,3,73.88,2026-08-14T19:48:33Z,ORD-904030,maker,2.10
FIL-601909,ACC-2012,MES,BUY,3,5620.00,2026-08-14T19:48:36Z,ORD-901251,taker,2.10
FIL-601910,ACC-2023,MES,SELL,6,5621.25,2026-08-14T19:48:45Z,ORD-902846,taker,4.20
FIL-601911,ACC-2036,6E,BUY,3,1.0999,2026-08-14T19:48:45Z,ORD-903633,maker,7.44
FIL-601912,ACC-2018,MES,SELL,2,5620.50,2026-08-14T19:48:47Z,ORD-902644,taker,1.40
FIL-601913,ACC-2030,6E,BUY,2,1.10005,2026-08-14T19:49:19Z,ORD-903158,taker,4.96
FIL-601914,ACC-2019,MES,SELL,3,5619.75,2026-08-14T19:49:29Z,ORD-902648,taker,2.10
FIL-601915,ACC-2033,MCL,BUY,1,73.86,2026-08-14T19:49:33Z,ORD-903402,maker,0.70
FIL-601916,ACC-2006,MES,SELL,6,5620.25,2026-08-14T19:49:43Z,ORD-900707,taker,4.20
FIL-601917,ACC-2048,MES,BUY,4,5620.00,2026-08-14T19:49:53Z,ORD-904481,taker,2.80
FIL-601918,ACC-2022,MNQ,BUY,4,19770.25,2026-08-14T19:49:57Z,ORD-902760,maker,2.80
FIL-601919,ACC-2050,MES,SELL,3,5621.25,2026-08-14T19:50:15Z,ORD-904641,taker,2.10
FIL-601920,ACC-2010,MNQ,SELL,1,19768.75,2026-08-14T19:50:17Z,ORD-901099,taker,0.70
FIL-601921,ACC-2013,MNQ,BUY,3,19770.50,2026-08-14T19:50:34Z,ORD-901539,maker,2.10
FIL-601922,ACC-2005,NQ,BUY,7,19770.00,2026-08-14T19:50:41Z,ORD-900571,taker,14.70
FIL-601923,ACC-2007,ES,SELL,4,5621.25,2026-08-14T19:50:44Z,ORD-900853,taker,8.40
FIL-601924,ACC-2018,MES,BUY,2,5629.50,2026-08-14T19:50:47Z,ORD-902645,taker,1.40
FIL-601925,ACC-2009,MNQ,BUY,3,19769.50,2026-08-14T19:50:59Z,ORD-901033,taker,2.10
FIL-601926,ACC-2026,MCL,SELL,2,73.91,2026-08-14T19:51:10Z,ORD-903072,taker,1.40
FIL-601927,ACC-2001,ES,BUY,8,5620.75,2026-08-14T19:51:11Z,ORD-900059,taker,16.80
FIL-601928,ACC-2003,MES,BUY,9,5620.00,2026-08-14T19:51:22Z,ORD-900317,taker,6.30
FIL-601929,ACC-2039,6E,BUY,2,1.1002,2026-08-14T19:51:52Z,ORD-903863,maker,4.96
FIL-601930,ACC-2053,MES,BUY,1,5620.00,2026-08-14T19:52:07Z,ORD-904874,taker,0.70
FIL-601931,ACC-2049,GC,BUY,3,2478.50,2026-08-14T19:52:10Z,ORD-904539,taker,6.30
FIL-601932,ACC-2032,MCL,SELL,4,73.89,2026-08-14T19:52:13Z,ORD-903344,maker,2.80
FIL-601933,ACC-2045,MNQ,BUY,2,19726.50,2026-08-14T19:52:42Z,ORD-904300,taker,1.40
FIL-601934,ACC-2014,MNQ,BUY,4,19769.50,2026-08-14T19:52:43Z,ORD-901965,taker,2.80
FIL-601935,ACC-2037,MES,SELL,3,5621.50,2026-08-14T19:52:47Z,ORD-903727,maker,2.10
FIL-601936,ACC-2016,MNQ,SELL,2,19770.25,2026-08-14T19:52:48Z,ORD-902397,taker,1.40
FIL-601937,ACC-2046,MES,BUY,3,5619.75,2026-08-14T19:53:56Z,ORD-904403,taker,2.10
FIL-601938,ACC-2034,MES,SELL,4,5621.00,2026-08-14T19:54:04Z,ORD-903474,maker,2.80
FIL-601939,ACC-2008,MNQ,SELL,3,19769.50,2026-08-14T19:54:06Z,ORD-900963,taker,2.10
FIL-601940,ACC-2053,MES,SELL,1,5634.50,2026-08-14T19:54:07Z,ORD-904875,taker,0.70
FIL-601941,ACC-2052,MCL,SELL,3,73.89,2026-08-14T19:54:16Z,ORD-904804,taker,2.10
FIL-601942,ACC-2015,MNQ,SELL,2,19769.00,2026-08-14T19:54:23Z,ORD-902181,maker,1.40
FIL-601943,ACC-2051,MCL,SELL,3,73.89,2026-08-14T19:54:26Z,ORD-904732,taker,2.10
FIL-601944,ACC-2044,GC,SELL,4,2478.40,2026-08-14T19:54:34Z,ORD-904238,taker,8.40
FIL-601945,ACC-2005,NQ,SELL,7,19770.75,2026-08-14T19:54:41Z,ORD-900572,taker,14.70
FIL-601946,ACC-2006,MES,BUY,3,5630.00,2026-08-14T19:54:43Z,ORD-900708,taker,2.10
FIL-601947,ACC-2006,MES,BUY,3,5630.00,2026-08-14T19:54:45Z,ORD-900708,taker,2.10
FIL-601948,ACC-2009,MNQ,SELL,3,19767.50,2026-08-14T19:54:59Z,ORD-901034,taker,2.10
FIL-601949,ACC-2040,6E,SELL,2,1.1,2026-08-14T19:55:04Z,ORD-903950,maker,4.96
FIL-601950,ACC-2011,MES,SELL,1,5620.75,2026-08-14T19:55:11Z,ORD-901171,taker,0.70
FIL-601951,ACC-2031,GC,BUY,3,2478.70,2026-08-14T19:55:22Z,ORD-903256,maker,6.30
FIL-601952,ACC-2004,NQ,SELL,7,19770.00,2026-08-14T19:55:28Z,ORD-900443,maker,14.70
FIL-601953,ACC-2013,MNQ,SELL,3,19771.00,2026-08-14T19:55:34Z,ORD-901540,maker,2.10
FIL-601954,ACC-2024,MNQ,BUY,2,19769.00,2026-08-14T19:55:51Z,ORD-902922,taker,1.40
FIL-601955,ACC-2026,MCL,BUY,2,74.56,2026-08-14T19:56:10Z,ORD-903073,maker,1.40
FIL-601956,ACC-2007,ES,BUY,4,5618.75,2026-08-14T19:56:44Z,ORD-900854,maker,8.40
FIL-601957,ACC-2035,GC,SELL,1,2479.60,2026-08-14T19:57:08Z,ORD-903562,maker,2.10
FIL-601958,ACC-2020,MES,BUY,3,5620.00,2026-08-14T19:57:09Z,ORD-902653,maker,2.10
FIL-601959,ACC-2049,GC,SELL,3,2478.50,2026-08-14T19:57:10Z,ORD-904540,taker,6.30
FIL-601960,ACC-2003,MES,SELL,9,5613.50,2026-08-14T19:57:22Z,ORD-900318,taker,6.30
FIL-601961,ACC-2031,GC,SELL,3,2478.30,2026-08-14T19:58:22Z,ORD-903257,taker,6.30
FIL-601962,ACC-2048,MES,SELL,4,5604.00,2026-08-14T19:58:53Z,ORD-904482,taker,2.80
FIL-601963,ACC-2022,MNQ,SELL,4,19776.75,2026-08-14T19:58:57Z,ORD-902761,taker,2.80
FIL-601964,ACC-2002,MES,BUY,4,5626.50,2026-08-14T19:59:11Z,ORD-900184,taker,2.80
FIL-601965,ACC-2012,MES,SELL,3,5618.00,2026-08-14T19:59:36Z,ORD-901252,maker,2.10
FIL-601966,ACC-2014,MNQ,SELL,4,19770.75,2026-08-14T19:59:43Z,ORD-901966,taker,2.80
FIL-601967,ACC-2023,MES,BUY,3,5621.00,2026-08-14T19:59:45Z,ORD-902847,maker,2.10
FIL-601968,ACC-2023,MES,BUY,3,5621.00,2026-08-14T19:59:47Z,ORD-902847,taker,2.10
FIL-601969,ACC-2050,MES,BUY,3,5622.25,2026-08-14T20:00:15Z,ORD-904642,taker,2.10
FIL-601970,ACC-2017,MES,BUY,6,5626.25,2026-08-14T20:01:02Z,ORD-902572,maker,4.20
FIL-601971,ACC-2037,MES,BUY,3,5623.50,2026-08-14T20:01:47Z,ORD-903728,taker,2.10
FIL-601972,ACC-2019,MES,BUY,3,5624.00,2026-08-14T20:02:29Z,ORD-902649,taker,2.10
FIL-601973,ACC-2046,MES,SELL,3,5612.50,2026-08-14T20:02:56Z,ORD-904404,maker,2.10
FIL-601974,ACC-2051,MCL,BUY,3,74.34,2026-08-14T20:03:26Z,ORD-904733,taker,2.10
FIL-601975,ACC-2033,MCL,SELL,1,74.23,2026-08-14T20:03:33Z,ORD-903403,taker,0.70
FIL-601976,ACC-2024,MNQ,SELL,2,19736.00,2026-08-14T20:03:51Z,ORD-902923,taker,1.40
FIL-601977,ACC-2034,MES,BUY,4,5624.50,2026-08-14T20:05:04Z,ORD-903475,taker,2.80
FIL-601978,ACC-2052,MCL,BUY,3,73.99,2026-08-14T20:05:16Z,ORD-904805,maker,2.10
FIL-601979,ACC-2041,MCL,SELL,3,73.68,2026-08-14T20:05:33Z,ORD-904031,maker,2.10
FIL-601980,ACC-2043,6E,SELL,4,1.10055,2026-08-14T20:06:25Z,ORD-904167,maker,9.92
FIL-601981,ACC-2016,MNQ,BUY,2,19769.25,2026-08-14T20:06:48Z,ORD-902398,taker,1.40
FIL-601982,ACC-2030,6E,SELL,2,1.1001,2026-08-14T20:07:19Z,ORD-903159,taker,4.96
FIL-601983,ACC-2025,ES,BUY,6,5619.75,2026-08-14T20:07:23Z,ORD-902997,maker,12.60
FIL-601984,ACC-2025,ES,BUY,6,5619.75,2026-08-14T20:07:26Z,ORD-902997,maker,12.60
FIL-601985,ACC-2038,MNQ,SELL,2,19757.50,2026-08-14T20:08:30Z,ORD-903800,taker,1.40
FIL-601986,ACC-2036,6E,SELL,3,1.09965,2026-08-14T20:09:45Z,ORD-903634,maker,7.44
FIL-601987,ACC-2039,6E,SELL,2,1.10025,2026-08-14T20:09:52Z,ORD-903864,maker,4.96
FIL-601988,ACC-2008,MNQ,BUY,3,19771.25,2026-08-14T20:10:06Z,ORD-900964,maker,2.10
FIL-601989,ACC-2042,MES,BUY,1,5632.00,2026-08-14T20:10:15Z,ORD-904087,maker,0.70
FIL-601990,ACC-2004,NQ,BUY,7,19773.00,2026-08-14T20:10:28Z,ORD-900444,taker,14.70
FIL-601991,ACC-2010,MNQ,BUY,1,19737.50,2026-08-14T20:11:17Z,ORD-901100,taker,0.70
FIL-601992,ACC-2021,MNQ,SELL,2,19795.00,2026-08-14T20:12:17Z,ORD-902757,maker,1.40
FIL-601993,ACC-2015,MNQ,BUY,2,19769.25,2026-08-14T20:13:23Z,ORD-902182,taker,1.40
FIL-601994,ACC-2032,MCL,BUY,4,74.22,2026-08-14T20:15:13Z,ORD-903345,taker,2.80
FIL-601995,ACC-2040,6E,BUY,2,1.0999,2026-08-14T20:19:04Z,ORD-903951,taker,4.96
FIL-601996,ACC-2001,ES,SELL,8,5620.50,2026-08-14T20:19:11Z,ORD-900060,taker,16.80
FIL-601997,ACC-2011,MES,BUY,1,5618.00,2026-08-14T20:20:11Z,ORD-901172,maker,0.70
FIL-601998,ACC-2044,GC,BUY,4,2478.80,2026-08-14T20:21:34Z,ORD-904239,taker,8.40
FIL-601999,ACC-2052,MCL,SELL,1,73.92,2026-08-17T10:34:14Z,ORD-904806,taker,0.70
FIL-602000,ACC-2049,GC,BUY,2,2480.40,2026-08-17T10:34:18Z,ORD-904541,taker,4.20
FIL-602001,ACC-2033,MNQ,SELL,2,19780.00,2026-08-17T10:34:20Z,ORD-903404,taker,1.40
FIL-602002,ACC-2023,MES,BUY,2,5623.00,2026-08-17T10:34:33Z,ORD-902848,taker,1.40
FIL-602003,ACC-2023,MES,BUY,3,5623.00,2026-08-17T10:34:35Z,ORD-902848,taker,2.10
FIL-602004,ACC-2022,MNQ,BUY,4,19780.00,2026-08-17T10:34:40Z,ORD-902766,maker,2.80
FIL-602005,ACC-2026,MCL,BUY,2,73.97,2026-08-17T10:35:04Z,ORD-903074,taker,1.40
FIL-602006,ACC-2025,ES,SELL,9,5624.50,2026-08-17T10:35:05Z,ORD-902998,taker,18.90
FIL-602007,ACC-2026,MCL,BUY,2,73.97,2026-08-17T10:35:07Z,ORD-903074,taker,1.40
FIL-602008,ACC-2041,MCL,BUY,1,73.92,2026-08-17T10:35:08Z,ORD-904032,taker,0.70
FIL-602009,ACC-2010,MNQ,BUY,3,19779.50,2026-08-17T10:35:21Z,ORD-901101,maker,2.10
FIL-602010,ACC-2004,ES,BUY,2,5623.75,2026-08-17T10:35:34Z,ORD-900445,taker,4.20
FIL-602011,ACC-2004,ES,BUY,3,5623.75,2026-08-17T10:35:37Z,ORD-900445,taker,6.30
FIL-602012,ACC-2005,MNQ,BUY,9,19780.00,2026-08-17T10:35:54Z,ORD-900573,maker,6.30
FIL-602013,ACC-2002,MNQ,SELL,4,19780.25,2026-08-17T10:36:10Z,ORD-900185,maker,2.80
FIL-602014,ACC-2002,MNQ,SELL,5,19780.25,2026-08-17T10:36:12Z,ORD-900185,taker,3.50
FIL-602015,ACC-2006,MNQ,BUY,7,19780.25,2026-08-17T10:36:27Z,ORD-900709,taker,4.90
FIL-602016,ACC-2039,GC,SELL,4,2480.50,2026-08-17T10:36:30Z,ORD-903865,taker,8.40
FIL-602017,ACC-2019,MES,BUY,2,5623.00,2026-08-17T10:36:39Z,ORD-902658,maker,1.40
FIL-602018,ACC-2015,MNQ,BUY,3,19781.25,2026-08-17T10:37:57Z,ORD-902183,maker,2.10
FIL-602019,ACC-2008,MNQ,SELL,3,19779.75,2026-08-17T10:38:10Z,ORD-900965,taker,2.10
FIL-602020,ACC-2046,MNQ,BUY,3,19780.50,2026-08-17T10:38:15Z,ORD-904405,taker,2.10
FIL-602021,ACC-2038,GC,BUY,2,2480.20,2026-08-17T10:38:17Z,ORD-903801,taker,4.20
FIL-602022,ACC-2014,MNQ,SELL,4,19779.75,2026-08-17T10:38:20Z,ORD-901967,taker,2.80
FIL-602023,ACC-2038,GC,BUY,2,2480.20,2026-08-17T10:38:20Z,ORD-903801,taker,4.20
FIL-602024,ACC-2024,MNQ,SELL,2,19779.75,2026-08-17T10:38:41Z,ORD-902924,taker,1.40
FIL-602025,ACC-2045,MNQ,BUY,1,19780.50,2026-08-17T10:38:43Z,ORD-904301,maker,0.70
FIL-602026,ACC-2018,MES,SELL,3,5623.00,2026-08-17T10:38:53Z,ORD-902654,taker,2.10
FIL-602027,ACC-2007,NQ,SELL,6,19781.50,2026-08-17T10:39:16Z,ORD-900855,taker,12.60
FIL-602028,ACC-2035,6E,BUY,1,1.10065,2026-08-17T10:39:21Z,ORD-903563,taker,2.48
FIL-602029,ACC-2034,MES,BUY,2,5623.75,2026-08-17T10:39:27Z,ORD-903476,taker,1.40
FIL-602030,ACC-2012,MES,BUY,2,5623.25,2026-08-17T10:39:37Z,ORD-901253,taker,1.40
FIL-602031,ACC-2011,MES,BUY,2,5624.50,2026-08-17T10:39:50Z,ORD-901173,maker,1.40
FIL-602032,ACC-2048,6E,SELL,1,1.10045,2026-08-17T10:39:53Z,ORD-904483,taker,2.48
FIL-602033,ACC-2013,MNQ,SELL,5,19780.75,2026-08-17T10:40:01Z,ORD-901541,taker,3.50
FIL-602034,ACC-2033,MNQ,BUY,2,19867.25,2026-08-17T10:40:20Z,ORD-903405,taker,1.40
FIL-602035,ACC-2050,MES,BUY,1,5623.50,2026-08-17T10:40:25Z,ORD-904643,taker,0.70
FIL-602036,ACC-2001,MES,BUY,10,5624.00,2026-08-17T10:40:29Z,ORD-900061,taker,7.00
FIL-602037,ACC-2021,MNQ,BUY,2,19779.50,2026-08-17T10:40:35Z,ORD-902762,maker,1.40
FIL-602038,ACC-2037,MES,SELL,1,5624.00,2026-08-17T10:40:36Z,ORD-903729,taker,0.70
FIL-602039,ACC-2015,MNQ,SELL,3,19782.00,2026-08-17T10:40:57Z,ORD-902184,taker,2.10
FIL-602040,ACC-2003,MES,BUY,8,5624.00,2026-08-17T10:41:01Z,ORD-900319,taker,5.60
FIL-602041,ACC-2052,MCL,BUY,1,77.20,2026-08-17T10:41:14Z,ORD-904807,taker,0.70
FIL-602042,ACC-2009,MES,BUY,3,5623.00,2026-08-17T10:41:16Z,ORD-901035,taker,2.10
FIL-602043,ACC-2016,MNQ,BUY,2,19781.00,2026-08-17T10:41:24Z,ORD-902399,maker,1.40
FIL-602044,ACC-2016,MNQ,BUY,3,19781.00,2026-08-17T10:41:27Z,ORD-902399,maker,2.10
FIL-602045,ACC-2043,6E,SELL,2,1.10065,2026-08-17T10:41:38Z,ORD-904168,taker,4.96
FIL-602046,ACC-2040,6E,BUY,4,1.10045,2026-08-17T10:42:00Z,ORD-903952,taker,9.92
FIL-602047,ACC-2036,6E,BUY,1,1.10055,2026-08-17T10:42:02Z,ORD-903635,maker,2.48
FIL-602048,ACC-2032,MNQ,BUY,3,19780.25,2026-08-17T10:42:05Z,ORD-903346,taker,2.10
FIL-602049,ACC-2017,MES,BUY,6,5623.50,2026-08-17T10:42:14Z,ORD-902573,taker,4.20
FIL-602050,ACC-2023,MES,SELL,5,5630.75,2026-08-17T10:42:33Z,ORD-902849,taker,3.50
FIL-602051,ACC-2044,GC,SELL,2,2479.90,2026-08-17T10:42:54Z,ORD-904240,taker,4.20
FIL-602052,ACC-2030,6E,SELL,2,1.10085,2026-08-17T10:43:00Z,ORD-903160,taker,4.96
FIL-602053,ACC-2031,6E,SELL,1,1.10065,2026-08-17T10:43:01Z,ORD-903258,taker,2.48
FIL-602054,ACC-2008,MNQ,BUY,3,19794.25,2026-08-17T10:43:10Z,ORD-900966,taker,2.10
FIL-602055,ACC-2051,MCL,BUY,4,73.92,2026-08-17T10:43:11Z,ORD-904734,taker,2.80
FIL-602056,ACC-2042,MES,BUY,2,5623.00,2026-08-17T10:43:15Z,ORD-904088,maker,1.40
FIL-602057,ACC-2020,MES,BUY,2,5624.75,2026-08-17T10:43:36Z,ORD-902662,taker,1.40
FIL-602058,ACC-2018,MES,BUY,3,5625.00,2026-08-17T10:43:53Z,ORD-902655,taker,2.10
FIL-602059,ACC-2017,MES,SELL,6,5620.50,2026-08-17T10:44:14Z,ORD-902574,taker,4.20
FIL-602060,ACC-2025,ES,BUY,9,5624.00,2026-08-17T10:45:05Z,ORD-902999,taker,18.90
FIL-602061,ACC-2007,NQ,BUY,6,19779.50,2026-08-17T10:45:16Z,ORD-900856,maker,12.60
FIL-602062,ACC-2014,MNQ,BUY,4,19779.50,2026-08-17T10:46:20Z,ORD-901968,taker,2.80
FIL-602063,ACC-2001,MES,SELL,10,5635.00,2026-08-17T10:46:29Z,ORD-900062,taker,7.00
FIL-602064,ACC-2041,MCL,SELL,1,73.61,2026-08-17T10:47:08Z,ORD-904033,maker,0.70
FIL-602065,ACC-2046,MNQ,SELL,3,19795.00,2026-08-17T10:47:15Z,ORD-904406,taker,2.10
FIL-602066,ACC-2011,MES,SELL,2,5626.00,2026-08-17T10:47:50Z,ORD-901174,taker,1.40
FIL-602067,ACC-2009,MES,SELL,3,5615.25,2026-08-17T10:49:16Z,ORD-901036,maker,2.10
FIL-602068,ACC-2006,MNQ,SELL,7,19783.50,2026-08-17T10:49:27Z,ORD-900710,taker,4.90
FIL-602069,ACC-2019,MES,SELL,2,5618.50,2026-08-17T10:49:39Z,ORD-902659,taker,1.40
FIL-602070,ACC-2032,MNQ,SELL,3,19776.50,2026-08-17T10:52:05Z,ORD-903347,taker,2.10
FIL-602071,ACC-2031,6E,BUY,1,1.1007,2026-08-17T10:54:01Z,ORD-903259,maker,2.48
FIL-602072,ACC-2010,MNQ,SELL,3,19774.50,2026-08-17T10:54:21Z,ORD-901102,taker,2.10
FIL-602073,ACC-2024,MNQ,BUY,2,19771.25,2026-08-17T10:54:41Z,ORD-902925,taker,1.40
FIL-602074,ACC-2030,6E,BUY,2,1.10075,2026-08-17T10:55:00Z,ORD-903161,taker,4.96
FIL-602075,ACC-2040,6E,SELL,4,1.10085,2026-08-17T10:55:00Z,ORD-903953,taker,9.92
FIL-602076,ACC-2013,MNQ,BUY,5,19780.00,2026-08-17T10:55:01Z,ORD-901542,taker,3.50
FIL-602077,ACC-2036,6E,SELL,1,1.10055,2026-08-17T10:55:02Z,ORD-903636,maker,2.48
FIL-602078,ACC-2043,6E,BUY,2,1.1006,2026-08-17T10:55:38Z,ORD-904169,taker,4.96
FIL-602079,ACC-2050,MES,SELL,1,5610.75,2026-08-17T10:56:25Z,ORD-904644,maker,0.70
FIL-602080,ACC-2039,GC,BUY,2,2480.60,2026-08-17T10:56:30Z,ORD-903866,maker,4.20
FIL-602081,ACC-2039,GC,BUY,2,2480.60,2026-08-17T10:56:34Z,ORD-903866,taker,4.20
FIL-602082,ACC-2012,MES,SELL,2,5625.75,2026-08-17T10:56:37Z,ORD-901254,maker,1.40
FIL-602083,ACC-2038,GC,SELL,4,2480.50,2026-08-17T10:57:17Z,ORD-903802,taker,8.40
FIL-602084,ACC-2037,MES,BUY,1,5641.25,2026-08-17T10:57:36Z,ORD-903730,taker,0.70
FIL-602085,ACC-2026,MCL,SELL,4,73.29,2026-08-17T10:58:04Z,ORD-903075,taker,2.80
FIL-602086,ACC-2002,MNQ,BUY,9,19792.75,2026-08-17T10:58:10Z,ORD-900186,taker,6.30
FIL-602087,ACC-2034,MES,SELL,2,5653.00,2026-08-17T10:58:27Z,ORD-903477,maker,1.40
FIL-602088,ACC-2044,GC,BUY,2,2480.70,2026-08-17T10:58:54Z,ORD-904241,taker,4.20
FIL-602089,ACC-2035,6E,SELL,1,1.10265,2026-08-17T10:59:21Z,ORD-903564,taker,2.48
FIL-602090,ACC-2004,ES,SELL,5,5626.50,2026-08-17T10:59:34Z,ORD-900446,taker,10.50
FIL-602091,ACC-2048,6E,BUY,1,1.09945,2026-08-17T11:00:53Z,ORD-904484,taker,2.48
FIL-602092,ACC-2003,MES,SELL,8,5616.00,2026-08-17T11:01:01Z,ORD-900320,taker,5.60
FIL-602093,ACC-2049,GC,SELL,2,2480.50,2026-08-17T11:01:18Z,ORD-904542,taker,4.20
FIL-602094,ACC-2022,MNQ,SELL,4,19787.00,2026-08-17T11:01:40Z,ORD-902767,taker,2.80
FIL-602095,ACC-2020,MES,SELL,2,5628.75,2026-08-17T11:02:36Z,ORD-902663,taker,1.40
FIL-602096,ACC-2021,MNQ,SELL,2,19800.75,2026-08-17T11:03:35Z,ORD-902763,taker,1.40
FIL-602097,ACC-2045,MNQ,SELL,1,19718.75,2026-08-17T11:03:43Z,ORD-904302,taker,0.70
FIL-602098,ACC-2005,MNQ,SELL,9,19780.50,2026-08-17T11:03:54Z,ORD-900574,taker,6.30
FIL-602099,ACC-2013,MNQ,SELL,2,19780.00,2026-08-17T11:05:50Z,ORD-901543,maker,1.40
FIL-602100,ACC-2042,MES,SELL,2,5626.00,2026-08-17T11:07:15Z,ORD-904089,maker,1.40
FIL-602101,ACC-2051,MCL,SELL,4,73.90,2026-08-17T11:08:11Z,ORD-904735,maker,2.80
FIL-602102,ACC-2016,MNQ,SELL,5,19782.50,2026-08-17T11:08:24Z,ORD-902400,taker,3.50
FIL-602103,ACC-2013,MNQ,SELL,2,19780.25,2026-08-17T11:22:01Z,ORD-901545,taker,1.40
FIL-602104,ACC-2013,MNQ,BUY,2,19779.00,2026-08-17T11:25:50Z,ORD-901544,taker,1.40
FIL-602105,ACC-2013,MNQ,BUY,2,19778.50,2026-08-17T11:43:01Z,ORD-901546,taker,1.40
FIL-602106,ACC-2016,MNQ,SELL,4,19781.25,2026-08-17T11:43:26Z,ORD-902401,maker,2.80
FIL-602107,ACC-2015,MNQ,BUY,3,19780.00,2026-08-17T11:47:13Z,ORD-902185,taker,2.10
FIL-602108,ACC-2014,MNQ,BUY,4,19779.75,2026-08-17T11:49:44Z,ORD-901969,maker,2.80
FIL-602109,ACC-2016,MNQ,BUY,2,19779.25,2026-08-17T11:54:26Z,ORD-902402,taker,1.40
FIL-602110,ACC-2016,MNQ,BUY,2,19779.25,2026-08-17T11:54:27Z,ORD-902402,taker,1.40
FIL-602111,ACC-2013,MNQ,SELL,2,19781.25,2026-08-17T11:55:20Z,ORD-901547,maker,1.40
FIL-602112,ACC-2015,MNQ,SELL,3,19780.50,2026-08-17T11:59:13Z,ORD-902186,taker,2.10
FIL-602113,ACC-2013,MNQ,SELL,5,19781.00,2026-08-17T12:12:30Z,ORD-901549,taker,3.50
FIL-602114,ACC-2014,MNQ,SELL,4,19779.75,2026-08-17T12:12:44Z,ORD-901970,taker,2.80
FIL-602115,ACC-2013,MNQ,BUY,2,19780.25,2026-08-17T12:21:20Z,ORD-901548,taker,1.40
FIL-602116,ACC-2013,MNQ,BUY,5,19780.50,2026-08-17T12:23:30Z,ORD-901550,taker,3.50
FIL-602117,ACC-2004,ES,BUY,7,5624.25,2026-08-17T12:24:53Z,ORD-900447,taker,14.70
FIL-602118,ACC-2002,MNQ,BUY,10,19779.75,2026-08-17T12:26:41Z,ORD-900187,taker,7.00
FIL-602119,ACC-2002,MNQ,SELL,10,19758.75,2026-08-17T12:35:41Z,ORD-900188,maker,7.00
FIL-602120,ACC-2013,MNQ,BUY,5,19779.75,2026-08-17T12:41:31Z,ORD-901551,maker,3.50
FIL-602121,ACC-2004,ES,SELL,7,5626.75,2026-08-17T12:44:53Z,ORD-900448,taker,14.70
FIL-602122,ACC-2031,6E,BUY,3,1.1005,2026-08-17T12:53:56Z,ORD-903260,maker,7.44
FIL-602123,ACC-2049,GC,BUY,3,2479.80,2026-08-17T12:55:14Z,ORD-904543,maker,6.30
FIL-602124,ACC-2044,GC,SELL,2,2480.30,2026-08-17T12:55:34Z,ORD-904242,taker,4.20
FIL-602125,ACC-2016,MNQ,BUY,5,19780.00,2026-08-17T12:55:36Z,ORD-902403,maker,3.50
FIL-602126,ACC-2036,6E,SELL,2,1.10075,2026-08-17T12:55:59Z,ORD-903637,maker,4.96
FIL-602127,ACC-2003,MES,BUY,3,5623.75,2026-08-17T12:56:06Z,ORD-900321,taker,2.10
FIL-602128,ACC-2003,MES,BUY,4,5623.75,2026-08-17T12:56:08Z,ORD-900321,taker,2.80
FIL-602129,ACC-2005,MNQ,SELL,2,19781.25,2026-08-17T12:57:19Z,ORD-900575,taker,1.40
FIL-602130,ACC-2005,MNQ,SELL,2,19781.25,2026-08-17T12:57:22Z,ORD-900575,taker,1.40
FIL-602131,ACC-2006,MNQ,BUY,5,19780.75,2026-08-17T12:58:06Z,ORD-900711,taker,3.50
FIL-602132,ACC-2036,6E,BUY,2,1.10075,2026-08-17T12:58:59Z,ORD-903638,taker,4.96
FIL-602133,ACC-2030,6E,BUY,1,1.10065,2026-08-17T12:59:11Z,ORD-903162,taker,2.48
FIL-602134,ACC-2014,MNQ,SELL,2,19780.00,2026-08-17T13:00:25Z,ORD-901971,maker,1.40
FIL-602135,ACC-2039,GC,BUY,3,2480.00,2026-08-17T13:01:43Z,ORD-903867,taker,6.30
FIL-602136,ACC-2015,MNQ,BUY,2,19779.75,2026-08-17T13:01:46Z,ORD-902187,taker,1.40
FIL-602137,ACC-2045,MNQ,BUY,1,19780.75,2026-08-17T13:01:47Z,ORD-904303,taker,0.70
FIL-602138,ACC-2013,MNQ,SELL,5,19780.50,2026-08-17T13:02:31Z,ORD-901552,taker,3.50
FIL-602139,ACC-2013,MNQ,SELL,2,19779.50,2026-08-17T13:05:13Z,ORD-901553,taker,1.40
FIL-602140,ACC-2014,MNQ,BUY,2,19779.50,2026-08-17T13:05:25Z,ORD-901972,taker,1.40
FIL-602141,ACC-2016,MNQ,SELL,5,19781.50,2026-08-17T13:06:36Z,ORD-902404,taker,3.50
FIL-602142,ACC-2030,6E,SELL,1,1.10095,2026-08-17T13:12:11Z,ORD-903163,taker,2.48
FIL-602143,ACC-2013,MNQ,BUY,2,19777.25,2026-08-17T13:12:13Z,ORD-901554,maker,1.40
FIL-602144,ACC-2044,GC,BUY,2,2481.20,2026-08-17T13:12:34Z,ORD-904243,taker,4.20
FIL-602145,ACC-2045,MNQ,SELL,1,19748.50,2026-08-17T13:13:47Z,ORD-904304,taker,0.70
FIL-602146,ACC-2031,6E,SELL,3,1.1005,2026-08-17T13:15:56Z,ORD-903261,maker,7.44
FIL-602147,ACC-2049,GC,SELL,3,2479.90,2026-08-17T13:16:14Z,ORD-904544,maker,6.30
FIL-602148,ACC-2003,MES,SELL,7,5615.00,2026-08-17T13:18:06Z,ORD-900322,maker,4.90
FIL-602149,ACC-2006,MNQ,SELL,5,19786.25,2026-08-17T13:22:06Z,ORD-900712,taker,3.50
FIL-602150,ACC-2005,MNQ,BUY,4,19778.50,2026-08-17T13:22:19Z,ORD-900576,maker,2.80
FIL-602151,ACC-2039,GC,SELL,3,2479.80,2026-08-17T13:22:43Z,ORD-903868,maker,6.30
FIL-602152,ACC-2013,MNQ,BUY,2,19781.00,2026-08-17T13:26:24Z,ORD-901555,taker,1.40
FIL-602153,ACC-2015,MNQ,SELL,2,19780.75,2026-08-17T13:29:46Z,ORD-902188,taker,1.40
FIL-602154,ACC-2013,MNQ,SELL,2,19782.50,2026-08-17T13:30:24Z,ORD-901556,taker,1.40
FIL-602155,ACC-2042,MES,SELL,2,5623.25,2026-08-17T13:38:24Z,ORD-904090,taker,1.40
FIL-602156,ACC-2001,MES,SELL,4,5624.75,2026-08-17T13:43:29Z,ORD-900063,taker,2.80
FIL-602157,ACC-2037,MES,BUY,1,5623.25,2026-08-17T13:44:08Z,ORD-903731,taker,0.70
FIL-602158,ACC-2012,MES,SELL,3,5624.50,2026-08-17T13:45:13Z,ORD-901255,maker,2.10
FIL-602159,ACC-2013,MNQ,SELL,5,19781.00,2026-08-17T13:46:12Z,ORD-901557,taker,3.50
FIL-602160,ACC-2042,MES,BUY,2,5617.50,2026-08-17T13:46:24Z,ORD-904091,maker,1.40
FIL-602161,ACC-2046,MNQ,SELL,4,19780.75,2026-08-17T13:46:33Z,ORD-904407,taker,2.80
FIL-602162,ACC-2007,NQ,BUY,10,19781.00,2026-08-17T13:47:55Z,ORD-900857,taker,21.00
FIL-602163,ACC-2037,MES,SELL,1,5609.00,2026-08-17T13:48:08Z,ORD-903732,maker,0.70
FIL-602164,ACC-2001,MES,BUY,4,5598.50,2026-08-17T13:53:29Z,ORD-900064,taker,2.80
FIL-602165,ACC-2013,MNQ,BUY,5,19780.50,2026-08-17T13:57:12Z,ORD-901558,maker,3.50
FIL-602166,ACC-2014,MNQ,BUY,4,19780.25,2026-08-17T14:04:12Z,ORD-901973,taker,2.80
FIL-602167,ACC-2015,MNQ,BUY,5,19780.25,2026-08-17T14:06:02Z,ORD-902189,taker,3.50
FIL-602168,ACC-2012,MES,BUY,3,5622.75,2026-08-17T14:06:13Z,ORD-901256,maker,2.10
FIL-602169,ACC-2046,MNQ,BUY,4,19774.75,2026-08-17T14:06:33Z,ORD-904408,taker,2.80
FIL-602170,ACC-2016,MNQ,SELL,2,19781.50,2026-08-17T14:07:16Z,ORD-902405,taker,1.40
FIL-602171,ACC-2016,MNQ,SELL,3,19781.50,2026-08-17T14:07:18Z,ORD-902405,taker,2.10
FIL-602172,ACC-2007,NQ,SELL,10,19782.00,2026-08-17T14:15:55Z,ORD-900858,taker,21.00
FIL-602173,ACC-2013,MNQ,BUY,2,19779.50,2026-08-17T14:18:42Z,ORD-901559,maker,1.40
FIL-602174,ACC-2013,MNQ,BUY,3,19779.50,2026-08-17T14:18:45Z,ORD-901559,maker,2.10
FIL-602175,ACC-2004,ES,BUY,10,5623.50,2026-08-17T14:19:51Z,ORD-900449,taker,21.00
FIL-602176,ACC-2014,MNQ,SELL,2,19780.25,2026-08-17T14:23:12Z,ORD-901974,taker,1.40
FIL-602177,ACC-2014,MNQ,SELL,2,19780.25,2026-08-17T14:23:13Z,ORD-901974,taker,1.40
FIL-602178,ACC-2002,MNQ,SELL,2,19781.00,2026-08-17T14:24:13Z,ORD-900189,taker,1.40
FIL-602179,ACC-2002,MNQ,SELL,3,19781.00,2026-08-17T14:24:16Z,ORD-900189,taker,2.10
FIL-602180,ACC-2004,ES,SELL,10,5624.50,2026-08-17T14:27:51Z,ORD-900450,maker,21.00
FIL-602181,ACC-2015,MNQ,SELL,5,19780.50,2026-08-17T14:32:02Z,ORD-902190,maker,3.50
FIL-602182,ACC-2016,MNQ,BUY,5,19780.00,2026-08-17T14:33:16Z,ORD-902406,taker,3.50
FIL-602183,ACC-2013,MNQ,SELL,5,19780.25,2026-08-17T14:37:42Z,ORD-901560,taker,3.50
FIL-602184,ACC-2013,MNQ,BUY,5,19780.50,2026-08-17T14:39:33Z,ORD-901561,taker,3.50
FIL-602185,ACC-2013,MNQ,SELL,5,19781.00,2026-08-17T14:51:33Z,ORD-901562,taker,3.50
FIL-602186,ACC-2002,MNQ,BUY,5,19815.25,2026-08-17T14:52:13Z,ORD-900190,taker,3.50
FIL-602187,ACC-2013,MNQ,SELL,5,19780.50,2026-08-17T14:58:26Z,ORD-901563,taker,3.50
FIL-602188,ACC-2036,6E,BUY,1,1.10045,2026-08-17T15:10:20Z,ORD-903639,maker,2.48
FIL-602189,ACC-2003,MES,BUY,6,5623.00,2026-08-17T15:10:53Z,ORD-900323,taker,4.20
FIL-602190,ACC-2030,6E,BUY,4,1.1005,2026-08-17T15:11:10Z,ORD-903164,taker,9.92
FIL-602191,ACC-2017,MES,SELL,7,5624.50,2026-08-17T15:11:48Z,ORD-902575,taker,4.90
FIL-602192,ACC-2015,MNQ,SELL,2,19781.00,2026-08-17T15:12:19Z,ORD-902191,maker,1.40
FIL-602193,ACC-2023,MES,SELL,3,5623.00,2026-08-17T15:12:43Z,ORD-902850,taker,2.10
FIL-602194,ACC-2025,ES,SELL,12,5623.75,2026-08-17T15:13:43Z,ORD-903000,taker,25.20
FIL-602195,ACC-2049,GC,SELL,3,2479.80,2026-08-17T15:14:29Z,ORD-904545,taker,6.30
FIL-602196,ACC-2026,MCL,SELL,3,73.97,2026-08-17T15:14:33Z,ORD-903076,maker,2.10
FIL-602197,ACC-2048,6E,BUY,3,1.10085,2026-08-17T15:15:20Z,ORD-904485,taker,7.44
FIL-602198,ACC-2013,MNQ,BUY,5,19779.75,2026-08-17T15:15:26Z,ORD-901564,taker,3.50
FIL-602199,ACC-2005,MNQ,BUY,5,19781.00,2026-08-17T15:15:42Z,ORD-900577,taker,3.50
FIL-602200,ACC-2009,MES,SELL,1,5623.50,2026-08-17T15:15:44Z,ORD-901037,taker,0.70
FIL-602201,ACC-2051,MCL,BUY,2,73.96,2026-08-17T15:15:59Z,ORD-904736,taker,1.40
FIL-602202,ACC-2010,MNQ,SELL,3,19780.25,2026-08-17T15:16:00Z,ORD-901103,taker,2.10
FIL-602203,ACC-2014,MNQ,SELL,4,19780.00,2026-08-17T15:16:32Z,ORD-901975,taker,2.80
FIL-602204,ACC-2024,MNQ,SELL,4,19779.75,2026-08-17T15:17:05Z,ORD-902926,taker,2.80
FIL-602205,ACC-2052,MCL,BUY,3,73.92,2026-08-17T15:17:14Z,ORD-904808,maker,2.10
FIL-602206,ACC-2031,6E,BUY,3,1.1008,2026-08-17T15:17:30Z,ORD-903262,taker,7.44
FIL-602207,ACC-2032,MNQ,BUY,4,19781.25,2026-08-17T15:18:15Z,ORD-903348,maker,2.80
FIL-602208,ACC-2045,MNQ,BUY,2,19781.25,2026-08-17T15:18:15Z,ORD-904305,taker,1.40
FIL-602209,ACC-2039,GC,BUY,3,2480.10,2026-08-17T15:18:16Z,ORD-903869,maker,6.30
FIL-602210,ACC-2015,MNQ,BUY,2,19780.25,2026-08-17T15:18:19Z,ORD-902192,taker,1.40
FIL-602211,ACC-2006,MNQ,BUY,8,19780.00,2026-08-17T15:18:37Z,ORD-900713,taker,5.60
FIL-602212,ACC-2044,GC,BUY,3,2480.30,2026-08-17T15:18:37Z,ORD-904244,taker,6.30
FIL-602213,ACC-2036,6E,SELL,1,1.10045,2026-08-17T15:19:20Z,ORD-903640,taker,2.48
FIL-602214,ACC-2016,MNQ,SELL,3,19780.00,2026-08-17T15:19:31Z,ORD-902407,taker,2.10
FIL-602215,ACC-2043,6E,SELL,4,1.1005,2026-08-17T15:19:43Z,ORD-904170,taker,9.92
FIL-602216,ACC-2032,MNQ,SELL,4,19775.50,2026-08-17T15:20:15Z,ORD-903349,maker,2.80
FIL-602217,ACC-2052,MCL,SELL,3,72.76,2026-08-17T15:22:14Z,ORD-904809,maker,2.10
FIL-602218,ACC-2031,6E,SELL,3,1.1008,2026-08-17T15:22:30Z,ORD-903263,taker,7.44
FIL-602219,ACC-2051,MCL,SELL,2,73.86,2026-08-17T15:22:59Z,ORD-904737,maker,1.40
FIL-602220,ACC-2026,MCL,BUY,3,74.48,2026-08-17T15:23:33Z,ORD-903077,taker,2.10
FIL-602221,ACC-2005,MNQ,SELL,5,19782.50,2026-08-17T15:25:42Z,ORD-900578,maker,3.50
FIL-602222,ACC-2016,MNQ,BUY,3,19777.75,2026-08-17T15:26:31Z,ORD-902408,maker,2.10
FIL-602223,ACC-2043,6E,BUY,4,1.10045,2026-08-17T15:27:43Z,ORD-904171,taker,9.92
FIL-602224,ACC-2013,MNQ,BUY,2,19779.75,2026-08-17T15:28:00Z,ORD-901565,taker,1.40
FIL-602225,ACC-2024,MNQ,BUY,4,19777.25,2026-08-17T15:28:05Z,ORD-902927,maker,2.80
FIL-602226,ACC-2014,MNQ,BUY,4,19779.75,2026-08-17T15:29:32Z,ORD-901976,taker,2.80
FIL-602227,ACC-2010,MNQ,BUY,3,19785.00,2026-08-17T15:31:00Z,ORD-901104,maker,2.10
FIL-602228,ACC-2013,MNQ,SELL,2,19781.50,2026-08-17T15:34:00Z,ORD-901566,taker,1.40
FIL-602229,ACC-2039,GC,SELL,3,2480.00,2026-08-17T15:34:16Z,ORD-903870,maker,6.30
FIL-602230,ACC-2023,MES,BUY,3,5607.00,2026-08-17T15:34:43Z,ORD-902851,maker,2.10
FIL-602231,ACC-2045,MNQ,SELL,2,19762.00,2026-08-17T15:35:15Z,ORD-904306,taker,1.40
FIL-602232,ACC-2030,6E,SELL,4,1.10055,2026-08-17T15:38:10Z,ORD-903165,taker,9.92
FIL-602233,ACC-2025,ES,BUY,12,5623.50,2026-08-17T15:38:43Z,ORD-903001,taker,25.20
FIL-602234,ACC-2017,MES,BUY,7,5626.50,2026-08-17T15:38:48Z,ORD-902576,maker,4.90
FIL-602235,ACC-2003,MES,SELL,6,5613.50,2026-08-17T15:38:53Z,ORD-900324,taker,4.20
FIL-602236,ACC-2049,GC,BUY,3,2479.70,2026-08-17T15:39:29Z,ORD-904546,taker,6.30
FIL-602237,ACC-2044,GC,SELL,3,2479.90,2026-08-17T15:39:37Z,ORD-904245,taker,6.30
FIL-602238,ACC-2009,MES,BUY,1,5635.75,2026-08-17T15:41:44Z,ORD-901038,maker,0.70
FIL-602239,ACC-2048,6E,SELL,3,1.1011,2026-08-17T15:43:20Z,ORD-904486,taker,7.44
FIL-602240,ACC-2006,MNQ,SELL,8,19783.00,2026-08-17T15:44:37Z,ORD-900714,maker,5.60
FIL-602241,ACC-2013,MNQ,BUY,3,19780.75,2026-08-17T15:51:19Z,ORD-901567,taker,2.10
FIL-602242,ACC-2002,MNQ,BUY,10,19780.25,2026-08-17T16:05:12Z,ORD-900191,taker,7.00
FIL-602243,ACC-2004,ES,BUY,4,5623.75,2026-08-17T16:06:07Z,ORD-900451,taker,8.40
FIL-602244,ACC-2013,MNQ,BUY,4,19781.00,2026-08-17T16:12:09Z,ORD-901569,taker,2.80
FIL-602245,ACC-2002,MNQ,SELL,10,19771.50,2026-08-17T16:13:12Z,ORD-900192,taker,7.00
FIL-602246,ACC-2013,MNQ,SELL,3,19781.25,2026-08-17T16:17:19Z,ORD-901568,taker,2.10
FIL-602247,ACC-2004,ES,SELL,4,5627.75,2026-08-17T16:18:07Z,ORD-900452,taker,8.40
FIL-602248,ACC-2013,MNQ,SELL,4,19781.75,2026-08-17T16:19:09Z,ORD-901570,maker,2.80
FIL-602249,ACC-2016,MNQ,BUY,2,19780.50,2026-08-17T16:20:50Z,ORD-902409,maker,1.40
FIL-602250,ACC-2016,MNQ,BUY,2,19780.50,2026-08-17T16:20:53Z,ORD-902409,taker,1.40
FIL-602251,ACC-2016,MNQ,SELL,4,19781.50,2026-08-17T16:23:50Z,ORD-902410,taker,2.80
FIL-602252,ACC-2014,MNQ,BUY,3,19781.50,2026-08-17T16:25:19Z,ORD-901977,taker,2.10
FIL-602253,ACC-2015,MNQ,BUY,5,19780.75,2026-08-17T16:28:55Z,ORD-902193,maker,3.50
FIL-602254,ACC-2014,MNQ,SELL,3,19781.75,2026-08-17T16:31:19Z,ORD-901978,maker,2.10
FIL-602255,ACC-2007,NQ,BUY,8,19780.50,2026-08-17T16:42:27Z,ORD-900859,maker,16.80
FIL-602256,ACC-2042,MES,BUY,3,5624.00,2026-08-17T16:42:56Z,ORD-904092,taker,2.10
FIL-602257,ACC-2013,MNQ,SELL,2,19781.25,2026-08-17T16:43:56Z,ORD-901571,maker,1.40
FIL-602258,ACC-2037,MES,BUY,1,5623.25,2026-08-17T16:44:08Z,ORD-903733,maker,0.70
FIL-602259,ACC-2012,MES,BUY,3,5622.75,2026-08-17T16:48:32Z,ORD-901257,taker,2.10
FIL-602260,ACC-2001,MES,SELL,10,5623.00,2026-08-17T16:49:30Z,ORD-900065,maker,7.00
FIL-602261,ACC-2013,MNQ,BUY,2,19779.25,2026-08-17T16:49:56Z,ORD-901572,taker,1.40
FIL-602262,ACC-2015,MNQ,SELL,5,19781.00,2026-08-17T16:50:55Z,ORD-902194,maker,3.50
FIL-602263,ACC-2046,MNQ,BUY,4,19780.75,2026-08-17T16:51:11Z,ORD-904409,taker,2.80
FIL-602264,ACC-2012,MES,SELL,3,5623.50,2026-08-17T16:51:32Z,ORD-901258,taker,2.10
FIL-602265,ACC-2037,MES,SELL,1,5605.25,2026-08-17T16:56:08Z,ORD-903734,taker,0.70
FIL-602266,ACC-2046,MNQ,SELL,4,19789.25,2026-08-17T16:57:11Z,ORD-904410,taker,2.80
FIL-602267,ACC-2013,MNQ,SELL,2,19780.75,2026-08-17T17:02:26Z,ORD-901573,maker,1.40
FIL-602268,ACC-2007,NQ,SELL,8,19782.25,2026-08-17T17:02:27Z,ORD-900860,maker,16.80
FIL-602269,ACC-2042,MES,SELL,3,5627.25,2026-08-17T17:02:56Z,ORD-904093,taker,2.10
FIL-602270,ACC-2001,MES,BUY,10,5609.25,2026-08-17T17:03:30Z,ORD-900066,taker,7.00
FIL-602271,ACC-2013,MNQ,BUY,2,19779.50,2026-08-17T17:17:26Z,ORD-901574,taker,1.40
FIL-602272,ACC-2013,MNQ,BUY,2,19780.00,2026-08-17T17:26:13Z,ORD-901575,taker,1.40
FIL-602273,ACC-2044,GC,BUY,2,2480.50,2026-08-17T17:28:18Z,ORD-904246,taker,4.20
FIL-602274,ACC-2031,6E,SELL,2,1.1007,2026-08-17T17:28:54Z,ORD-903264,taker,4.96
FIL-602275,ACC-2006,MNQ,BUY,9,19779.75,2026-08-17T17:30:51Z,ORD-900715,taker,6.30
FIL-602276,ACC-2016,MNQ,BUY,3,19781.00,2026-08-17T17:31:09Z,ORD-902411,taker,2.10
FIL-602277,ACC-2014,MNQ,SELL,5,19780.75,2026-08-17T17:31:40Z,ORD-901979,maker,3.50
FIL-602278,ACC-2049,GC,SELL,1,2479.90,2026-08-17T17:32:04Z,ORD-904547,taker,2.10
FIL-602279,ACC-2030,6E,BUY,4,1.10055,2026-08-17T17:32:07Z,ORD-903166,taker,9.92
FIL-602280,ACC-2045,MNQ,SELL,4,19780.75,2026-08-17T17:32:16Z,ORD-904307,maker,2.80
FIL-602281,ACC-2005,MNQ,SELL,4,19779.75,2026-08-17T17:32:45Z,ORD-900579,maker,2.80
FIL-602282,ACC-2039,GC,BUY,3,2480.40,2026-08-17T17:32:47Z,ORD-903871,taker,6.30
FIL-602283,ACC-2003,MES,BUY,2,5623.75,2026-08-17T17:33:56Z,ORD-900325,taker,1.40
FIL-602284,ACC-2003,MES,BUY,2,5623.75,2026-08-17T17:34:00Z,ORD-900325,taker,1.40
FIL-602285,ACC-2044,GC,SELL,2,2479.80,2026-08-17T17:34:18Z,ORD-904247,maker,4.20
FIL-602286,ACC-2036,6E,SELL,3,1.10065,2026-08-17T17:35:47Z,ORD-903641,maker,7.44
FIL-602287,ACC-2015,MNQ,SELL,4,19781.00,2026-08-17T17:36:56Z,ORD-902195,taker,2.80
FIL-602288,ACC-2049,GC,BUY,1,2479.50,2026-08-17T17:38:04Z,ORD-904548,taker,2.10
FIL-602289,ACC-2045,MNQ,BUY,4,19790.50,2026-08-17T17:38:16Z,ORD-904308,taker,2.80
FIL-602290,ACC-2013,MNQ,SELL,2,19781.75,2026-08-17T17:39:13Z,ORD-901576,taker,1.40
FIL-602291,ACC-2005,MNQ,BUY,4,19778.00,2026-08-17T17:42:45Z,ORD-900580,maker,2.80
FIL-602292,ACC-2036,6E,BUY,3,1.10065,2026-08-17T17:42:47Z,ORD-903642,maker,7.44
FIL-602293,ACC-2031,6E,BUY,2,1.1007,2026-08-17T17:46:54Z,ORD-903265,taker,4.96
FIL-602294,ACC-2003,MES,SELL,4,5615.50,2026-08-17T17:46:56Z,ORD-900326,taker,2.80
FIL-602295,ACC-2013,MNQ,BUY,2,19781.25,2026-08-17T17:47:00Z,ORD-901577,taker,1.40
FIL-602296,ACC-2030,6E,SELL,4,1.1006,2026-08-17T17:51:07Z,ORD-903167,taker,9.92
FIL-602297,ACC-2039,GC,SELL,3,2480.20,2026-08-17T17:51:47Z,ORD-903872,taker,6.30
FIL-602298,ACC-2016,MNQ,SELL,3,19783.25,2026-08-17T17:54:09Z,ORD-902412,maker,2.10
FIL-602299,ACC-2014,MNQ,BUY,5,19780.50,2026-08-17T17:57:40Z,ORD-901980,taker,3.50
FIL-602300,ACC-2006,MNQ,SELL,9,19785.25,2026-08-17T17:57:51Z,ORD-900716,maker,6.30
FIL-602301,ACC-2002,MNQ,SELL,8,19780.50,2026-08-17T18:02:32Z,ORD-900193,taker,5.60
FIL-602302,ACC-2015,MNQ,BUY,4,19780.50,2026-08-17T18:03:56Z,ORD-902196,maker,2.80
FIL-602303,ACC-2004,ES,SELL,6,5624.25,2026-08-17T18:05:09Z,ORD-900453,taker,12.60
FIL-602304,ACC-2002,MNQ,BUY,8,19793.25,2026-08-17T18:05:32Z,ORD-900194,taker,5.60
FIL-602305,ACC-2013,MNQ,SELL,2,19782.25,2026-08-17T18:11:00Z,ORD-901578,taker,1.40
FIL-602306,ACC-2013,MNQ,SELL,3,19779.75,2026-08-17T18:12:33Z,ORD-901579,taker,2.10
FIL-602307,ACC-2004,ES,BUY,6,5621.00,2026-08-17T18:18:09Z,ORD-900454,taker,12.60
FIL-602308,ACC-2013,MNQ,BUY,3,19778.50,2026-08-17T18:23:33Z,ORD-901580,taker,2.10
FIL-602309,ACC-2013,MNQ,BUY,2,19780.50,2026-08-17T18:36:47Z,ORD-901581,maker,1.40
FIL-602310,ACC-2016,MNQ,BUY,3,19780.50,2026-08-17T18:38:38Z,ORD-902413,taker,2.10
FIL-602311,ACC-2014,MNQ,SELL,3,19781.25,2026-08-17T18:39:22Z,ORD-901981,maker,2.10
FIL-602312,ACC-2015,MNQ,SELL,2,19780.25,2026-08-17T18:43:21Z,ORD-902197,taker,1.40
FIL-602313,ACC-2013,MNQ,SELL,2,19782.50,2026-08-17T18:51:47Z,ORD-901582,maker,1.40
FIL-602314,ACC-2015,MNQ,BUY,2,19779.50,2026-08-17T18:53:21Z,ORD-902198,maker,1.40
FIL-602315,ACC-2014,MNQ,BUY,3,19781.00,2026-08-17T18:57:22Z,ORD-901982,taker,2.10
FIL-602316,ACC-2016,MNQ,SELL,3,19782.50,2026-08-17T19:01:38Z,ORD-902414,maker,2.10
FIL-602317,ACC-2013,MNQ,BUY,2,19779.75,2026-08-17T19:01:40Z,ORD-901583,maker,1.40
FIL-602318,ACC-2013,MNQ,SELL,2,19781.50,2026-08-17T19:28:40Z,ORD-901584,maker,1.40
FIL-602319,ACC-2013,MNQ,SELL,4,19781.00,2026-08-17T19:30:55Z,ORD-901585,taker,2.80
FIL-602320,ACC-2013,MNQ,BUY,4,19780.50,2026-08-17T19:34:55Z,ORD-901586,taker,2.80
FIL-602321,ACC-2004,ES,BUY,9,5624.75,2026-08-17T19:46:00Z,ORD-900455,maker,18.90
FIL-602322,ACC-2009,MES,SELL,3,5623.25,2026-08-17T19:46:04Z,ORD-901039,maker,2.10
FIL-602323,ACC-2005,MNQ,BUY,6,19781.25,2026-08-17T19:46:06Z,ORD-900581,taker,4.20
FIL-602324,ACC-2001,MES,BUY,4,5623.75,2026-08-17T19:46:08Z,ORD-900067,maker,2.80
FIL-602325,ACC-2001,MES,BUY,5,5623.75,2026-08-17T19:46:11Z,ORD-900067,taker,3.50
FIL-602326,ACC-2044,GC,SELL,3,2480.00,2026-08-17T19:46:18Z,ORD-904248,maker,6.30
FIL-602327,ACC-2002,MNQ,BUY,2,19781.00,2026-08-17T19:46:23Z,ORD-900195,taker,1.40
FIL-602328,ACC-2002,MNQ,BUY,3,19781.00,2026-08-17T19:46:27Z,ORD-900195,taker,2.10
FIL-602329,ACC-2041,MCL,SELL,3,73.91,2026-08-17T19:47:10Z,ORD-904034,maker,2.10
FIL-602330,ACC-2046,MNQ,BUY,2,19781.25,2026-08-17T19:47:34Z,ORD-904411,taker,1.40
FIL-602331,ACC-2042,MES,BUY,1,5624.00,2026-08-17T19:47:37Z,ORD-904094,maker,0.70
FIL-602332,ACC-2031,6E,BUY,2,1.10055,2026-08-17T19:48:09Z,ORD-903266,taker,4.96
FIL-602333,ACC-2051,MCL,BUY,1,73.97,2026-08-17T19:48:29Z,ORD-904738,taker,0.70
FIL-602334,ACC-2049,GC,SELL,3,2479.80,2026-08-17T19:48:34Z,ORD-904549,taker,6.30
FIL-602335,ACC-2025,ES,BUY,11,5623.75,2026-08-17T19:48:49Z,ORD-903002,taker,23.10
FIL-602336,ACC-2019,MES,BUY,2,5623.25,2026-08-17T19:48:52Z,ORD-902660,taker,1.40
FIL-602337,ACC-2009,MES,BUY,3,5627.50,2026-08-17T19:49:04Z,ORD-901040,maker,2.10
FIL-602338,ACC-2018,MES,SELL,2,5624.00,2026-08-17T19:49:07Z,ORD-902656,taker,1.40
FIL-602339,ACC-2020,MES,BUY,3,5624.25,2026-08-17T19:49:15Z,ORD-902664,taker,2.10
FIL-602340,ACC-2017,MES,SELL,7,5623.25,2026-08-17T19:49:33Z,ORD-902577,taker,4.90
FIL-602341,ACC-2037,MES,BUY,1,5624.00,2026-08-17T19:49:45Z,ORD-903735,taker,0.70
FIL-602342,ACC-2022,MNQ,SELL,4,19780.50,2026-08-17T19:50:01Z,ORD-902768,taker,2.80
FIL-602343,ACC-2001,MES,SELL,4,5630.00,2026-08-17T19:50:08Z,ORD-900068,maker,2.80
FIL-602344,ACC-2001,MES,SELL,5,5630.00,2026-08-17T19:50:09Z,ORD-900068,taker,3.50
FIL-602345,ACC-2015,MNQ,BUY,4,19780.00,2026-08-17T19:50:26Z,ORD-902199,maker,2.80
FIL-602346,ACC-2032,MNQ,BUY,4,19780.75,2026-08-17T19:50:30Z,ORD-903350,taker,2.80
FIL-602347,ACC-2012,MES,BUY,3,5623.75,2026-08-17T19:50:48Z,ORD-901259,maker,2.10
FIL-602348,ACC-2013,MNQ,BUY,2,19780.00,2026-08-17T19:50:51Z,ORD-901587,maker,1.40
FIL-602349,ACC-2004,ES,SELL,9,5626.00,2026-08-17T19:51:00Z,ORD-900456,maker,18.90
FIL-602350,ACC-2024,MNQ,SELL,4,19780.75,2026-08-17T19:51:04Z,ORD-902928,taker,2.80
FIL-602351,ACC-2039,GC,BUY,1,2480.50,2026-08-17T19:51:04Z,ORD-903873,maker,2.10
FIL-602352,ACC-2014,MNQ,BUY,5,19780.25,2026-08-17T19:51:07Z,ORD-901983,maker,3.50
FIL-602353,ACC-2007,NQ,BUY,7,19780.00,2026-08-17T19:51:34Z,ORD-900861,taker,14.70
FIL-602354,ACC-2050,MES,BUY,1,5623.75,2026-08-17T19:51:38Z,ORD-904645,maker,0.70
FIL-602355,ACC-2019,MES,SELL,2,5621.00,2026-08-17T19:51:52Z,ORD-902661,maker,1.40
FIL-602356,ACC-2034,MES,BUY,3,5623.50,2026-08-17T19:51:56Z,ORD-903478,maker,2.10
FIL-602357,ACC-2036,6E,BUY,1,1.10075,2026-08-17T19:52:33Z,ORD-903643,taker,2.48
FIL-602358,ACC-2043,6E,SELL,2,1.1007,2026-08-17T19:52:51Z,ORD-904172,maker,4.96
FIL-602359,ACC-2043,6E,SELL,2,1.1007,2026-08-17T19:52:52Z,ORD-904172,taker,4.96
FIL-602360,ACC-2023,MES,BUY,5,5623.00,2026-08-17T19:52:58Z,ORD-902852,taker,3.50
FIL-602361,ACC-2024,MNQ,BUY,4,19775.00,2026-08-17T19:53:04Z,ORD-902929,taker,2.80
FIL-602362,ACC-2021,MNQ,SELL,3,19779.50,2026-08-17T19:53:22Z,ORD-902764,taker,2.10
FIL-602363,ACC-2030,6E,BUY,2,1.10075,2026-08-17T19:53:41Z,ORD-903168,maker,4.96
FIL-602364,ACC-2040,6E,SELL,4,1.1007,2026-08-17T19:53:58Z,ORD-903954,maker,9.92
FIL-602365,ACC-2003,MES,SELL,6,5624.50,2026-08-17T19:54:00Z,ORD-900327,maker,4.20
FIL-602366,ACC-2033,MNQ,BUY,3,19780.50,2026-08-17T19:54:00Z,ORD-903406,taker,2.10
FIL-602367,ACC-2018,MES,BUY,2,5628.00,2026-08-17T19:54:07Z,ORD-902657,taker,1.40
FIL-602368,ACC-2045,MNQ,SELL,4,19780.75,2026-08-17T19:54:09Z,ORD-904309,taker,2.80
FIL-602369,ACC-2006,MNQ,BUY,8,19781.00,2026-08-17T19:54:33Z,ORD-900717,maker,5.60
FIL-602370,ACC-2011,MES,BUY,1,5624.50,2026-08-17T19:54:49Z,ORD-901175,taker,0.70
FIL-602371,ACC-2016,MNQ,SELL,5,19781.50,2026-08-17T19:54:49Z,ORD-902415,taker,3.50
FIL-602372,ACC-2025,ES,SELL,11,5624.25,2026-08-17T19:54:49Z,ORD-903003,maker,23.10
FIL-602373,ACC-2035,6E,BUY,4,1.10055,2026-08-17T19:54:53Z,ORD-903565,maker,9.92
FIL-602374,ACC-2041,MCL,BUY,3,74.01,2026-08-17T19:55:10Z,ORD-904035,taker,2.10
FIL-602375,ACC-2048,6E,BUY,3,1.1008,2026-08-17T19:55:17Z,ORD-904487,taker,7.44
FIL-602376,ACC-2038,GC,BUY,1,2479.90,2026-08-17T19:55:21Z,ORD-903803,taker,2.10
FIL-602377,ACC-2008,MNQ,BUY,2,19780.75,2026-08-17T19:55:26Z,ORD-900967,taker,1.40
FIL-602378,ACC-2036,6E,SELL,1,1.1007,2026-08-17T19:55:33Z,ORD-903644,taker,2.48
FIL-602379,ACC-2010,MNQ,BUY,2,19780.25,2026-08-17T19:55:44Z,ORD-901105,taker,1.40
FIL-602380,ACC-2026,MCL,SELL,3,73.97,2026-08-17T19:55:44Z,ORD-903078,taker,2.10
FIL-602381,ACC-2052,MCL,SELL,1,73.94,2026-08-17T19:55:53Z,ORD-904810,taker,0.70
FIL-602382,ACC-2013,MNQ,SELL,2,19781.00,2026-08-17T19:56:51Z,ORD-901588,taker,1.40
FIL-602383,ACC-2022,MNQ,BUY,4,19772.25,2026-08-17T19:57:01Z,ORD-902769,maker,2.80
FIL-602384,ACC-2044,GC,BUY,3,2480.30,2026-08-17T19:57:18Z,ORD-904249,taker,6.30
FIL-602385,ACC-2051,MCL,SELL,1,73.76,2026-08-17T19:59:29Z,ORD-904739,maker,0.70
FIL-602386,ACC-2032,MNQ,SELL,4,19778.25,2026-08-17T19:59:30Z,ORD-903351,taker,2.80
FIL-602387,ACC-2050,MES,SELL,1,5613.75,2026-08-17T19:59:38Z,ORD-904646,taker,0.70
FIL-602388,ACC-2052,MCL,BUY,1,76.46,2026-08-17T19:59:53Z,ORD-904811,taker,0.70
FIL-602389,ACC-2038,GC,SELL,1,2481.20,2026-08-17T20:00:21Z,ORD-903804,taker,2.10
FIL-602390,ACC-2046,MNQ,SELL,2,19793.50,2026-08-17T20:01:34Z,ORD-904412,maker,1.40
FIL-602391,ACC-2002,MNQ,SELL,5,19763.25,2026-08-17T20:03:23Z,ORD-900196,taker,3.50
FIL-602392,ACC-2003,MES,BUY,6,5637.00,2026-08-17T20:04:00Z,ORD-900328,maker,4.20
FIL-602393,ACC-2012,MES,SELL,3,5624.50,2026-08-17T20:04:48Z,ORD-901260,taker,2.10
FIL-602394,ACC-2042,MES,SELL,1,5638.25,2026-08-17T20:05:37Z,ORD-904095,taker,0.70
FIL-602395,ACC-2011,MES,SELL,1,5627.75,2026-08-17T20:05:49Z,ORD-901176,taker,0.70
FIL-602396,ACC-2023,MES,SELL,5,5633.50,2026-08-17T20:06:58Z,ORD-902853,maker,3.50
FIL-602397,ACC-2015,MNQ,SELL,4,19780.25,2026-08-17T20:07:26Z,ORD-902200,maker,2.80
FIL-602398,ACC-2034,MES,SELL,3,5642.50,2026-08-17T20:07:56Z,ORD-903479,taker,2.10
FIL-602399,ACC-2045,MNQ,BUY,4,19788.50,2026-08-17T20:08:09Z,ORD-904310,maker,2.80
FIL-602400,ACC-2007,NQ,SELL,7,19782.50,2026-08-17T20:09:34Z,ORD-900862,taker,14.70
FIL-602401,ACC-2035,6E,SELL,4,1.101,2026-08-17T20:10:53Z,ORD-903566,taker,9.92
FIL-602402,ACC-2005,MNQ,SELL,6,19782.75,2026-08-17T20:11:06Z,ORD-900582,taker,4.20
FIL-602403,ACC-2039,GC,SELL,1,2479.50,2026-08-17T20:12:04Z,ORD-903874,maker,2.10
FIL-602404,ACC-2031,6E,SELL,2,1.1005,2026-08-17T20:12:09Z,ORD-903267,maker,4.96
FIL-602405,ACC-2020,MES,SELL,3,5627.00,2026-08-17T20:12:15Z,ORD-902665,maker,2.10
FIL-602406,ACC-2008,MNQ,SELL,2,19757.50,2026-08-17T20:12:26Z,ORD-900968,taker,1.40
FIL-602407,ACC-2040,6E,BUY,4,1.09995,2026-08-17T20:13:58Z,ORD-903955,maker,9.92
FIL-602408,ACC-2049,GC,BUY,3,2479.70,2026-08-17T20:14:34Z,ORD-904550,maker,6.30
FIL-602409,ACC-2048,6E,SELL,3,1.101,2026-08-17T20:15:17Z,ORD-904488,taker,7.44
FIL-602410,ACC-2017,MES,BUY,7,5625.75,2026-08-17T20:16:33Z,ORD-902578,maker,4.90
FIL-602411,ACC-2037,MES,SELL,1,5601.50,2026-08-17T20:16:45Z,ORD-903736,taker,0.70
FIL-602412,ACC-2043,6E,BUY,4,1.10065,2026-08-17T20:16:51Z,ORD-904173,taker,9.92
FIL-602413,ACC-2014,MNQ,SELL,5,19780.25,2026-08-17T20:17:07Z,ORD-901984,taker,3.50
FIL-602414,ACC-2021,MNQ,BUY,3,19769.75,2026-08-17T20:17:22Z,ORD-902765,taker,2.10
FIL-602415,ACC-2010,MNQ,SELL,2,19773.25,2026-08-17T20:17:44Z,ORD-901106,taker,1.40
FIL-602416,ACC-2033,MNQ,SELL,3,19733.75,2026-08-17T20:18:00Z,ORD-903407,taker,2.10
FIL-602417,ACC-2016,MNQ,BUY,5,19780.25,2026-08-17T20:18:49Z,ORD-902416,taker,3.50
FIL-602418,ACC-2006,MNQ,SELL,8,19787.50,2026-08-17T20:20:33Z,ORD-900718,maker,5.60
FIL-602419,ACC-2030,6E,SELL,2,1.1008,2026-08-17T20:20:41Z,ORD-903169,taker,4.96
FIL-602420,ACC-2026,MCL,BUY,3,74.62,2026-08-17T20:23:44Z,ORD-903079,taker,2.10
FIL-602421,ACC-2033,MCL,SELL,1,73.97,2026-08-18T10:34:03Z,ORD-903408,taker,0.70
FIL-602422,ACC-2001,ES,BUY,9,5626.50,2026-08-18T10:34:07Z,ORD-900069,taker,18.90
FIL-602423,ACC-2002,MNQ,BUY,10,19791.25,2026-08-18T10:34:19Z,ORD-900197,taker,7.00
FIL-602424,ACC-2004,MNQ,BUY,10,19792.25,2026-08-18T10:34:32Z,ORD-900457,taker,7.00
FIL-602425,ACC-2044,MNQ,SELL,2,19792.25,2026-08-18T10:34:34Z,ORD-904250,maker,1.40
FIL-602426,ACC-2030,MES,SELL,1,5626.50,2026-08-18T10:34:50Z,ORD-903170,taker,0.70
FIL-602427,ACC-2024,MNQ,BUY,4,19792.25,2026-08-18T10:35:07Z,ORD-902930,taker,2.80
FIL-602428,ACC-2006,MNQ,BUY,9,19792.00,2026-08-18T10:35:15Z,ORD-900719,taker,6.30
FIL-602429,ACC-2018,MES,SELL,2,5627.75,2026-08-18T10:35:25Z,ORD-902666,taker,1.40
FIL-602430,ACC-2025,ES,SELL,12,5626.25,2026-08-18T10:35:40Z,ORD-903004,taker,25.20
FIL-602431,ACC-2022,MNQ,BUY,2,19792.25,2026-08-18T10:35:48Z,ORD-902774,taker,1.40
FIL-602432,ACC-2032,MNQ,BUY,1,19791.25,2026-08-18T10:35:56Z,ORD-903352,maker,0.70
FIL-602433,ACC-2014,MNQ,BUY,2,19792.25,2026-08-18T10:36:30Z,ORD-901985,taker,1.40
FIL-602434,ACC-2014,MNQ,BUY,3,19792.25,2026-08-18T10:36:31Z,ORD-901985,maker,2.10
FIL-602435,ACC-2039,GC,SELL,1,2481.40,2026-08-18T10:36:33Z,ORD-903875,taker,2.10
FIL-602436,ACC-2043,MES,SELL,1,5627.50,2026-08-18T10:36:40Z,ORD-904174,taker,0.70
FIL-602437,ACC-2042,MNQ,BUY,1,19791.25,2026-08-18T10:36:48Z,ORD-904096,taker,0.70
FIL-602438,ACC-2052,MCL,BUY,3,74.01,2026-08-18T10:36:55Z,ORD-904812,taker,2.10
FIL-602439,ACC-2021,MNQ,SELL,3,19790.75,2026-08-18T10:36:56Z,ORD-902770,taker,2.10
FIL-602440,ACC-2034,MES,BUY,4,5627.00,2026-08-18T10:37:05Z,ORD-903480,maker,2.80
FIL-602441,ACC-2023,MES,BUY,3,5626.75,2026-08-18T10:37:28Z,ORD-902854,maker,2.10
FIL-602442,ACC-2015,MNQ,BUY,2,19791.25,2026-08-18T10:37:32Z,ORD-902201,maker,1.40
FIL-602443,ACC-2051,MCL,BUY,3,73.95,2026-08-18T10:37:42Z,ORD-904740,maker,2.10
FIL-602444,ACC-2038,MNQ,SELL,3,19790.50,2026-08-18T10:37:54Z,ORD-903805,maker,2.10
FIL-602445,ACC-2009,MNQ,SELL,1,19792.00,2026-08-18T10:37:59Z,ORD-901041,taker,0.70
FIL-602446,ACC-2016,MNQ,BUY,5,19791.75,2026-08-18T10:38:01Z,ORD-902417,taker,3.50
FIL-602447,ACC-2005,ES,BUY,6,5626.25,2026-08-18T10:38:18Z,ORD-900583,taker,12.60
FIL-602448,ACC-2007,MNQ,SELL,6,19791.25,2026-08-18T10:38:20Z,ORD-900863,taker,4.20
FIL-602449,ACC-2019,MES,SELL,3,5627.75,2026-08-18T10:39:06Z,ORD-902670,taker,2.10
FIL-602450,ACC-2048,MES,BUY,2,5627.50,2026-08-18T10:39:15Z,ORD-904489,maker,1.40
FIL-602451,ACC-2035,6E,BUY,2,1.1014,2026-08-18T10:39:23Z,ORD-903567,taker,4.96
FIL-602452,ACC-2025,ES,BUY,12,5626.25,2026-08-18T10:39:40Z,ORD-903005,taker,25.20
FIL-602453,ACC-2046,MNQ,SELL,1,19791.75,2026-08-18T10:39:52Z,ORD-904413,taker,0.70
FIL-602454,ACC-2050,MNQ,BUY,2,19791.75,2026-08-18T10:39:54Z,ORD-904647,taker,1.40
FIL-602455,ACC-2050,MNQ,BUY,2,19791.75,2026-08-18T10:39:58Z,ORD-904647,taker,1.40
FIL-602456,ACC-2041,MCL,BUY,3,73.97,2026-08-18T10:40:10Z,ORD-904036,taker,2.10
FIL-602457,ACC-2013,MNQ,SELL,4,19792.25,2026-08-18T10:40:21Z,ORD-901589,taker,2.80
FIL-602458,ACC-2037,6E,BUY,4,1.1014,2026-08-18T10:40:47Z,ORD-903737,maker,9.92
FIL-602459,ACC-2026,MCL,BUY,4,74.01,2026-08-18T10:40:48Z,ORD-903080,taker,2.80
FIL-602460,ACC-2031,6E,BUY,1,1.1013,2026-08-18T10:41:11Z,ORD-903268,maker,2.48
FIL-602461,ACC-2003,ES,SELL,9,5627.50,2026-08-18T10:41:29Z,ORD-900329,maker,18.90
FIL-602462,ACC-2040,GC,BUY,1,2481.50,2026-08-18T10:41:39Z,ORD-903956,taker,2.10
FIL-602463,ACC-2049,GC,BUY,1,2481.50,2026-08-18T10:41:45Z,ORD-904551,taker,2.10
FIL-602464,ACC-2012,MNQ,SELL,3,19792.00,2026-08-18T10:42:18Z,ORD-901261,taker,2.10
FIL-602465,ACC-2002,MNQ,SELL,10,19766.00,2026-08-18T10:42:19Z,ORD-900198,taker,7.00
FIL-602466,ACC-2020,MES,SELL,2,5626.00,2026-08-18T10:42:23Z,ORD-902674,taker,1.40
FIL-602467,ACC-2023,MES,SELL,3,5615.50,2026-08-18T10:42:28Z,ORD-902855,taker,2.10
FIL-602468,ACC-2008,MES,BUY,3,5627.75,2026-08-18T10:42:32Z,ORD-900969,taker,2.10
FIL-602469,ACC-2011,MES,SELL,2,5626.25,2026-08-18T10:42:34Z,ORD-901177,maker,1.40
FIL-602470,ACC-2045,MCL,BUY,2,73.96,2026-08-18T10:42:34Z,ORD-904311,maker,1.40
FIL-602471,ACC-2036,6E,SELL,2,1.10135,2026-08-18T10:42:44Z,ORD-903645,taker,4.96
FIL-602472,ACC-2018,MES,BUY,2,5628.25,2026-08-18T10:43:25Z,ORD-902667,taker,1.40
FIL-602473,ACC-2015,MNQ,SELL,2,19792.00,2026-08-18T10:43:32Z,ORD-902202,maker,1.40
FIL-602474,ACC-2017,MES,BUY,5,5627.00,2026-08-18T10:43:41Z,ORD-902579,taker,3.50
FIL-602475,ACC-2010,MNQ,BUY,1,19790.75,2026-08-18T10:43:56Z,ORD-901107,taker,0.70
FIL-602476,ACC-2005,ES,SELL,6,5625.50,2026-08-18T10:44:18Z,ORD-900584,taker,12.60
FIL-602477,ACC-2049,GC,SELL,1,2481.00,2026-08-18T10:44:45Z,ORD-904552,taker,2.10
FIL-602478,ACC-2009,MNQ,BUY,1,19785.75,2026-08-18T10:44:59Z,ORD-901042,taker,0.70
FIL-602479,ACC-2001,ES,SELL,9,5625.50,2026-08-18T10:45:07Z,ORD-900070,taker,18.90
FIL-602480,ACC-2041,MCL,SELL,3,73.80,2026-08-18T10:46:10Z,ORD-904037,taker,2.10
FIL-602481,ACC-2026,MCL,SELL,2,73.98,2026-08-18T10:47:48Z,ORD-903081,taker,1.40
FIL-602482,ACC-2026,MCL,SELL,2,73.98,2026-08-18T10:47:49Z,ORD-903081,maker,1.40
FIL-602483,ACC-2011,MES,BUY,2,5633.00,2026-08-18T10:48:34Z,ORD-901178,maker,1.40
FIL-602484,ACC-2012,MNQ,BUY,3,19783.00,2026-08-18T10:49:18Z,ORD-901262,taker,2.10
FIL-602485,ACC-2036,6E,BUY,2,1.10145,2026-08-18T10:49:44Z,ORD-903646,taker,4.96
FIL-602486,ACC-2042,MNQ,SELL,1,19706.00,2026-08-18T10:49:48Z,ORD-904097,taker,0.70
FIL-602487,ACC-2020,MES,BUY,2,5629.25,2026-08-18T10:50:23Z,ORD-902675,taker,1.40
FIL-602488,ACC-2003,ES,BUY,9,5627.00,2026-08-18T10:50:29Z,ORD-900330,maker,18.90
FIL-602489,ACC-2044,MNQ,BUY,2,19674.50,2026-08-18T10:50:34Z,ORD-904251,maker,1.40
FIL-602490,ACC-2037,6E,SELL,4,1.10185,2026-08-18T10:50:47Z,ORD-903738,taker,9.92
FIL-602491,ACC-2033,MCL,BUY,1,73.94,2026-08-18T10:51:03Z,ORD-903409,taker,0.70
FIL-602492,ACC-2004,MNQ,SELL,10,19814.25,2026-08-18T10:51:32Z,ORD-900458,taker,7.00
FIL-602493,ACC-2006,MNQ,SELL,9,19808.25,2026-08-18T10:52:15Z,ORD-900720,maker,6.30
FIL-602494,ACC-2016,MNQ,SELL,5,19791.75,2026-08-18T10:53:01Z,ORD-902418,taker,3.50
FIL-602495,ACC-2050,MNQ,SELL,4,19791.25,2026-08-18T10:53:54Z,ORD-904648,taker,2.80
FIL-602496,ACC-2031,6E,SELL,1,1.1025,2026-08-18T10:54:11Z,ORD-903269,taker,2.48
FIL-602497,ACC-2038,MNQ,BUY,3,19791.00,2026-08-18T10:54:54Z,ORD-903806,taker,2.10
FIL-602498,ACC-2051,MCL,SELL,3,73.63,2026-08-18T10:55:42Z,ORD-904741,maker,2.10
FIL-602499,ACC-2048,MES,SELL,2,5636.75,2026-08-18T10:56:15Z,ORD-904490,taker,1.40
FIL-602500,ACC-2043,MES,BUY,1,5637.00,2026-08-18T10:56:40Z,ORD-904175,taker,0.70
FIL-602501,ACC-2035,6E,SELL,2,1.10155,2026-08-18T10:57:23Z,ORD-903568,taker,4.96
FIL-602502,ACC-2007,MNQ,BUY,6,19773.25,2026-08-18T10:58:20Z,ORD-900864,taker,4.20
FIL-602503,ACC-2013,MNQ,BUY,2,19792.00,2026-08-18T10:58:21Z,ORD-901590,maker,1.40
FIL-602504,ACC-2013,MNQ,BUY,2,19792.00,2026-08-18T10:58:24Z,ORD-901590,maker,1.40
FIL-602505,ACC-2039,GC,BUY,1,2480.90,2026-08-18T10:58:33Z,ORD-903876,maker,2.10
FIL-602506,ACC-2022,MNQ,SELL,2,19777.00,2026-08-18T10:58:48Z,ORD-902775,taker,1.40
FIL-602507,ACC-2030,MES,BUY,1,5577.00,2026-08-18T10:58:50Z,ORD-903171,taker,0.70
FIL-602508,ACC-2034,MES,SELL,4,5634.50,2026-08-18T11:00:05Z,ORD-903481,taker,2.80
FIL-602509,ACC-2024,MNQ,SELL,4,19799.00,2026-08-18T11:00:07Z,ORD-902931,maker,2.80
FIL-602510,ACC-2013,MNQ,BUY,5,19792.00,2026-08-18T11:00:53Z,ORD-901591,maker,3.50
FIL-602511,ACC-2052,MCL,SELL,3,74.21,2026-08-18T11:00:55Z,ORD-904813,taker,2.10
FIL-602512,ACC-2032,MNQ,SELL,1,19769.50,2026-08-18T11:00:56Z,ORD-903353,taker,0.70
FIL-602513,ACC-2014,MNQ,SELL,5,19791.50,2026-08-18T11:01:30Z,ORD-901986,taker,3.50
FIL-602514,ACC-2021,MNQ,BUY,3,19819.00,2026-08-18T11:02:56Z,ORD-902771,taker,2.10
FIL-602515,ACC-2045,MCL,SELL,2,74.71,2026-08-18T11:03:34Z,ORD-904312,taker,1.40
FIL-602516,ACC-2017,MES,SELL,5,5624.00,2026-08-18T11:03:41Z,ORD-902580,taker,3.50
FIL-602517,ACC-2019,MES,BUY,3,5628.25,2026-08-18T11:04:06Z,ORD-902671,maker,2.10
FIL-602518,ACC-2046,MNQ,BUY,1,19778.25,2026-08-18T11:04:52Z,ORD-904414,maker,0.70
FIL-602519,ACC-2008,MES,SELL,3,5625.00,2026-08-18T11:06:32Z,ORD-900970,taker,2.10
FIL-602520,ACC-2013,MNQ,SELL,2,19792.25,2026-08-18T11:07:53Z,ORD-901592,taker,1.40
FIL-602521,ACC-2013,MNQ,SELL,3,19792.25,2026-08-18T11:07:54Z,ORD-901592,maker,2.10
FIL-602522,ACC-2040,GC,SELL,1,2481.90,2026-08-18T11:08:39Z,ORD-903957,maker,2.10
FIL-602523,ACC-2010,MNQ,SELL,1,19760.25,2026-08-18T11:11:56Z,ORD-901108,taker,0.70
FIL-602524,ACC-2013,MNQ,SELL,5,19791.00,2026-08-18T11:31:42Z,ORD-901593,maker,3.50
FIL-602525,ACC-2015,MNQ,BUY,2,19791.00,2026-08-18T11:45:30Z,ORD-902203,maker,1.40
FIL-602526,ACC-2015,MNQ,BUY,2,19791.00,2026-08-18T11:45:31Z,ORD-902203,taker,1.40
FIL-602527,ACC-2016,MNQ,SELL,3,19791.75,2026-08-18T11:46:31Z,ORD-902419,taker,2.10
FIL-602528,ACC-2014,MNQ,BUY,3,19791.50,2026-08-18T11:46:58Z,ORD-901987,taker,2.10
FIL-602529,ACC-2013,MNQ,BUY,4,19792.25,2026-08-18T11:47:08Z,ORD-901595,maker,2.80
FIL-602530,ACC-2013,MNQ,BUY,5,19790.50,2026-08-18T11:59:42Z,ORD-901594,taker,3.50
FIL-602531,ACC-2001,ES,SELL,6,5627.25,2026-08-18T12:06:37Z,ORD-900071,taker,12.60
FIL-602532,ACC-2006,MNQ,BUY,3,19791.50,2026-08-18T12:09:46Z,ORD-900721,taker,2.10
FIL-602533,ACC-2006,MNQ,BUY,3,19791.50,2026-08-18T12:09:49Z,ORD-900721,maker,2.10
FIL-602534,ACC-2016,MNQ,BUY,3,19792.00,2026-08-18T12:11:31Z,ORD-902420,taker,2.10
FIL-602535,ACC-2013,MNQ,BUY,4,19791.50,2026-08-18T12:12:50Z,ORD-901597,taker,2.80
FIL-602536,ACC-2014,MNQ,SELL,3,19789.50,2026-08-18T12:12:58Z,ORD-901988,taker,2.10
FIL-602537,ACC-2013,MNQ,SELL,2,19793.00,2026-08-18T12:13:08Z,ORD-901596,taker,1.40
FIL-602538,ACC-2013,MNQ,SELL,2,19793.00,2026-08-18T12:13:12Z,ORD-901596,taker,1.40
FIL-602539,ACC-2015,MNQ,SELL,4,19791.50,2026-08-18T12:13:30Z,ORD-902204,taker,2.80
FIL-602540,ACC-2006,MNQ,SELL,6,19813.25,2026-08-18T12:25:46Z,ORD-900722,maker,4.20
FIL-602541,ACC-2005,ES,BUY,10,5627.50,2026-08-18T12:27:11Z,ORD-900585,taker,21.00
FIL-602542,ACC-2001,ES,BUY,3,5628.50,2026-08-18T12:28:37Z,ORD-900072,maker,6.30
FIL-602543,ACC-2001,ES,BUY,3,5628.50,2026-08-18T12:28:41Z,ORD-900072,maker,6.30
FIL-602544,ACC-2007,MNQ,SELL,4,19791.00,2026-08-18T12:32:12Z,ORD-900865,taker,2.80
FIL-602545,ACC-2013,MNQ,SELL,4,19792.25,2026-08-18T12:37:50Z,ORD-901598,maker,2.80
FIL-602546,ACC-2013,MNQ,BUY,2,19790.50,2026-08-18T12:37:59Z,ORD-901599,maker,1.40
FIL-602547,ACC-2007,MNQ,BUY,4,19714.00,2026-08-18T12:39:12Z,ORD-900866,maker,2.80
FIL-602548,ACC-2005,ES,SELL,10,5627.00,2026-08-18T12:43:11Z,ORD-900586,taker,21.00
FIL-602549,ACC-2013,MNQ,SELL,2,19791.50,2026-08-18T12:44:59Z,ORD-901600,taker,1.40
FIL-602550,ACC-2031,6E,BUY,3,1.10135,2026-08-18T12:52:12Z,ORD-903270,taker,7.44
FIL-602551,ACC-2040,GC,BUY,3,2481.60,2026-08-18T12:52:26Z,ORD-903958,taker,6.30
FIL-602552,ACC-2017,MES,SELL,7,5627.50,2026-08-18T12:53:04Z,ORD-902581,taker,4.90
FIL-602553,ACC-2042,MNQ,BUY,1,19790.50,2026-08-18T12:53:04Z,ORD-904098,maker,0.70
FIL-602554,ACC-2014,MNQ,SELL,3,19791.25,2026-08-18T12:53:29Z,ORD-901989,maker,2.10
FIL-602555,ACC-2051,MCL,BUY,1,74.02,2026-08-18T12:53:58Z,ORD-904742,taker,0.70
FIL-602556,ACC-2034,MES,BUY,4,5626.75,2026-08-18T12:55:15Z,ORD-903482,taker,2.80
FIL-602557,ACC-2049,GC,SELL,2,2481.80,2026-08-18T12:55:23Z,ORD-904553,taker,4.20
FIL-602558,ACC-2030,MES,BUY,2,5626.75,2026-08-18T12:55:35Z,ORD-903172,taker,1.40
FIL-602559,ACC-2015,MNQ,SELL,4,19791.50,2026-08-18T12:56:03Z,ORD-902205,taker,2.80
FIL-602560,ACC-2003,ES,SELL,5,5627.00,2026-08-18T12:56:49Z,ORD-900331,taker,10.50
FIL-602561,ACC-2051,MCL,SELL,1,73.61,2026-08-18T12:57:58Z,ORD-904743,taker,0.70
FIL-602562,ACC-2013,MNQ,BUY,2,19791.00,2026-08-18T12:58:08Z,ORD-901601,taker,1.40
FIL-602563,ACC-2049,GC,BUY,2,2482.10,2026-08-18T12:58:23Z,ORD-904554,maker,4.20
FIL-602564,ACC-2046,MNQ,SELL,4,19791.50,2026-08-18T12:59:40Z,ORD-904415,taker,2.80
FIL-602565,ACC-2016,MNQ,SELL,3,19791.50,2026-08-18T13:01:32Z,ORD-902421,taker,2.10
FIL-602566,ACC-2040,GC,SELL,3,2481.70,2026-08-18T13:02:26Z,ORD-903959,taker,6.30
FIL-602567,ACC-2017,MES,BUY,7,5629.25,2026-08-18T13:03:04Z,ORD-902582,taker,4.90
FIL-602568,ACC-2042,MNQ,SELL,1,19713.25,2026-08-18T13:03:04Z,ORD-904099,maker,0.70
FIL-602569,ACC-2046,MNQ,BUY,4,19785.25,2026-08-18T13:06:40Z,ORD-904416,taker,2.80
FIL-602570,ACC-2031,6E,SELL,3,1.10165,2026-08-18T13:09:12Z,ORD-903271,maker,7.44
FIL-602571,ACC-2034,MES,SELL,4,5633.75,2026-08-18T13:09:15Z,ORD-903483,taker,2.80
FIL-602572,ACC-2013,MNQ,SELL,2,19792.00,2026-08-18T13:10:08Z,ORD-901602,taker,1.40
FIL-602573,ACC-2016,MNQ,BUY,3,19791.75,2026-08-18T13:11:32Z,ORD-902422,maker,2.10
FIL-602574,ACC-2003,ES,BUY,5,5626.25,2026-08-18T13:12:49Z,ORD-900332,maker,10.50
FIL-602575,ACC-2015,MNQ,BUY,4,19791.00,2026-08-18T13:15:03Z,ORD-902206,taker,2.80
FIL-602576,ACC-2030,MES,SELL,2,5642.25,2026-08-18T13:15:35Z,ORD-903173,taker,1.40
FIL-602577,ACC-2014,MNQ,BUY,3,19792.25,2026-08-18T13:16:29Z,ORD-901990,taker,2.10
FIL-602578,ACC-2013,MNQ,BUY,3,19791.00,2026-08-18T13:29:54Z,ORD-901603,taker,2.10
FIL-602579,ACC-2013,MNQ,SELL,3,19791.50,2026-08-18T13:37:54Z,ORD-901604,taker,2.10
FIL-602580,ACC-2035,6E,SELL,3,1.10115,2026-08-18T13:38:09Z,ORD-903569,maker,7.44
FIL-602581,ACC-2036,6E,BUY,1,1.1012,2026-08-18T13:40:59Z,ORD-903647,taker,2.48
FIL-602582,ACC-2045,MCL,BUY,4,74.01,2026-08-18T13:42:20Z,ORD-904313,taker,2.80
FIL-602583,ACC-2004,MNQ,BUY,10,19790.75,2026-08-18T13:42:25Z,ORD-900459,taker,7.00
FIL-602584,ACC-2001,ES,BUY,4,5627.75,2026-08-18T13:44:16Z,ORD-900073,taker,8.40
FIL-602585,ACC-2050,MNQ,BUY,2,19790.50,2026-08-18T13:45:59Z,ORD-904649,taker,1.40
FIL-602586,ACC-2011,MES,BUY,3,5626.25,2026-08-18T13:46:19Z,ORD-901179,taker,2.10
FIL-602587,ACC-2002,MNQ,SELL,7,19791.50,2026-08-18T13:47:19Z,ORD-900199,taker,4.90
FIL-602588,ACC-2006,MNQ,BUY,6,19792.25,2026-08-18T13:47:27Z,ORD-900723,taker,4.20
FIL-602589,ACC-2035,6E,BUY,3,1.10105,2026-08-18T13:49:09Z,ORD-903570,taker,7.44
FIL-602590,ACC-2004,MNQ,SELL,10,19810.75,2026-08-18T13:49:25Z,ORD-900460,maker,7.00
FIL-602591,ACC-2006,MNQ,SELL,6,19809.50,2026-08-18T13:50:27Z,ORD-900724,taker,4.20
FIL-602592,ACC-2002,MNQ,BUY,7,19832.25,2026-08-18T13:51:19Z,ORD-900200,maker,4.90
FIL-602593,ACC-2013,MNQ,SELL,2,19791.75,2026-08-18T13:55:50Z,ORD-901605,maker,1.40
FIL-602594,ACC-2050,MNQ,SELL,2,19790.00,2026-08-18T14:00:59Z,ORD-904650,maker,1.40
FIL-602595,ACC-2045,MCL,SELL,4,74.32,2026-08-18T14:03:20Z,ORD-904314,maker,2.80
FIL-602596,ACC-2016,MNQ,SELL,5,19791.50,2026-08-18T14:03:36Z,ORD-902423,taker,3.50
FIL-602597,ACC-2036,6E,SELL,1,1.101,2026-08-18T14:04:59Z,ORD-903648,taker,2.48
FIL-602598,ACC-2013,MNQ,BUY,2,19790.50,2026-08-18T14:05:50Z,ORD-901606,taker,1.40
FIL-602599,ACC-2001,ES,SELL,4,5625.50,2026-08-18T14:07:16Z,ORD-900074,taker,8.40
FIL-602600,ACC-2011,MES,SELL,3,5623.25,2026-08-18T14:07:19Z,ORD-901180,taker,2.10
FIL-602601,ACC-2014,MNQ,BUY,3,19791.25,2026-08-18T14:07:40Z,ORD-901991,maker,2.10
FIL-602602,ACC-2015,MNQ,BUY,3,19792.25,2026-08-18T14:09:22Z,ORD-902207,taker,2.10
FIL-602603,ACC-2013,MNQ,BUY,2,19791.75,2026-08-18T14:16:44Z,ORD-901607,taker,1.40
FIL-602604,ACC-2007,MNQ,SELL,8,19791.75,2026-08-18T14:19:40Z,ORD-900867,taker,5.60
FIL-602605,ACC-2007,MNQ,BUY,8,19776.25,2026-08-18T14:23:40Z,ORD-900868,taker,5.60
FIL-602606,ACC-2005,ES,BUY,8,5626.25,2026-08-18T14:23:50Z,ORD-900587,taker,16.80
FIL-602607,ACC-2015,MNQ,SELL,3,19792.50,2026-08-18T14:26:22Z,ORD-902208,maker,2.10
FIL-602608,ACC-2014,MNQ,SELL,3,19789.50,2026-08-18T14:26:40Z,ORD-901992,taker,2.10
FIL-602609,ACC-2005,ES,SELL,8,5625.75,2026-08-18T14:26:50Z,ORD-900588,taker,16.80
FIL-602610,ACC-2016,MNQ,BUY,5,19791.75,2026-08-18T14:31:36Z,ORD-902424,taker,3.50
FIL-602611,ACC-2013,MNQ,SELL,2,19793.50,2026-08-18T14:35:44Z,ORD-901608,taker,1.40
FIL-602612,ACC-2013,MNQ,BUY,2,19791.75,2026-08-18T14:39:00Z,ORD-901609,taker,1.40
FIL-602613,ACC-2013,MNQ,SELL,4,19792.00,2026-08-18T15:02:21Z,ORD-901611,maker,2.80
FIL-602614,ACC-2013,MNQ,SELL,2,19792.75,2026-08-18T15:04:00Z,ORD-901610,taker,1.40
FIL-602615,ACC-2013,MNQ,BUY,4,19791.25,2026-08-18T15:09:21Z,ORD-901612,maker,2.80
FIL-602616,ACC-2038,MNQ,BUY,1,19792.00,2026-08-18T15:10:19Z,ORD-903807,taker,0.70
FIL-602617,ACC-2046,MNQ,BUY,2,19791.25,2026-08-18T15:10:47Z,ORD-904417,taker,1.40
FIL-602618,ACC-2025,ES,SELL,6,5626.75,2026-08-18T15:10:54Z,ORD-903006,maker,12.60
FIL-602619,ACC-2024,MNQ,SELL,5,19792.25,2026-08-18T15:11:29Z,ORD-902932,maker,3.50
FIL-602620,ACC-2014,MNQ,BUY,3,19791.75,2026-08-18T15:11:30Z,ORD-901993,taker,2.10
FIL-602621,ACC-2040,GC,SELL,1,2481.70,2026-08-18T15:11:40Z,ORD-903960,taker,2.10
FIL-602622,ACC-2015,MNQ,SELL,2,19791.75,2026-08-18T15:11:52Z,ORD-902209,maker,1.40
FIL-602623,ACC-2030,MES,BUY,1,5626.00,2026-08-18T15:12:13Z,ORD-903174,taker,0.70
FIL-602624,ACC-2043,MES,BUY,2,5626.00,2026-08-18T15:12:23Z,ORD-904176,taker,1.40
FIL-602625,ACC-2016,MNQ,BUY,2,19791.75,2026-08-18T15:13:13Z,ORD-902425,taker,1.40
FIL-602626,ACC-2012,MNQ,SELL,1,19791.75,2026-08-18T15:13:56Z,ORD-901263,taker,0.70
FIL-602627,ACC-2006,MNQ,BUY,6,19791.75,2026-08-18T15:14:03Z,ORD-900725,taker,4.20
FIL-602628,ACC-2031,6E,BUY,4,1.1011,2026-08-18T15:15:39Z,ORD-903272,taker,9.92
FIL-602629,ACC-2023,MES,BUY,3,5626.50,2026-08-18T15:15:44Z,ORD-902856,taker,2.10
FIL-602630,ACC-2042,MNQ,SELL,2,19791.50,2026-08-18T15:15:54Z,ORD-904100,taker,1.40
FIL-602631,ACC-2034,MES,BUY,3,5627.00,2026-08-18T15:16:02Z,ORD-903484,taker,2.10
FIL-602632,ACC-2040,GC,BUY,1,2481.20,2026-08-18T15:16:40Z,ORD-903961,taker,2.10
FIL-602633,ACC-2051,MCL,SELL,4,73.95,2026-08-18T15:16:48Z,ORD-904744,taker,2.80
FIL-602634,ACC-2049,GC,SELL,1,2481.70,2026-08-18T15:17:12Z,ORD-904555,maker,2.10
FIL-602635,ACC-2014,MNQ,SELL,3,19790.75,2026-08-18T15:18:30Z,ORD-901994,maker,2.10
FIL-602636,ACC-2048,MES,SELL,2,5627.50,2026-08-18T15:18:37Z,ORD-904491,taker,1.40
FIL-602637,ACC-2008,MES,BUY,3,5627.25,2026-08-18T15:18:48Z,ORD-900971,maker,2.10
FIL-602638,ACC-2030,MES,SELL,1,5669.00,2026-08-18T15:19:13Z,ORD-903175,maker,0.70
FIL-602639,ACC-2003,ES,BUY,4,5627.75,2026-08-18T15:19:16Z,ORD-900333,taker,8.40
FIL-602640,ACC-2001,ES,SELL,5,5626.00,2026-08-18T15:19:35Z,ORD-900075,taker,10.50
FIL-602641,ACC-2017,MES,SELL,6,5627.50,2026-08-18T15:19:35Z,ORD-902583,maker,4.20
FIL-602642,ACC-2026,MCL,BUY,4,73.95,2026-08-18T15:19:48Z,ORD-903082,maker,2.80
FIL-602643,ACC-2023,MES,SELL,3,5617.50,2026-08-18T15:20:44Z,ORD-902857,taker,2.10
FIL-602644,ACC-2001,ES,BUY,5,5627.25,2026-08-18T15:21:35Z,ORD-900076,taker,10.50
FIL-602645,ACC-2043,MES,SELL,2,5620.50,2026-08-18T15:25:23Z,ORD-904177,taker,1.40
FIL-602646,ACC-2042,MNQ,BUY,2,19831.25,2026-08-18T15:25:54Z,ORD-904101,taker,1.40
FIL-602647,ACC-2024,MNQ,BUY,5,19788.25,2026-08-18T15:26:29Z,ORD-902933,taker,3.50
FIL-602648,ACC-2046,MNQ,SELL,2,19799.50,2026-08-18T15:27:47Z,ORD-904418,taker,1.40
FIL-602649,ACC-2006,MNQ,SELL,6,19819.75,2026-08-18T15:28:03Z,ORD-900726,taker,4.20
FIL-602650,ACC-2049,GC,BUY,1,2482.50,2026-08-18T15:29:12Z,ORD-904556,maker,2.10
FIL-602651,ACC-2013,MNQ,BUY,2,19791.25,2026-08-18T15:29:32Z,ORD-901613,taker,1.40
FIL-602652,ACC-2038,MNQ,SELL,1,19790.25,2026-08-18T15:30:19Z,ORD-903808,maker,0.70
FIL-602653,ACC-2016,MNQ,SELL,2,19791.25,2026-08-18T15:32:13Z,ORD-902426,taker,1.40
FIL-602654,ACC-2017,MES,BUY,6,5629.00,2026-08-18T15:32:35Z,ORD-902584,maker,4.20
FIL-602655,ACC-2003,ES,SELL,4,5628.75,2026-08-18T15:33:16Z,ORD-900334,maker,8.40
FIL-602656,ACC-2048,MES,BUY,2,5622.75,2026-08-18T15:33:37Z,ORD-904492,maker,1.40
FIL-602657,ACC-2012,MNQ,BUY,1,19766.25,2026-08-18T15:36:56Z,ORD-901264,taker,0.70
FIL-602658,ACC-2015,MNQ,BUY,2,19791.25,2026-08-18T15:37:52Z,ORD-902210,taker,1.40
FIL-602659,ACC-2034,MES,SELL,3,5635.50,2026-08-18T15:38:02Z,ORD-903485,taker,2.10
FIL-602660,ACC-2025,ES,BUY,3,5626.75,2026-08-18T15:38:54Z,ORD-903007,taker,6.30
FIL-602661,ACC-2025,ES,BUY,3,5626.75,2026-08-18T15:38:57Z,ORD-903007,taker,6.30
FIL-602662,ACC-2051,MCL,BUY,4,74.12,2026-08-18T15:42:48Z,ORD-904745,taker,2.80
FIL-602663,ACC-2031,6E,SELL,4,1.1013,2026-08-18T15:43:39Z,ORD-903273,maker,9.92
FIL-602664,ACC-2008,MES,SELL,3,5624.00,2026-08-18T15:43:48Z,ORD-900972,taker,2.10
FIL-602665,ACC-2013,MNQ,SELL,2,19792.75,2026-08-18T15:44:32Z,ORD-901614,taker,1.40
FIL-602666,ACC-2026,MCL,SELL,4,73.91,2026-08-18T15:47:48Z,ORD-903083,taker,2.80
FIL-602667,ACC-2013,MNQ,BUY,4,19792.25,2026-08-18T15:52:20Z,ORD-901615,maker,2.80
FIL-602668,ACC-2013,MNQ,SELL,4,19792.75,2026-08-18T15:58:20Z,ORD-901616,taker,2.80
FIL-602669,ACC-2005,ES,BUY,6,5625.75,2026-08-18T16:06:29Z,ORD-900589,taker,12.60
FIL-602670,ACC-2013,MNQ,SELL,2,19791.25,2026-08-18T16:10:28Z,ORD-901617,maker,1.40
FIL-602671,ACC-2007,MNQ,BUY,4,19792.00,2026-08-18T16:13:12Z,ORD-900869,taker,2.80
FIL-602672,ACC-2005,ES,SELL,6,5624.75,2026-08-18T16:13:29Z,ORD-900590,taker,12.60
FIL-602673,ACC-2016,MNQ,SELL,4,19791.00,2026-08-18T16:22:06Z,ORD-902427,maker,2.80
FIL-602674,ACC-2014,MNQ,BUY,5,19791.75,2026-08-18T16:22:12Z,ORD-901995,taker,3.50
FIL-602675,ACC-2007,MNQ,SELL,4,19868.25,2026-08-18T16:26:12Z,ORD-900870,taker,2.80
FIL-602676,ACC-2015,MNQ,BUY,2,19790.50,2026-08-18T16:26:12Z,ORD-902211,taker,1.40
FIL-602677,ACC-2015,MNQ,BUY,3,19790.50,2026-08-18T16:26:15Z,ORD-902211,taker,2.10
FIL-602678,ACC-2013,MNQ,BUY,2,19790.00,2026-08-18T16:29:28Z,ORD-901618,taker,1.40
FIL-602679,ACC-2013,MNQ,SELL,2,19790.50,2026-08-18T16:37:11Z,ORD-901619,maker,1.40
FIL-602680,ACC-2014,MNQ,SELL,5,19791.25,2026-08-18T16:37:12Z,ORD-901996,taker,3.50
FIL-602681,ACC-2016,MNQ,BUY,4,19791.25,2026-08-18T16:41:06Z,ORD-902428,maker,2.80
FIL-602682,ACC-2002,MNQ,BUY,4,19792.00,2026-08-18T16:42:01Z,ORD-900201,taker,2.80
FIL-602683,ACC-2045,MCL,BUY,4,73.97,2026-08-18T16:42:01Z,ORD-904315,taker,2.80
FIL-602684,ACC-2035,6E,SELL,4,1.1012,2026-08-18T16:42:49Z,ORD-903571,taker,9.92
FIL-602685,ACC-2004,MNQ,BUY,10,19790.50,2026-08-18T16:43:01Z,ORD-900461,maker,7.00
FIL-602686,ACC-2050,MNQ,SELL,1,19790.75,2026-08-18T16:43:32Z,ORD-904651,taker,0.70
FIL-602687,ACC-2006,MNQ,BUY,9,19791.25,2026-08-18T16:44:40Z,ORD-900727,maker,6.30
FIL-602688,ACC-2045,MCL,SELL,4,74.42,2026-08-18T16:46:01Z,ORD-904316,taker,2.80
FIL-602689,ACC-2004,MNQ,SELL,10,19809.50,2026-08-18T16:47:01Z,ORD-900462,taker,7.00
FIL-602690,ACC-2001,ES,SELL,7,5627.25,2026-08-18T16:48:28Z,ORD-900077,taker,14.70
FIL-602691,ACC-2011,MES,BUY,1,5626.75,2026-08-18T16:51:25Z,ORD-901181,taker,0.70
FIL-602692,ACC-2036,6E,BUY,1,1.10135,2026-08-18T16:51:25Z,ORD-903649,maker,2.48
FIL-602693,ACC-2015,MNQ,SELL,5,19790.75,2026-08-18T16:53:12Z,ORD-902212,maker,3.50
FIL-602694,ACC-2036,6E,SELL,1,1.1012,2026-08-18T16:54:25Z,ORD-903650,taker,2.48
FIL-602695,ACC-2050,MNQ,BUY,1,19792.50,2026-08-18T16:55:32Z,ORD-904652,taker,0.70
FIL-602696,ACC-2011,MES,SELL,1,5620.00,2026-08-18T16:59:25Z,ORD-901182,maker,0.70
FIL-602697,ACC-2002,MNQ,SELL,4,19725.75,2026-08-18T17:00:01Z,ORD-900202,taker,2.80
FIL-602698,ACC-2013,MNQ,BUY,4,19790.75,2026-08-18T17:03:49Z,ORD-901621,taker,2.80
FIL-602699,ACC-2013,MNQ,BUY,2,19789.50,2026-08-18T17:04:11Z,ORD-901620,maker,1.40
FIL-602700,ACC-2006,MNQ,SELL,9,19803.00,2026-08-18T17:04:40Z,ORD-900728,taker,6.30
FIL-602701,ACC-2035,6E,BUY,4,1.1011,2026-08-18T17:06:49Z,ORD-903572,maker,9.92
FIL-602702,ACC-2001,ES,BUY,7,5628.00,2026-08-18T17:12:28Z,ORD-900078,taker,14.70
FIL-602703,ACC-2013,MNQ,SELL,4,19791.25,2026-08-18T17:13:49Z,ORD-901622,taker,2.80
FIL-602704,ACC-2013,MNQ,BUY,2,19792.00,2026-08-18T17:23:45Z,ORD-901623,taker,1.40
FIL-602705,ACC-2016,MNQ,BUY,2,19790.75,2026-08-18T17:28:04Z,ORD-902429,taker,1.40
FIL-602706,ACC-2031,6E,BUY,3,1.1012,2026-08-18T17:28:25Z,ORD-903274,taker,7.44
FIL-602707,ACC-2003,ES,SELL,8,5627.75,2026-08-18T17:29:47Z,ORD-900335,taker,16.80
FIL-602708,ACC-2040,GC,BUY,4,2481.90,2026-08-18T17:31:10Z,ORD-903962,maker,8.40
FIL-602709,ACC-2030,MES,BUY,4,5626.50,2026-08-18T17:32:35Z,ORD-903176,taker,2.80
FIL-602710,ACC-2042,MNQ,SELL,1,19790.50,2026-08-18T17:33:08Z,ORD-904102,maker,0.70
FIL-602711,ACC-2049,GC,BUY,2,2481.50,2026-08-18T17:33:18Z,ORD-904557,taker,4.20
FIL-602712,ACC-2046,MNQ,BUY,1,19791.75,2026-08-18T17:33:41Z,ORD-904419,taker,0.70
FIL-602713,ACC-2003,ES,BUY,8,5627.50,2026-08-18T17:33:47Z,ORD-900336,taker,16.80
FIL-602714,ACC-2051,MCL,SELL,4,74.00,2026-08-18T17:33:51Z,ORD-904746,taker,2.80
FIL-602715,ACC-2015,MNQ,BUY,3,19790.50,2026-08-18T17:35:04Z,ORD-902213,maker,2.10
FIL-602716,ACC-2014,MNQ,SELL,4,19790.75,2026-08-18T17:35:34Z,ORD-901997,taker,2.80
FIL-602717,ACC-2034,MES,SELL,2,5627.00,2026-08-18T17:36:49Z,ORD-903486,maker,1.40
FIL-602718,ACC-2017,MES,BUY,5,5626.25,2026-08-18T17:37:23Z,ORD-902585,taker,3.50
FIL-602719,ACC-2016,MNQ,SELL,2,19790.25,2026-08-18T17:38:04Z,ORD-902430,taker,1.40
FIL-602720,ACC-2046,MNQ,SELL,1,19819.00,2026-08-18T17:38:41Z,ORD-904420,taker,0.70
FIL-602721,ACC-2013,MNQ,BUY,5,19790.75,2026-08-18T17:47:43Z,ORD-901625,taker,3.50
FIL-602722,ACC-2034,MES,BUY,2,5613.00,2026-08-18T17:47:49Z,ORD-903487,maker,1.40
FIL-602723,ACC-2015,MNQ,SELL,3,19791.00,2026-08-18T17:49:04Z,ORD-902214,taker,2.10
FIL-602724,ACC-2040,GC,SELL,4,2482.00,2026-08-18T17:49:10Z,ORD-903963,taker,8.40
FIL-602725,ACC-2013,MNQ,SELL,2,19793.50,2026-08-18T17:49:45Z,ORD-901624,taker,1.40
FIL-602726,ACC-2031,6E,SELL,3,1.10185,2026-08-18T17:50:25Z,ORD-903275,taker,7.44
FIL-602727,ACC-2014,MNQ,BUY,4,19792.25,2026-08-18T17:50:34Z,ORD-901998,maker,2.80
FIL-602728,ACC-2030,MES,SELL,4,5631.50,2026-08-18T17:50:35Z,ORD-903177,taker,2.80
FIL-602729,ACC-2042,MNQ,BUY,1,19836.25,2026-08-18T17:53:08Z,ORD-904103,taker,0.70
FIL-602730,ACC-2007,MNQ,SELL,6,19790.50,2026-08-18T17:55:42Z,ORD-900871,maker,4.20
FIL-602731,ACC-2005,ES,BUY,7,5627.75,2026-08-18T17:57:39Z,ORD-900591,taker,14.70
FIL-602732,ACC-2049,GC,SELL,2,2481.00,2026-08-18T17:58:18Z,ORD-904558,taker,4.20
FIL-602733,ACC-2013,MNQ,SELL,5,19791.00,2026-08-18T17:59:43Z,ORD-901626,maker,3.50
FIL-602734,ACC-2051,MCL,BUY,2,74.15,2026-08-18T18:00:51Z,ORD-904747,taker,1.40
FIL-602735,ACC-2051,MCL,BUY,2,74.15,2026-08-18T18:00:52Z,ORD-904747,taker,1.40
FIL-602736,ACC-2017,MES,SELL,5,5624.75,2026-08-18T18:04:23Z,ORD-902586,maker,3.50
FIL-602737,ACC-2007,MNQ,BUY,6,19750.25,2026-08-18T18:04:42Z,ORD-900872,maker,4.20
FIL-602738,ACC-2013,MNQ,BUY,2,19791.50,2026-08-18T18:11:33Z,ORD-901627,taker,1.40
FIL-602739,ACC-2013,MNQ,BUY,2,19791.50,2026-08-18T18:11:34Z,ORD-901627,maker,1.40
FIL-602740,ACC-2005,ES,SELL,7,5627.25,2026-08-18T18:15:39Z,ORD-900592,maker,14.70
FIL-602741,ACC-2001,ES,SELL,9,5626.25,2026-08-18T18:21:32Z,ORD-900079,taker,18.90
FIL-602742,ACC-2013,MNQ,SELL,4,19792.25,2026-08-18T18:21:33Z,ORD-901628,taker,2.80
FIL-602743,ACC-2006,MNQ,BUY,8,19792.00,2026-08-18T18:21:49Z,ORD-900729,taker,5.60
FIL-602744,ACC-2014,MNQ,SELL,2,19791.25,2026-08-18T18:37:30Z,ORD-901999,taker,1.40
FIL-602745,ACC-2014,MNQ,SELL,2,19791.25,2026-08-18T18:37:32Z,ORD-901999,maker,1.40
FIL-602746,ACC-2015,MNQ,SELL,3,19791.50,2026-08-18T18:38:16Z,ORD-902215,taker,2.10
FIL-602747,ACC-2013,MNQ,SELL,2,19791.75,2026-08-18T18:40:32Z,ORD-901629,taker,1.40
FIL-602748,ACC-2013,MNQ,SELL,3,19791.75,2026-08-18T18:40:33Z,ORD-901629,maker,2.10
FIL-602749,ACC-2016,MNQ,BUY,4,19792.25,2026-08-18T18:43:53Z,ORD-902431,taker,2.80
FIL-602750,ACC-2001,ES,BUY,9,5627.00,2026-08-18T18:48:32Z,ORD-900080,maker,18.90
FIL-602751,ACC-2006,MNQ,SELL,8,19808.00,2026-08-18T18:49:49Z,ORD-900730,taker,5.60
FIL-602752,ACC-2013,MNQ,BUY,5,19791.50,2026-08-18T18:51:32Z,ORD-901630,taker,3.50
FIL-602753,ACC-2014,MNQ,BUY,4,19792.25,2026-08-18T19:02:30Z,ORD-902000,taker,2.80
FIL-602754,ACC-2015,MNQ,BUY,3,19791.00,2026-08-18T19:05:16Z,ORD-902216,taker,2.10
FIL-602755,ACC-2013,MNQ,BUY,2,19791.75,2026-08-18T19:05:24Z,ORD-901631,taker,1.40
FIL-602756,ACC-2013,MNQ,BUY,3,19791.75,2026-08-18T19:05:27Z,ORD-901631,maker,2.10
FIL-602757,ACC-2016,MNQ,SELL,4,19792.25,2026-08-18T19:11:53Z,ORD-902432,maker,2.80
FIL-602758,ACC-2013,MNQ,SELL,5,19792.00,2026-08-18T19:15:24Z,ORD-901632,maker,3.50
FIL-602759,ACC-2013,MNQ,BUY,5,19791.75,2026-08-18T19:23:37Z,ORD-901633,taker,3.50
FIL-602760,ACC-2013,MNQ,SELL,5,19792.25,2026-08-18T19:37:37Z,ORD-901634,taker,3.50
FIL-602761,ACC-2045,MCL,BUY,2,73.95,2026-08-18T19:46:07Z,ORD-904317,taker,1.40
FIL-602762,ACC-2034,MES,BUY,4,5626.75,2026-08-18T19:46:09Z,ORD-903488,maker,2.80
FIL-602763,ACC-2048,MES,BUY,3,5627.00,2026-08-18T19:46:43Z,ORD-904493,maker,2.10
FIL-602764,ACC-2021,MNQ,BUY,3,19792.25,2026-08-18T19:47:26Z,ORD-902772,maker,2.10
FIL-602765,ACC-2035,6E,BUY,2,1.10145,2026-08-18T19:47:31Z,ORD-903573,taker,4.96
FIL-602766,ACC-2007,MNQ,SELL,9,19792.25,2026-08-18T19:47:59Z,ORD-900873,taker,6.30
FIL-602767,ACC-2037,6E,SELL,4,1.10105,2026-08-18T19:48:42Z,ORD-903739,taker,9.92
FIL-602768,ACC-2045,MCL,SELL,2,74.83,2026-08-18T19:49:07Z,ORD-904318,taker,1.40
FIL-602769,ACC-2006,MNQ,SELL,4,19790.75,2026-08-18T19:49:14Z,ORD-900731,taker,2.80
FIL-602770,ACC-2002,MNQ,BUY,4,19791.50,2026-08-18T19:49:16Z,ORD-900203,maker,2.80
FIL-602771,ACC-2006,MNQ,SELL,5,19790.75,2026-08-18T19:49:17Z,ORD-900731,taker,3.50
FIL-602772,ACC-2031,6E,SELL,1,1.10135,2026-08-18T19:49:19Z,ORD-903276,taker,2.48
FIL-602773,ACC-2020,MES,SELL,2,5627.75,2026-08-18T19:49:28Z,ORD-902676,taker,1.40
FIL-602774,ACC-2033,MCL,SELL,1,73.96,2026-08-18T19:49:36Z,ORD-903410,taker,0.70
FIL-602775,ACC-2030,MES,SELL,1,5626.50,2026-08-18T19:49:44Z,ORD-903178,taker,0.70
FIL-602776,ACC-2011,MES,BUY,2,5626.75,2026-08-18T19:49:58Z,ORD-901183,maker,1.40
FIL-602777,ACC-2041,MCL,BUY,2,74.01,2026-08-18T19:50:03Z,ORD-904038,maker,1.40
FIL-602778,ACC-2004,MNQ,BUY,4,19792.00,2026-08-18T19:50:45Z,ORD-900463,taker,2.80
FIL-602779,ACC-2004,MNQ,BUY,4,19792.00,2026-08-18T19:50:46Z,ORD-900463,taker,2.80
FIL-602780,ACC-2043,MES,SELL,2,5626.00,2026-08-18T19:50:53Z,ORD-904178,maker,1.40
FIL-602781,ACC-2019,MES,SELL,2,5626.75,2026-08-18T19:50:54Z,ORD-902672,maker,1.40
FIL-602782,ACC-2013,MNQ,SELL,5,19791.75,2026-08-18T19:51:00Z,ORD-901635,maker,3.50
FIL-602783,ACC-2042,MNQ,SELL,1,19791.25,2026-08-18T19:51:03Z,ORD-904104,taker,0.70
FIL-602784,ACC-2040,GC,SELL,4,2481.90,2026-08-18T19:51:15Z,ORD-903964,taker,8.40
FIL-602785,ACC-2017,MES,BUY,5,5626.75,2026-08-18T19:52:06Z,ORD-902587,maker,3.50
FIL-602786,ACC-2046,MNQ,SELL,3,19790.50,2026-08-18T19:52:10Z,ORD-904421,maker,2.10
FIL-602787,ACC-2025,ES,BUY,12,5627.00,2026-08-18T19:52:15Z,ORD-903008,maker,25.20
FIL-602788,ACC-2026,MCL,SELL,2,73.96,2026-08-18T19:52:19Z,ORD-903084,taker,1.40
FIL-602789,ACC-2036,6E,SELL,2,1.1011,2026-08-18T19:52:51Z,ORD-903651,taker,4.96
FIL-602790,ACC-2018,MES,SELL,2,5626.25,2026-08-18T19:52:52Z,ORD-902668,maker,1.40
FIL-602791,ACC-2036,6E,SELL,2,1.1011,2026-08-18T19:52:52Z,ORD-903651,maker,4.96
FIL-602792,ACC-2044,MNQ,BUY,4,19792.25,2026-08-18T19:53:00Z,ORD-904252,maker,2.80
FIL-602793,ACC-2038,MNQ,SELL,1,19791.00,2026-08-18T19:53:02Z,ORD-903809,taker,0.70
FIL-602794,ACC-2005,ES,SELL,8,5627.00,2026-08-18T19:53:15Z,ORD-900593,taker,16.80
FIL-602795,ACC-2009,MNQ,BUY,1,19790.50,2026-08-18T19:53:24Z,ORD-901043,taker,0.70
FIL-602796,ACC-2016,MNQ,BUY,2,19792.00,2026-08-18T19:53:27Z,ORD-902433,maker,1.40
FIL-602797,ACC-2048,MES,SELL,3,5631.00,2026-08-18T19:53:43Z,ORD-904494,taker,2.10
FIL-602798,ACC-2030,MES,BUY,1,5606.25,2026-08-18T19:53:44Z,ORD-903179,taker,0.70
FIL-602799,ACC-2010,MNQ,BUY,3,19792.25,2026-08-18T19:54:07Z,ORD-901109,taker,2.10
FIL-602800,ACC-2003,ES,BUY,8,5627.75,2026-08-18T19:54:10Z,ORD-900337,taker,16.80
FIL-602801,ACC-2050,MNQ,BUY,1,19792.25,2026-08-18T19:54:17Z,ORD-904653,maker,0.70
FIL-602802,ACC-2024,MNQ,SELL,5,19792.00,2026-08-18T19:54:25Z,ORD-902934,taker,3.50
FIL-602803,ACC-2051,MCL,SELL,2,73.98,2026-08-18T19:54:27Z,ORD-904748,maker,1.40
FIL-602804,ACC-2008,MES,BUY,1,5626.00,2026-08-18T19:54:28Z,ORD-900973,taker,0.70
FIL-602805,ACC-2015,MNQ,BUY,3,19790.50,2026-08-18T19:54:37Z,ORD-902217,maker,2.10
FIL-602806,ACC-2049,GC,BUY,1,2481.20,2026-08-18T19:54:46Z,ORD-904559,taker,2.10
FIL-602807,ACC-2023,MES,BUY,4,5627.75,2026-08-18T19:54:48Z,ORD-902858,taker,2.80
FIL-602808,ACC-2012,MNQ,BUY,3,19791.25,2026-08-18T19:54:51Z,ORD-901265,taker,2.10
FIL-602809,ACC-2039,GC,SELL,1,2481.30,2026-08-18T19:54:53Z,ORD-903877,taker,2.10
FIL-602810,ACC-2022,MNQ,SELL,2,19791.75,2026-08-18T19:54:58Z,ORD-902776,taker,1.40
FIL-602811,ACC-2041,MCL,SELL,2,73.60,2026-08-18T19:55:03Z,ORD-904039,taker,1.40
FIL-602812,ACC-2032,MNQ,SELL,2,19790.75,2026-08-18T19:55:29Z,ORD-903354,maker,1.40
FIL-602813,ACC-2001,ES,SELL,8,5626.75,2026-08-18T19:55:37Z,ORD-900081,maker,16.80
FIL-602814,ACC-2014,MNQ,SELL,2,19791.25,2026-08-18T19:55:43Z,ORD-902001,maker,1.40
FIL-602815,ACC-2052,MCL,SELL,3,73.99,2026-08-18T19:55:57Z,ORD-904814,maker,2.10
FIL-602816,ACC-2024,MNQ,BUY,5,19787.50,2026-08-18T19:56:25Z,ORD-902935,maker,3.50
FIL-602817,ACC-2035,6E,SELL,2,1.10165,2026-08-18T19:56:31Z,ORD-903574,taker,4.96
FIL-602818,ACC-2038,MNQ,BUY,1,19794.75,2026-08-18T19:57:02Z,ORD-903810,maker,0.70
FIL-602819,ACC-2040,GC,BUY,4,2481.80,2026-08-18T19:57:15Z,ORD-903965,maker,8.40
FIL-602820,ACC-2002,MNQ,SELL,4,19733.75,2026-08-18T19:57:16Z,ORD-900204,maker,2.80
FIL-602821,ACC-2050,MNQ,SELL,1,19791.00,2026-08-18T20:00:17Z,ORD-904654,maker,0.70
FIL-602822,ACC-2034,MES,SELL,4,5630.00,2026-08-18T20:01:09Z,ORD-903489,maker,2.80
FIL-602823,ACC-2016,MNQ,SELL,2,19791.25,2026-08-18T20:01:27Z,ORD-902434,taker,1.40
FIL-602824,ACC-2015,MNQ,SELL,3,19790.50,2026-08-18T20:01:37Z,ORD-902218,taker,2.10
FIL-602825,ACC-2010,MNQ,SELL,3,19783.75,2026-08-18T20:02:07Z,ORD-901110,maker,2.10
FIL-602826,ACC-2003,ES,SELL,4,5628.25,2026-08-18T20:02:10Z,ORD-900338,maker,8.40
FIL-602827,ACC-2003,ES,SELL,4,5628.25,2026-08-18T20:02:11Z,ORD-900338,taker,8.40
FIL-602828,ACC-2026,MCL,BUY,2,74.06,2026-08-18T20:02:19Z,ORD-903085,taker,1.40
FIL-602829,ACC-2023,MES,SELL,4,5624.25,2026-08-18T20:02:48Z,ORD-902859,maker,2.80
FIL-602830,ACC-2005,ES,BUY,8,5627.75,2026-08-18T20:03:15Z,ORD-900594,maker,16.80
FIL-602831,ACC-2044,MNQ,SELL,4,19868.00,2026-08-18T20:04:00Z,ORD-904253,taker,2.80
FIL-602832,ACC-2011,MES,SELL,2,5619.75,2026-08-18T20:04:58Z,ORD-901184,maker,1.40
FIL-602833,ACC-2037,6E,BUY,4,1.1006,2026-08-18T20:05:42Z,ORD-903740,maker,9.92
FIL-602834,ACC-2039,GC,BUY,1,2480.00,2026-08-18T20:05:53Z,ORD-903878,taker,2.10
FIL-602835,ACC-2043,MES,BUY,2,5635.25,2026-08-18T20:05:53Z,ORD-904179,taker,1.40
FIL-602836,ACC-2013,MNQ,BUY,5,19791.00,2026-08-18T20:06:00Z,ORD-901636,taker,3.50
FIL-602837,ACC-2025,ES,SELL,12,5627.00,2026-08-18T20:06:15Z,ORD-903009,taker,25.20
FIL-602838,ACC-2022,MNQ,BUY,2,19811.50,2026-08-18T20:06:58Z,ORD-902777,taker,1.40
FIL-602839,ACC-2031,6E,BUY,1,1.1001,2026-08-18T20:07:19Z,ORD-903277,taker,2.48
FIL-602840,ACC-2033,MCL,BUY,1,73.90,2026-08-18T20:07:36Z,ORD-903411,taker,0.70
FIL-602841,ACC-2007,MNQ,BUY,9,19763.00,2026-08-18T20:07:59Z,ORD-900874,maker,6.30
FIL-602842,ACC-2036,6E,BUY,2,1.1011,2026-08-18T20:09:51Z,ORD-903652,taker,4.96
FIL-602843,ACC-2036,6E,BUY,2,1.1011,2026-08-18T20:09:54Z,ORD-903652,taker,4.96
FIL-602844,ACC-2008,MES,SELL,1,5619.75,2026-08-18T20:10:28Z,ORD-900974,taker,0.70
FIL-602845,ACC-2019,MES,BUY,2,5627.00,2026-08-18T20:10:54Z,ORD-902673,taker,1.40
FIL-602846,ACC-2051,MCL,BUY,2,74.35,2026-08-18T20:11:27Z,ORD-904749,maker,1.40
FIL-602847,ACC-2020,MES,BUY,2,5631.50,2026-08-18T20:11:28Z,ORD-902677,taker,1.40
FIL-602848,ACC-2049,GC,SELL,1,2480.40,2026-08-18T20:11:46Z,ORD-904560,taker,2.10
FIL-602849,ACC-2012,MNQ,SELL,3,19801.00,2026-08-18T20:11:51Z,ORD-901266,taker,2.10
FIL-602850,ACC-2052,MCL,BUY,3,73.75,2026-08-18T20:13:57Z,ORD-904815,maker,2.10
FIL-602851,ACC-2006,MNQ,BUY,9,19782.25,2026-08-18T20:14:14Z,ORD-900732,maker,6.30
FIL-602852,ACC-2021,MNQ,SELL,3,19763.75,2026-08-18T20:14:26Z,ORD-902773,taker,2.10
FIL-602853,ACC-2018,MES,BUY,2,5626.75,2026-08-18T20:15:52Z,ORD-902669,taker,1.40
FIL-602854,ACC-2009,MNQ,SELL,1,19796.25,2026-08-18T20:17:24Z,ORD-901044,maker,0.70
FIL-602855,ACC-2004,MNQ,SELL,8,19818.75,2026-08-18T20:17:45Z,ORD-900464,maker,5.60
FIL-602856,ACC-2017,MES,SELL,5,5623.75,2026-08-18T20:18:06Z,ORD-902588,taker,3.50
FIL-602857,ACC-2042,MNQ,BUY,1,19893.00,2026-08-18T20:19:03Z,ORD-904105,taker,0.70
FIL-602858,ACC-2046,MNQ,BUY,3,19783.50,2026-08-18T20:19:10Z,ORD-904422,taker,2.10
FIL-602859,ACC-2032,MNQ,BUY,2,19820.50,2026-08-18T20:20:29Z,ORD-903355,maker,1.40
FIL-602860,ACC-2014,MNQ,BUY,2,19792.50,2026-08-18T20:21:43Z,ORD-902002,taker,1.40
FIL-602861,ACC-2001,ES,BUY,8,5627.25,2026-08-18T20:23:37Z,ORD-900082,taker,16.80
FIL-602862,ACC-2004,MNQ,SELL,7,19802.25,2026-08-19T10:34:30Z,ORD-900465,maker,4.90
FIL-602863,ACC-2046,MNQ,BUY,2,19802.75,2026-08-19T10:34:52Z,ORD-904423,maker,1.40
FIL-602864,ACC-2021,MNQ,BUY,3,19802.25,2026-08-19T10:34:53Z,ORD-902778,maker,2.10
FIL-602865,ACC-2025,ES,SELL,6,5629.50,2026-08-19T10:35:25Z,ORD-903010,taker,12.60
FIL-602866,ACC-2025,ES,SELL,6,5629.50,2026-08-19T10:35:29Z,ORD-903010,maker,12.60
FIL-602867,ACC-2031,GC,SELL,4,2483.00,2026-08-19T10:35:39Z,ORD-903278,maker,8.40
FIL-602868,ACC-2040,GC,SELL,4,2482.90,2026-08-19T10:35:41Z,ORD-903966,taker,8.40
FIL-602869,ACC-2005,MES,BUY,9,5630.50,2026-08-19T10:35:42Z,ORD-900595,taker,6.30
FIL-602870,ACC-2039,GC,BUY,2,2483.20,2026-08-19T10:35:42Z,ORD-903879,taker,4.20
FIL-602871,ACC-2044,GC,BUY,3,2482.70,2026-08-19T10:35:42Z,ORD-904254,taker,6.30
FIL-602872,ACC-2019,MES,BUY,2,5629.50,2026-08-19T10:36:12Z,ORD-902682,taker,1.40
FIL-602873,ACC-2030,6E,BUY,1,1.10185,2026-08-19T10:36:13Z,ORD-903180,taker,2.48
FIL-602874,ACC-2018,MES,SELL,2,5629.50,2026-08-19T10:36:36Z,ORD-902678,taker,1.40
FIL-602875,ACC-2024,MNQ,BUY,4,19802.50,2026-08-19T10:36:50Z,ORD-902936,taker,2.80
FIL-602876,ACC-2020,MES,BUY,3,5629.75,2026-08-19T10:36:52Z,ORD-902686,maker,2.10
FIL-602877,ACC-2017,MES,BUY,5,5630.50,2026-08-19T10:37:05Z,ORD-902589,taker,3.50
FIL-602878,ACC-2007,ES,SELL,8,5629.75,2026-08-19T10:37:18Z,ORD-900875,taker,16.80
FIL-602879,ACC-2050,MES,BUY,2,5630.50,2026-08-19T10:37:18Z,ORD-904655,taker,1.40
FIL-602880,ACC-2008,MES,BUY,1,5629.25,2026-08-19T10:37:30Z,ORD-900975,taker,0.70
FIL-602881,ACC-2022,MNQ,BUY,4,19801.50,2026-08-19T10:37:38Z,ORD-902782,taker,2.80
FIL-602882,ACC-2002,ES,SELL,9,5629.75,2026-08-19T10:38:30Z,ORD-900205,taker,18.90
FIL-602883,ACC-2003,ES,BUY,8,5629.00,2026-08-19T10:38:33Z,ORD-900339,taker,16.80
FIL-602884,ACC-2010,MNQ,SELL,3,19801.25,2026-08-19T10:38:50Z,ORD-901111,maker,2.10
FIL-602885,ACC-2051,MNQ,SELL,4,19803.00,2026-08-19T10:39:05Z,ORD-904750,taker,2.80
FIL-602886,ACC-2006,MES,SELL,7,5629.75,2026-08-19T10:39:07Z,ORD-900733,maker,4.90
FIL-602887,ACC-2007,ES,BUY,8,5629.25,2026-08-19T10:39:18Z,ORD-900876,taker,16.80
FIL-602888,ACC-2014,MNQ,SELL,4,19802.50,2026-08-19T10:39:30Z,ORD-902003,taker,2.80
FIL-602889,ACC-2036,6E,SELL,1,1.10185,2026-08-19T10:39:32Z,ORD-903653,taker,2.48
FIL-602890,ACC-2040,GC,BUY,4,2483.10,2026-08-19T10:39:41Z,ORD-903967,maker,8.40
FIL-602891,ACC-2044,GC,SELL,3,2481.50,2026-08-19T10:39:42Z,ORD-904255,taker,6.30
FIL-602892,ACC-2032,MCL,BUY,3,74.05,2026-08-19T10:39:45Z,ORD-903356,taker,2.10
FIL-602893,ACC-2048,6E,BUY,2,1.1018,2026-08-19T10:39:51Z,ORD-904495,taker,4.96
FIL-602894,ACC-2026,MCL,BUY,3,74.00,2026-08-19T10:39:56Z,ORD-903086,maker,2.10
FIL-602895,ACC-2015,MNQ,SELL,4,19802.25,2026-08-19T10:40:10Z,ORD-902219,taker,2.80
FIL-602896,ACC-2019,MES,SELL,2,5624.00,2026-08-19T10:40:12Z,ORD-902683,maker,1.40
FIL-602897,ACC-2035,6E,BUY,2,1.10165,2026-08-19T10:40:30Z,ORD-903575,taker,4.96
FIL-602898,ACC-2016,MNQ,BUY,3,19803.00,2026-08-19T10:40:33Z,ORD-902435,taker,2.10
FIL-602899,ACC-2018,MES,BUY,2,5628.00,2026-08-19T10:40:36Z,ORD-902679,maker,1.40
FIL-602900,ACC-2023,MES,BUY,3,5630.50,2026-08-19T10:41:16Z,ORD-902860,maker,2.10
FIL-602901,ACC-2034,GC,SELL,2,2483.00,2026-08-19T10:41:16Z,ORD-903490,taker,4.20
FIL-602902,ACC-2023,MES,BUY,3,5630.50,2026-08-19T10:41:19Z,ORD-902860,maker,2.10
FIL-602903,ACC-2049,6E,BUY,2,1.10195,2026-08-19T10:41:34Z,ORD-904561,maker,4.96
FIL-602904,ACC-2011,MNQ,SELL,2,19802.75,2026-08-19T10:41:41Z,ORD-901185,taker,1.40
FIL-602905,ACC-2038,MNQ,BUY,3,19801.50,2026-08-19T10:41:49Z,ORD-903811,taker,2.10
FIL-602906,ACC-2045,MCL,BUY,3,74.02,2026-08-19T10:41:54Z,ORD-904319,taker,2.10
FIL-602907,ACC-2037,MES,BUY,1,5630.25,2026-08-19T10:42:00Z,ORD-903741,maker,0.70
FIL-602908,ACC-2033,MNQ,BUY,3,19801.75,2026-08-19T10:42:06Z,ORD-903412,taker,2.10
FIL-602909,ACC-2012,MES,BUY,3,5629.00,2026-08-19T10:42:21Z,ORD-901267,maker,2.10
FIL-602910,ACC-2041,MCL,SELL,2,74.04,2026-08-19T10:42:29Z,ORD-904040,maker,1.40
FIL-602911,ACC-2009,MES,SELL,1,5629.25,2026-08-19T10:42:31Z,ORD-901045,taker,0.70
FIL-602912,ACC-2039,GC,SELL,2,2482.80,2026-08-19T10:42:42Z,ORD-903880,taker,4.20
FIL-602913,ACC-2042,MNQ,SELL,1,19801.75,2026-08-19T10:42:42Z,ORD-904106,maker,0.70
FIL-602914,ACC-2043,MES,BUY,3,5629.25,2026-08-19T10:42:46Z,ORD-904180,taker,2.10
FIL-602915,ACC-2013,MNQ,BUY,2,19803.25,2026-08-19T10:42:54Z,ORD-901637,maker,1.40
FIL-602916,ACC-2001,ES,BUY,8,5629.50,2026-08-19T10:43:16Z,ORD-900083,taker,16.80
FIL-602917,ACC-2035,6E,SELL,2,1.1023,2026-08-19T10:43:30Z,ORD-903576,taker,4.96
FIL-602918,ACC-2052,6E,BUY,1,1.10175,2026-08-19T10:43:48Z,ORD-904816,taker,2.48
FIL-602919,ACC-2009,MES,BUY,1,5638.00,2026-08-19T10:44:31Z,ORD-901046,maker,0.70
FIL-602920,ACC-2001,ES,SELL,8,5630.25,2026-08-19T10:46:16Z,ORD-900084,maker,16.80
FIL-602921,ACC-2002,ES,BUY,9,5629.50,2026-08-19T10:46:30Z,ORD-900206,taker,18.90
FIL-602922,ACC-2022,MNQ,SELL,4,19777.50,2026-08-19T10:47:38Z,ORD-902783,taker,2.80
FIL-602923,ACC-2030,6E,SELL,1,1.1028,2026-08-19T10:48:13Z,ORD-903181,maker,2.48
FIL-602924,ACC-2012,MES,SELL,3,5629.25,2026-08-19T10:48:21Z,ORD-901268,taker,2.10
FIL-602925,ACC-2025,ES,BUY,6,5629.25,2026-08-19T10:48:25Z,ORD-903011,maker,12.60
FIL-602926,ACC-2025,ES,BUY,6,5629.25,2026-08-19T10:48:27Z,ORD-903011,taker,12.60
FIL-602927,ACC-2016,MNQ,SELL,3,19802.25,2026-08-19T10:48:33Z,ORD-902436,taker,2.10
FIL-602928,ACC-2013,MNQ,SELL,2,19803.75,2026-08-19T10:48:54Z,ORD-901638,taker,1.40
FIL-602929,ACC-2026,MCL,SELL,3,73.59,2026-08-19T10:48:56Z,ORD-903087,maker,2.10
FIL-602930,ACC-2051,MNQ,BUY,4,19777.75,2026-08-19T10:50:05Z,ORD-904751,taker,2.80
FIL-602931,ACC-2049,6E,SELL,2,1.10185,2026-08-19T10:50:34Z,ORD-904562,maker,4.96
FIL-602932,ACC-2024,MNQ,SELL,4,19824.50,2026-08-19T10:50:50Z,ORD-902937,taker,2.80
FIL-602933,ACC-2017,MES,SELL,5,5635.25,2026-08-19T10:51:05Z,ORD-902590,maker,3.50
FIL-602934,ACC-2036,6E,BUY,1,1.1027,2026-08-19T10:52:32Z,ORD-903654,maker,2.48
FIL-602935,ACC-2011,MNQ,BUY,2,19800.00,2026-08-19T10:52:41Z,ORD-901186,taker,1.40
FIL-602936,ACC-2048,6E,SELL,2,1.10315,2026-08-19T10:52:51Z,ORD-904496,maker,4.96
FIL-602937,ACC-2003,ES,SELL,8,5629.50,2026-08-19T10:53:33Z,ORD-900340,taker,16.80
FIL-602938,ACC-2005,MES,SELL,9,5628.00,2026-08-19T10:54:42Z,ORD-900596,taker,6.30
FIL-602939,ACC-2041,MCL,BUY,2,73.67,2026-08-19T10:55:29Z,ORD-904041,taker,1.40
FIL-602940,ACC-2014,MNQ,BUY,4,19802.50,2026-08-19T10:55:30Z,ORD-902004,taker,2.80
FIL-602941,ACC-2031,GC,BUY,4,2483.50,2026-08-19T10:56:39Z,ORD-903279,taker,8.40
FIL-602942,ACC-2004,MNQ,BUY,7,19837.75,2026-08-19T10:57:30Z,ORD-900466,maker,4.90
FIL-602943,ACC-2021,MNQ,SELL,3,19793.75,2026-08-19T10:58:53Z,ORD-902779,taker,2.10
FIL-602944,ACC-2043,MES,SELL,3,5635.75,2026-08-19T10:59:46Z,ORD-904181,taker,2.10
FIL-602945,ACC-2020,MES,SELL,3,5627.75,2026-08-19T10:59:52Z,ORD-902687,taker,2.10
FIL-602946,ACC-2008,MES,SELL,1,5622.25,2026-08-19T11:00:30Z,ORD-900976,maker,0.70
FIL-602947,ACC-2015,MNQ,BUY,4,19802.00,2026-08-19T11:01:10Z,ORD-902220,taker,2.80
FIL-602948,ACC-2010,MNQ,BUY,3,19817.75,2026-08-19T11:01:50Z,ORD-901112,maker,2.10
FIL-602949,ACC-2046,MNQ,SELL,2,19844.00,2026-08-19T11:01:52Z,ORD-904424,taker,1.40
FIL-602950,ACC-2013,MNQ,SELL,5,19801.75,2026-08-19T11:02:56Z,ORD-901639,taker,3.50
FIL-602951,ACC-2050,MES,SELL,2,5626.50,2026-08-19T11:03:18Z,ORD-904656,taker,1.40
FIL-602952,ACC-2032,MCL,SELL,3,74.06,2026-08-19T11:04:45Z,ORD-903357,maker,2.10
FIL-602953,ACC-2045,MCL,SELL,3,74.47,2026-08-19T11:04:54Z,ORD-904320,taker,2.10
FIL-602954,ACC-2052,6E,SELL,1,1.10045,2026-08-19T11:05:48Z,ORD-904817,taker,2.48
FIL-602955,ACC-2038,MNQ,SELL,3,19813.75,2026-08-19T11:06:49Z,ORD-903812,taker,2.10
FIL-602956,ACC-2006,MES,BUY,7,5626.50,2026-08-19T11:07:07Z,ORD-900734,taker,4.90
FIL-602957,ACC-2023,MES,SELL,6,5634.00,2026-08-19T11:08:16Z,ORD-902861,taker,4.20
FIL-602958,ACC-2034,GC,BUY,2,2483.60,2026-08-19T11:08:16Z,ORD-903491,taker,4.20
FIL-602959,ACC-2037,MES,SELL,1,5605.50,2026-08-19T11:10:00Z,ORD-903742,taker,0.70
FIL-602960,ACC-2033,MNQ,SELL,3,19815.25,2026-08-19T11:10:06Z,ORD-903413,taker,2.10
FIL-602961,ACC-2042,MNQ,BUY,1,19796.00,2026-08-19T11:10:42Z,ORD-904107,taker,0.70
FIL-602962,ACC-2013,MNQ,BUY,5,19801.25,2026-08-19T11:14:56Z,ORD-901640,maker,3.50
FIL-602963,ACC-2013,MNQ,BUY,2,19803.00,2026-08-19T11:23:37Z,ORD-901641,taker,1.40
FIL-602964,ACC-2013,MNQ,SELL,2,19804.25,2026-08-19T11:27:37Z,ORD-901642,taker,1.40
FIL-602965,ACC-2014,MNQ,BUY,5,19802.75,2026-08-19T11:49:09Z,ORD-902005,maker,3.50
FIL-602966,ACC-2015,MNQ,BUY,5,19802.00,2026-08-19T11:50:21Z,ORD-902221,taker,3.50
FIL-602967,ACC-2016,MNQ,BUY,4,19802.00,2026-08-19T11:51:09Z,ORD-902437,maker,2.80
FIL-602968,ACC-2013,MNQ,BUY,5,19801.75,2026-08-19T11:55:40Z,ORD-901643,taker,3.50
FIL-602969,ACC-2014,MNQ,SELL,5,19802.75,2026-08-19T11:56:09Z,ORD-902006,taker,3.50
FIL-602970,ACC-2016,MNQ,SELL,4,19801.50,2026-08-19T12:11:09Z,ORD-902438,maker,2.80
FIL-602971,ACC-2015,MNQ,SELL,5,19802.25,2026-08-19T12:12:21Z,ORD-902222,taker,3.50
FIL-602972,ACC-2013,MNQ,BUY,3,19801.50,2026-08-19T12:18:34Z,ORD-901645,maker,2.10
FIL-602973,ACC-2013,MNQ,SELL,5,19802.25,2026-08-19T12:22:40Z,ORD-901644,taker,3.50
FIL-602974,ACC-2002,ES,SELL,3,5629.25,2026-08-19T12:25:02Z,ORD-900207,taker,6.30
FIL-602975,ACC-2002,ES,SELL,3,5629.25,2026-08-19T12:25:05Z,ORD-900207,taker,6.30
FIL-602976,ACC-2005,MES,BUY,9,5630.50,2026-08-19T12:29:11Z,ORD-900597,taker,6.30
FIL-602977,ACC-2001,ES,BUY,7,5630.50,2026-08-19T12:31:04Z,ORD-900085,taker,14.70
FIL-602978,ACC-2006,MES,SELL,5,5629.00,2026-08-19T12:32:57Z,ORD-900735,maker,3.50
FIL-602979,ACC-2006,MES,BUY,2,5625.75,2026-08-19T12:34:57Z,ORD-900736,taker,1.40
FIL-602980,ACC-2006,MES,BUY,3,5625.75,2026-08-19T12:35:01Z,ORD-900736,taker,2.10
FIL-602981,ACC-2002,ES,BUY,6,5628.75,2026-08-19T12:36:02Z,ORD-900208,taker,12.60
FIL-602982,ACC-2001,ES,SELL,3,5632.25,2026-08-19T12:39:04Z,ORD-900086,taker,6.30
FIL-602983,ACC-2001,ES,SELL,4,5632.25,2026-08-19T12:39:05Z,ORD-900086,maker,8.40
FIL-602984,ACC-2013,MNQ,BUY,5,19801.75,2026-08-19T12:41:22Z,ORD-901647,taker,3.50
FIL-602985,ACC-2013,MNQ,SELL,3,19802.00,2026-08-19T12:43:34Z,ORD-901646,taker,2.10
FIL-602986,ACC-2005,MES,SELL,9,5627.75,2026-08-19T12:49:11Z,ORD-900598,taker,6.30
FIL-602987,ACC-2015,MNQ,BUY,3,19802.50,2026-08-19T12:53:39Z,ORD-902223,taker,2.10
FIL-602988,ACC-2033,MNQ,BUY,1,19802.50,2026-08-19T12:54:09Z,ORD-903414,maker,0.70
FIL-602989,ACC-2014,MNQ,SELL,5,19802.00,2026-08-19T12:55:00Z,ORD-902007,maker,3.50
FIL-602990,ACC-2045,MCL,SELL,3,74.05,2026-08-19T12:55:05Z,ORD-904321,taker,2.10
FIL-602991,ACC-2004,MNQ,BUY,4,19801.50,2026-08-19T12:55:17Z,ORD-900467,maker,2.80
FIL-602992,ACC-2004,MNQ,BUY,4,19801.50,2026-08-19T12:55:18Z,ORD-900467,taker,2.80
FIL-602993,ACC-2033,MNQ,SELL,1,19857.75,2026-08-19T12:56:09Z,ORD-903415,maker,0.70
FIL-602994,ACC-2050,MES,SELL,4,5630.75,2026-08-19T12:56:30Z,ORD-904657,taker,2.80
FIL-602995,ACC-2030,6E,BUY,3,1.10195,2026-08-19T12:58:30Z,ORD-903182,taker,7.44
FIL-602996,ACC-2013,MNQ,SELL,5,19802.00,2026-08-19T12:59:22Z,ORD-901648,maker,3.50
FIL-602997,ACC-2045,MCL,BUY,3,73.14,2026-08-19T13:00:05Z,ORD-904322,taker,2.10
FIL-602998,ACC-2016,MNQ,SELL,4,19802.00,2026-08-19T13:00:29Z,ORD-902439,taker,2.80
FIL-602999,ACC-2015,MNQ,SELL,3,19802.75,2026-08-19T13:00:39Z,ORD-902224,maker,2.10
FIL-603000,ACC-2013,MNQ,SELL,5,19803.25,2026-08-19T13:00:48Z,ORD-901649,taker,3.50
FIL-603001,ACC-2049,6E,BUY,2,1.10175,2026-08-19T13:01:26Z,ORD-904563,taker,4.96
FIL-603002,ACC-2004,MNQ,SELL,8,19754.50,2026-08-19T13:02:17Z,ORD-900468,taker,5.60
FIL-603003,ACC-2013,MNQ,BUY,5,19802.75,2026-08-19T13:05:48Z,ORD-901650,taker,3.50
FIL-603004,ACC-2014,MNQ,BUY,5,19802.00,2026-08-19T13:07:00Z,ORD-902008,maker,3.50
FIL-603005,ACC-2049,6E,SELL,2,1.10165,2026-08-19T13:14:26Z,ORD-904564,taker,4.96
FIL-603006,ACC-2050,MES,BUY,2,5632.50,2026-08-19T13:15:30Z,ORD-904658,taker,1.40
FIL-603007,ACC-2050,MES,BUY,2,5632.50,2026-08-19T13:15:33Z,ORD-904658,maker,1.40
FIL-603008,ACC-2030,6E,SELL,3,1.1021,2026-08-19T13:20:30Z,ORD-903183,maker,7.44
FIL-603009,ACC-2016,MNQ,BUY,4,19802.50,2026-08-19T13:22:29Z,ORD-902440,maker,2.80
FIL-603010,ACC-2013,MNQ,BUY,2,19802.75,2026-08-19T13:28:27Z,ORD-901651,taker,1.40
FIL-603011,ACC-2013,MNQ,BUY,2,19802.75,2026-08-19T13:28:29Z,ORD-901651,maker,1.40
FIL-603012,ACC-2003,ES,BUY,4,5630.50,2026-08-19T13:41:06Z,ORD-900341,maker,8.40
FIL-603013,ACC-2017,MES,SELL,7,5629.50,2026-08-19T13:41:50Z,ORD-902591,maker,4.90
FIL-603014,ACC-2037,MES,BUY,3,5629.50,2026-08-19T13:43:18Z,ORD-903743,taker,2.10
FIL-603015,ACC-2007,ES,SELL,5,5629.00,2026-08-19T13:43:21Z,ORD-900877,taker,10.50
FIL-603016,ACC-2012,MES,SELL,1,5630.00,2026-08-19T13:43:24Z,ORD-901269,maker,0.70
FIL-603017,ACC-2039,GC,BUY,2,2482.70,2026-08-19T13:45:17Z,ORD-903881,maker,4.20
FIL-603018,ACC-2008,MES,BUY,1,5630.00,2026-08-19T13:45:35Z,ORD-900977,maker,0.70
FIL-603019,ACC-2036,6E,SELL,2,1.1019,2026-08-19T13:46:31Z,ORD-903655,taker,4.96
FIL-603020,ACC-2003,ES,SELL,4,5631.50,2026-08-19T13:50:06Z,ORD-900342,maker,8.40
FIL-603021,ACC-2036,6E,BUY,2,1.1024,2026-08-19T13:52:31Z,ORD-903656,taker,4.96
FIL-603022,ACC-2013,MNQ,BUY,3,19801.75,2026-08-19T13:53:44Z,ORD-901653,maker,2.10
FIL-603023,ACC-2013,MNQ,SELL,4,19803.25,2026-08-19T13:54:27Z,ORD-901652,taker,2.80
FIL-603024,ACC-2007,ES,BUY,5,5628.00,2026-08-19T13:57:21Z,ORD-900878,taker,10.50
FIL-603025,ACC-2008,MES,SELL,1,5617.25,2026-08-19T13:57:35Z,ORD-900978,taker,0.70
FIL-603026,ACC-2013,MNQ,SELL,3,19802.25,2026-08-19T13:58:44Z,ORD-901654,taker,2.10
FIL-603027,ACC-2012,MES,BUY,1,5628.50,2026-08-19T14:00:24Z,ORD-901270,maker,0.70
FIL-603028,ACC-2014,MNQ,SELL,2,19802.50,2026-08-19T14:02:19Z,ORD-902009,maker,1.40
FIL-603029,ACC-2017,MES,BUY,7,5627.00,2026-08-19T14:03:50Z,ORD-902592,taker,4.90
FIL-603030,ACC-2039,GC,SELL,2,2482.10,2026-08-19T14:06:17Z,ORD-903882,taker,4.20
FIL-603031,ACC-2015,MNQ,SELL,5,19801.75,2026-08-19T14:07:22Z,ORD-902225,maker,3.50
FIL-603032,ACC-2037,MES,SELL,3,5620.75,2026-08-19T14:10:18Z,ORD-903744,taker,2.10
FIL-603033,ACC-2016,MNQ,SELL,4,19803.00,2026-08-19T14:10:49Z,ORD-902441,taker,2.80
FIL-603034,ACC-2013,MNQ,BUY,4,19802.25,2026-08-19T14:12:21Z,ORD-901655,taker,2.80
FIL-603035,ACC-2013,MNQ,SELL,4,19802.75,2026-08-19T14:14:21Z,ORD-901656,maker,2.80
FIL-603036,ACC-2002,ES,BUY,6,5630.00,2026-08-19T14:16:05Z,ORD-900209,maker,12.60
FIL-603037,ACC-2014,MNQ,BUY,2,19802.75,2026-08-19T14:17:19Z,ORD-902010,maker,1.40
FIL-603038,ACC-2001,ES,SELL,8,5630.25,2026-08-19T14:21:52Z,ORD-900087,taker,16.80
FIL-603039,ACC-2006,MES,BUY,6,5630.25,2026-08-19T14:22:00Z,ORD-900737,taker,4.20
FIL-603040,ACC-2005,MES,BUY,10,5629.50,2026-08-19T14:24:15Z,ORD-900599,taker,7.00
FIL-603041,ACC-2015,MNQ,BUY,5,19801.50,2026-08-19T14:25:22Z,ORD-902226,taker,3.50
FIL-603042,ACC-2001,ES,BUY,8,5629.75,2026-08-19T14:26:52Z,ORD-900088,taker,16.80
FIL-603043,ACC-2002,ES,SELL,6,5630.25,2026-08-19T14:32:05Z,ORD-900210,taker,12.60
FIL-603044,ACC-2016,MNQ,BUY,4,19803.25,2026-08-19T14:34:49Z,ORD-902442,taker,2.80
FIL-603045,ACC-2013,MNQ,SELL,5,19802.25,2026-08-19T14:38:38Z,ORD-901657,maker,3.50
FIL-603046,ACC-2013,MNQ,BUY,5,19802.00,2026-08-19T14:40:38Z,ORD-901658,taker,3.50
FIL-603047,ACC-2005,MES,SELL,10,5627.50,2026-08-19T14:43:15Z,ORD-900600,taker,7.00
FIL-603048,ACC-2006,MES,SELL,6,5632.75,2026-08-19T14:48:00Z,ORD-900738,taker,4.20
FIL-603049,ACC-2013,MNQ,SELL,3,19802.00,2026-08-19T15:06:33Z,ORD-901659,maker,2.10
FIL-603050,ACC-2024,MNQ,SELL,5,19802.75,2026-08-19T15:10:01Z,ORD-902938,maker,3.50
FIL-603051,ACC-2032,MCL,BUY,3,73.98,2026-08-19T15:10:09Z,ORD-903358,taker,2.10
FIL-603052,ACC-2014,MNQ,SELL,3,19802.75,2026-08-19T15:10:24Z,ORD-902011,taker,2.10
FIL-603053,ACC-2025,ES,BUY,7,5630.50,2026-08-19T15:10:36Z,ORD-903012,taker,14.70
FIL-603054,ACC-2033,MNQ,BUY,3,19803.00,2026-08-19T15:11:16Z,ORD-903416,maker,2.10
FIL-603055,ACC-2016,MNQ,SELL,2,19802.25,2026-08-19T15:13:00Z,ORD-902443,taker,1.40
FIL-603056,ACC-2016,MNQ,SELL,3,19802.25,2026-08-19T15:13:03Z,ORD-902443,taker,2.10
FIL-603057,ACC-2026,MCL,BUY,4,74.01,2026-08-19T15:14:55Z,ORD-903088,taker,2.80
FIL-603058,ACC-2024,MNQ,BUY,5,19795.50,2026-08-19T15:15:01Z,ORD-902939,taker,3.50
FIL-603059,ACC-2004,MNQ,SELL,9,19801.50,2026-08-19T15:15:11Z,ORD-900469,taker,6.30
FIL-603060,ACC-2031,GC,BUY,3,2482.80,2026-08-19T15:15:40Z,ORD-903280,taker,6.30
FIL-603061,ACC-2045,MCL,BUY,2,74.00,2026-08-19T15:15:52Z,ORD-904323,taker,1.40
FIL-603062,ACC-2045,MCL,BUY,2,74.00,2026-08-19T15:15:55Z,ORD-904323,taker,1.40
FIL-603063,ACC-2009,MES,BUY,3,5629.50,2026-08-19T15:16:16Z,ORD-901047,taker,2.10
FIL-603064,ACC-2023,MES,SELL,3,5629.75,2026-08-19T15:16:19Z,ORD-902862,taker,2.10
FIL-603065,ACC-2034,GC,BUY,1,2482.60,2026-08-19T15:16:53Z,ORD-903492,maker,2.10
FIL-603066,ACC-2048,6E,BUY,4,1.1017,2026-08-19T15:17:04Z,ORD-904497,taker,9.92
FIL-603067,ACC-2038,MNQ,BUY,1,19802.00,2026-08-19T15:17:29Z,ORD-903813,maker,0.70
FIL-603068,ACC-2013,MNQ,BUY,3,19801.75,2026-08-19T15:17:33Z,ORD-901660,maker,2.10
FIL-603069,ACC-2030,6E,BUY,2,1.10205,2026-08-19T15:17:40Z,ORD-903184,taker,4.96
FIL-603070,ACC-2046,MNQ,SELL,4,19803.00,2026-08-19T15:18:10Z,ORD-904425,maker,2.80
FIL-603071,ACC-2050,MES,BUY,4,5629.75,2026-08-19T15:18:21Z,ORD-904659,maker,2.80
FIL-603072,ACC-2015,MNQ,BUY,2,19802.50,2026-08-19T15:18:41Z,ORD-902227,taker,1.40
FIL-603073,ACC-2049,6E,BUY,4,1.1017,2026-08-19T15:19:11Z,ORD-904565,taker,9.92
FIL-603074,ACC-2040,GC,BUY,1,2483.00,2026-08-19T15:19:26Z,ORD-903968,taker,2.10
FIL-603075,ACC-2032,MCL,SELL,3,74.00,2026-08-19T15:21:09Z,ORD-903359,taker,2.10
FIL-603076,ACC-2009,MES,SELL,3,5623.25,2026-08-19T15:21:16Z,ORD-901048,maker,2.10
FIL-603077,ACC-2015,MNQ,SELL,2,19803.00,2026-08-19T15:21:41Z,ORD-902228,maker,1.40
FIL-603078,ACC-2025,ES,SELL,7,5630.75,2026-08-19T15:22:36Z,ORD-903013,maker,14.70
FIL-603079,ACC-2034,GC,SELL,1,2481.90,2026-08-19T15:22:53Z,ORD-903493,taker,2.10
FIL-603080,ACC-2049,6E,SELL,4,1.10165,2026-08-19T15:23:11Z,ORD-904566,taker,9.92
FIL-603081,ACC-2023,MES,BUY,3,5623.50,2026-08-19T15:24:19Z,ORD-902863,taker,2.10
FIL-603082,ACC-2030,6E,SELL,2,1.10265,2026-08-19T15:24:40Z,ORD-903185,taker,4.96
FIL-603083,ACC-2016,MNQ,BUY,5,19802.50,2026-08-19T15:26:00Z,ORD-902444,maker,3.50
FIL-603084,ACC-2033,MNQ,SELL,3,19820.00,2026-08-19T15:26:16Z,ORD-903417,maker,2.10
FIL-603085,ACC-2050,MES,SELL,4,5628.25,2026-08-19T15:26:21Z,ORD-904660,taker,2.80
FIL-603086,ACC-2048,6E,SELL,4,1.1022,2026-08-19T15:27:04Z,ORD-904498,taker,9.92
FIL-603087,ACC-2013,MNQ,BUY,4,19803.25,2026-08-19T15:27:43Z,ORD-901661,taker,2.80
FIL-603088,ACC-2014,MNQ,BUY,3,19803.00,2026-08-19T15:29:24Z,ORD-902012,taker,2.10
FIL-603089,ACC-2045,MCL,SELL,4,74.68,2026-08-19T15:29:52Z,ORD-904324,maker,2.80
FIL-603090,ACC-2046,MNQ,BUY,4,19775.50,2026-08-19T15:30:10Z,ORD-904426,maker,2.80
FIL-603091,ACC-2026,MCL,SELL,4,73.71,2026-08-19T15:30:55Z,ORD-903089,taker,2.80
FIL-603092,ACC-2004,MNQ,BUY,9,19832.25,2026-08-19T15:34:11Z,ORD-900470,maker,6.30
FIL-603093,ACC-2040,GC,SELL,1,2482.60,2026-08-19T15:34:26Z,ORD-903969,taker,2.10
FIL-603094,ACC-2038,MNQ,SELL,1,19822.00,2026-08-19T15:36:29Z,ORD-903814,taker,0.70
FIL-603095,ACC-2031,GC,SELL,3,2482.40,2026-08-19T15:41:40Z,ORD-903281,taker,6.30
FIL-603096,ACC-2013,MNQ,BUY,3,19803.00,2026-08-19T15:46:44Z,ORD-901663,maker,2.10
FIL-603097,ACC-2013,MNQ,SELL,4,19803.50,2026-08-19T15:48:43Z,ORD-901662,taker,2.80
FIL-603098,ACC-2013,MNQ,SELL,3,19803.75,2026-08-19T15:50:44Z,ORD-901664,taker,2.10
FIL-603099,ACC-2005,MES,SELL,9,5629.75,2026-08-19T16:06:15Z,ORD-900601,taker,6.30
FIL-603100,ACC-2006,MES,BUY,5,5629.75,2026-08-19T16:13:37Z,ORD-900739,taker,3.50
FIL-603101,ACC-2002,ES,BUY,8,5629.75,2026-08-19T16:14:46Z,ORD-900211,maker,16.80
FIL-603102,ACC-2001,ES,BUY,6,5630.25,2026-08-19T16:14:49Z,ORD-900089,maker,12.60
FIL-603103,ACC-2005,MES,BUY,9,5632.75,2026-08-19T16:16:15Z,ORD-900602,taker,6.30
FIL-603104,ACC-2013,MNQ,BUY,2,19801.25,2026-08-19T16:17:01Z,ORD-901665,taker,1.40
FIL-603105,ACC-2001,ES,SELL,6,5632.00,2026-08-19T16:21:49Z,ORD-900090,taker,12.60
FIL-603106,ACC-2006,MES,SELL,2,5635.50,2026-08-19T16:22:37Z,ORD-900740,taker,1.40
FIL-603107,ACC-2006,MES,SELL,3,5635.50,2026-08-19T16:22:40Z,ORD-900740,taker,2.10
FIL-603108,ACC-2015,MNQ,BUY,3,19801.50,2026-08-19T16:24:55Z,ORD-902229,taker,2.10
FIL-603109,ACC-2016,MNQ,SELL,3,19801.50,2026-08-19T16:27:25Z,ORD-902445,maker,2.10
FIL-603110,ACC-2014,MNQ,BUY,5,19803.00,2026-08-19T16:27:42Z,ORD-902013,maker,3.50
FIL-603111,ACC-2002,ES,SELL,8,5630.00,2026-08-19T16:37:46Z,ORD-900212,taker,16.80
FIL-603112,ACC-2013,MNQ,SELL,2,19802.00,2026-08-19T16:38:01Z,ORD-901666,taker,1.40
FIL-603113,ACC-2008,MES,BUY,1,5629.25,2026-08-19T16:42:08Z,ORD-900979,maker,0.70
FIL-603114,ACC-2036,6E,BUY,2,1.10165,2026-08-19T16:43:23Z,ORD-903657,taker,4.96
FIL-603115,ACC-2013,MNQ,SELL,2,19801.50,2026-08-19T16:43:41Z,ORD-901667,maker,1.40
FIL-603116,ACC-2012,MES,BUY,1,5630.00,2026-08-19T16:44:03Z,ORD-901271,taker,0.70
FIL-603117,ACC-2007,ES,SELL,9,5630.50,2026-08-19T16:44:30Z,ORD-900879,taker,18.90
FIL-603118,ACC-2017,MES,BUY,7,5629.75,2026-08-19T16:45:28Z,ORD-902593,taker,4.90
FIL-603119,ACC-2014,MNQ,SELL,2,19803.00,2026-08-19T16:46:42Z,ORD-902014,maker,1.40
FIL-603120,ACC-2014,MNQ,SELL,3,19803.00,2026-08-19T16:46:43Z,ORD-902014,taker,2.10
FIL-603121,ACC-2016,MNQ,BUY,3,19801.75,2026-08-19T16:47:25Z,ORD-902446,taker,2.10
FIL-603122,ACC-2015,MNQ,SELL,3,19802.00,2026-08-19T16:47:55Z,ORD-902230,taker,2.10
FIL-603123,ACC-2003,ES,SELL,7,5629.75,2026-08-19T16:48:02Z,ORD-900343,taker,14.70
FIL-603124,ACC-2039,GC,BUY,3,2483.10,2026-08-19T16:48:44Z,ORD-903883,taker,6.30
FIL-603125,ACC-2037,MES,BUY,1,5629.00,2026-08-19T16:49:16Z,ORD-903745,taker,0.70
FIL-603126,ACC-2003,ES,BUY,7,5629.25,2026-08-19T16:54:02Z,ORD-900344,taker,14.70
FIL-603127,ACC-2037,MES,SELL,1,5602.75,2026-08-19T16:54:16Z,ORD-903746,taker,0.70
FIL-603128,ACC-2036,6E,SELL,2,1.1012,2026-08-19T16:58:23Z,ORD-903658,taker,4.96
FIL-603129,ACC-2013,MNQ,BUY,2,19801.50,2026-08-19T17:02:23Z,ORD-901669,taker,1.40
FIL-603130,ACC-2017,MES,SELL,3,5632.75,2026-08-19T17:04:28Z,ORD-902594,taker,2.10
FIL-603131,ACC-2017,MES,SELL,4,5632.75,2026-08-19T17:04:31Z,ORD-902594,taker,2.80
FIL-603132,ACC-2012,MES,SELL,1,5631.25,2026-08-19T17:06:03Z,ORD-901272,taker,0.70
FIL-603133,ACC-2007,ES,BUY,9,5629.75,2026-08-19T17:06:30Z,ORD-900880,taker,18.90
FIL-603134,ACC-2039,GC,SELL,3,2483.00,2026-08-19T17:06:44Z,ORD-903884,taker,6.30
FIL-603135,ACC-2013,MNQ,SELL,2,19803.00,2026-08-19T17:07:23Z,ORD-901670,maker,1.40
FIL-603136,ACC-2013,MNQ,BUY,2,19800.75,2026-08-19T17:09:41Z,ORD-901668,taker,1.40
FIL-603137,ACC-2008,MES,SELL,1,5614.25,2026-08-19T17:10:08Z,ORD-900980,maker,0.70
FIL-603138,ACC-2013,MNQ,SELL,3,19801.25,2026-08-19T17:24:04Z,ORD-901671,maker,2.10
FIL-603139,ACC-2045,MCL,BUY,1,74.01,2026-08-19T17:28:48Z,ORD-904325,maker,0.70
FIL-603140,ACC-2016,MNQ,BUY,5,19803.00,2026-08-19T17:29:54Z,ORD-902447,maker,3.50
FIL-603141,ACC-2004,MNQ,SELL,7,19801.25,2026-08-19T17:32:07Z,ORD-900471,maker,4.90
FIL-603142,ACC-2030,6E,BUY,3,1.10165,2026-08-19T17:32:31Z,ORD-903186,maker,7.44
FIL-603143,ACC-2045,MCL,SELL,1,75.79,2026-08-19T17:32:48Z,ORD-904326,taker,0.70
FIL-603144,ACC-2033,MNQ,SELL,1,19802.25,2026-08-19T17:33:07Z,ORD-903418,taker,0.70
FIL-603145,ACC-2049,6E,SELL,2,1.1019,2026-08-19T17:33:08Z,ORD-904567,taker,4.96
FIL-603146,ACC-2049,6E,BUY,2,1.10205,2026-08-19T17:35:08Z,ORD-904568,maker,4.96
FIL-603147,ACC-2015,MNQ,SELL,4,19801.75,2026-08-19T17:36:00Z,ORD-902231,taker,2.80
FIL-603148,ACC-2014,MNQ,BUY,2,19802.25,2026-08-19T17:36:34Z,ORD-902015,maker,1.40
FIL-603149,ACC-2050,MES,SELL,2,5630.50,2026-08-19T17:37:11Z,ORD-904661,taker,1.40
FIL-603150,ACC-2016,MNQ,SELL,5,19802.75,2026-08-19T17:37:54Z,ORD-902448,taker,3.50
FIL-603151,ACC-2013,MNQ,BUY,3,19800.50,2026-08-19T17:38:04Z,ORD-901672,taker,2.10
FIL-603152,ACC-2015,MNQ,BUY,4,19801.50,2026-08-19T17:44:00Z,ORD-902232,taker,2.80
FIL-603153,ACC-2014,MNQ,SELL,2,19802.00,2026-08-19T17:44:34Z,ORD-902016,maker,1.40
FIL-603154,ACC-2033,MNQ,BUY,1,19760.25,2026-08-19T17:51:07Z,ORD-903419,taker,0.70
FIL-603155,ACC-2004,MNQ,BUY,7,19852.75,2026-08-19T17:54:07Z,ORD-900472,maker,4.90
FIL-603156,ACC-2013,MNQ,BUY,5,19802.75,2026-08-19T17:55:29Z,ORD-901673,maker,3.50
FIL-603157,ACC-2030,6E,SELL,3,1.102,2026-08-19T18:00:31Z,ORD-903187,taker,7.44
FIL-603158,ACC-2005,MES,BUY,6,5630.25,2026-08-19T18:01:46Z,ORD-900603,taker,4.20
FIL-603159,ACC-2001,ES,SELL,4,5630.25,2026-08-19T18:02:02Z,ORD-900091,maker,8.40
FIL-603160,ACC-2006,MES,BUY,9,5630.25,2026-08-19T18:02:09Z,ORD-900741,maker,6.30
FIL-603161,ACC-2050,MES,BUY,2,5633.00,2026-08-19T18:03:11Z,ORD-904662,maker,1.40
FIL-603162,ACC-2002,ES,BUY,8,5630.25,2026-08-19T18:05:04Z,ORD-900213,taker,16.80
FIL-603163,ACC-2006,MES,SELL,9,5631.75,2026-08-19T18:10:09Z,ORD-900742,maker,6.30
FIL-603164,ACC-2002,ES,SELL,8,5630.50,2026-08-19T18:12:04Z,ORD-900214,taker,16.80
FIL-603165,ACC-2013,MNQ,BUY,4,19803.00,2026-08-19T18:15:27Z,ORD-901675,taker,2.80
FIL-603166,ACC-2013,MNQ,SELL,5,19803.25,2026-08-19T18:18:29Z,ORD-901674,taker,3.50
FIL-603167,ACC-2001,ES,BUY,4,5628.50,2026-08-19T18:25:02Z,ORD-900092,maker,8.40
FIL-603168,ACC-2005,MES,SELL,6,5627.75,2026-08-19T18:29:46Z,ORD-900604,taker,4.20
FIL-603169,ACC-2013,MNQ,BUY,2,19803.00,2026-08-19T18:36:14Z,ORD-901677,taker,1.40
FIL-603170,ACC-2013,MNQ,BUY,2,19803.00,2026-08-19T18:36:18Z,ORD-901677,taker,1.40
FIL-603171,ACC-2015,MNQ,SELL,2,19802.50,2026-08-19T18:39:13Z,ORD-902233,taker,1.40
FIL-603172,ACC-2014,MNQ,BUY,4,19802.00,2026-08-19T18:40:17Z,ORD-902017,maker,2.80
FIL-603173,ACC-2013,MNQ,SELL,4,19803.50,2026-08-19T18:40:27Z,ORD-901676,taker,2.80
FIL-603174,ACC-2016,MNQ,BUY,3,19802.75,2026-08-19T18:46:59Z,ORD-902449,taker,2.10
FIL-603175,ACC-2014,MNQ,SELL,4,19802.00,2026-08-19T18:57:17Z,ORD-902018,maker,2.80
FIL-603176,ACC-2015,MNQ,BUY,2,19802.00,2026-08-19T18:59:13Z,ORD-902234,maker,1.40
FIL-603177,ACC-2013,MNQ,BUY,5,19802.75,2026-08-19T19:01:05Z,ORD-901679,taker,3.50
FIL-603178,ACC-2013,MNQ,SELL,4,19803.75,2026-08-19T19:03:14Z,ORD-901678,taker,2.80
FIL-603179,ACC-2016,MNQ,SELL,3,19802.50,2026-08-19T19:08:59Z,ORD-902450,maker,2.10
FIL-603180,ACC-2013,MNQ,SELL,5,19803.00,2026-08-19T19:11:05Z,ORD-901680,taker,3.50
FIL-603181,ACC-2013,MNQ,SELL,3,19802.25,2026-08-19T19:23:12Z,ORD-901681,taker,2.10
FIL-603182,ACC-2013,MNQ,BUY,3,19801.75,2026-08-19T19:41:12Z,ORD-901682,maker,2.10
FIL-603183,ACC-2037,MES,SELL,3,5629.00,2026-08-19T19:46:26Z,ORD-903747,maker,2.10
FIL-603184,ACC-2030,6E,BUY,1,1.102,2026-08-19T19:46:39Z,ORD-903188,maker,2.48
FIL-603185,ACC-2045,MCL,BUY,4,74.04,2026-08-19T19:46:45Z,ORD-904327,maker,2.80
FIL-603186,ACC-2031,GC,SELL,2,2482.60,2026-08-19T19:46:47Z,ORD-903282,taker,4.20
FIL-603187,ACC-2024,MNQ,SELL,3,19802.00,2026-08-19T19:46:54Z,ORD-902940,taker,2.10
FIL-603188,ACC-2003,ES,SELL,8,5630.25,2026-08-19T19:47:18Z,ORD-900345,taker,16.80
FIL-603189,ACC-2035,6E,SELL,4,1.1019,2026-08-19T19:47:25Z,ORD-903577,maker,9.92
FIL-603190,ACC-2006,MES,SELL,7,5630.75,2026-08-19T19:47:30Z,ORD-900743,taker,4.90
FIL-603191,ACC-2043,MES,SELL,3,5631.00,2026-08-19T19:47:31Z,ORD-904182,taker,2.10
FIL-603192,ACC-2014,MNQ,BUY,4,19801.75,2026-08-19T19:47:36Z,ORD-902019,taker,2.80
FIL-603193,ACC-2023,MES,SELL,6,5630.25,2026-08-19T19:47:37Z,ORD-902864,taker,4.20
FIL-603194,ACC-2040,GC,BUY,2,2483.10,2026-08-19T19:47:40Z,ORD-903970,taker,4.20
FIL-603195,ACC-2021,MNQ,BUY,3,19801.75,2026-08-19T19:47:43Z,ORD-902780,maker,2.10
FIL-603196,ACC-2032,MCL,BUY,1,74.00,2026-08-19T19:48:21Z,ORD-903360,maker,0.70
FIL-603197,ACC-2008,MES,BUY,3,5630.25,2026-08-19T19:48:23Z,ORD-900981,taker,2.10
FIL-603198,ACC-2007,ES,SELL,7,5629.50,2026-08-19T19:48:41Z,ORD-900881,taker,14.70
FIL-603199,ACC-2031,GC,BUY,2,2483.00,2026-08-19T19:48:47Z,ORD-903283,taker,4.20
FIL-603200,ACC-2010,MNQ,SELL,3,19801.50,2026-08-19T19:49:08Z,ORD-901113,taker,2.10
FIL-603201,ACC-2019,MES,SELL,3,5630.25,2026-08-19T19:49:14Z,ORD-902684,taker,2.10
FIL-603202,ACC-2033,MNQ,BUY,2,19802.75,2026-08-19T19:49:30Z,ORD-903420,maker,1.40
FIL-603203,ACC-2001,ES,BUY,5,5629.75,2026-08-19T19:49:36Z,ORD-900093,taker,10.50
FIL-603204,ACC-2016,MNQ,SELL,3,19802.00,2026-08-19T19:49:41Z,ORD-902451,taker,2.10
FIL-603205,ACC-2034,GC,BUY,3,2482.60,2026-08-19T19:50:12Z,ORD-903494,taker,6.30
FIL-603206,ACC-2050,MES,BUY,1,5629.50,2026-08-19T19:51:03Z,ORD-904663,taker,0.70
FIL-603207,ACC-2018,MES,SELL,2,5629.75,2026-08-19T19:51:05Z,ORD-902680,maker,1.40
FIL-603208,ACC-2049,6E,SELL,3,1.10185,2026-08-19T19:51:12Z,ORD-904569,taker,7.44
FIL-603209,ACC-2036,6E,BUY,2,1.10205,2026-08-19T19:51:25Z,ORD-903659,taker,4.96
FIL-603210,ACC-2004,MNQ,BUY,6,19801.50,2026-08-19T19:51:31Z,ORD-900473,taker,4.20
FIL-603211,ACC-2002,ES,SELL,6,5629.00,2026-08-19T19:51:54Z,ORD-900215,taker,12.60
FIL-603212,ACC-2024,MNQ,BUY,3,19782.00,2026-08-19T19:51:54Z,ORD-902941,taker,2.10
FIL-603213,ACC-2020,MES,BUY,2,5629.75,2026-08-19T19:52:01Z,ORD-902688,taker,1.40
FIL-603214,ACC-2010,MNQ,BUY,3,19813.75,2026-08-19T19:52:08Z,ORD-901114,taker,2.10
FIL-603215,ACC-2005,MES,BUY,2,5630.50,2026-08-19T19:52:09Z,ORD-900605,maker,1.40
FIL-603216,ACC-2041,MCL,BUY,2,74.03,2026-08-19T19:52:12Z,ORD-904042,taker,1.40
FIL-603217,ACC-2005,MES,BUY,2,5630.50,2026-08-19T19:52:13Z,ORD-900605,taker,1.40
FIL-603218,ACC-2011,MNQ,SELL,3,19802.00,2026-08-19T19:52:24Z,ORD-901187,taker,2.10
FIL-603219,ACC-2039,GC,BUY,2,2482.90,2026-08-19T19:52:32Z,ORD-903885,taker,4.20
FIL-603220,ACC-2014,MNQ,SELL,2,19801.25,2026-08-19T19:52:36Z,ORD-902020,taker,1.40
FIL-603221,ACC-2013,MNQ,SELL,5,19803.00,2026-08-19T19:52:38Z,ORD-901683,taker,3.50
FIL-603222,ACC-2014,MNQ,SELL,2,19801.25,2026-08-19T19:52:38Z,ORD-902020,taker,1.40
FIL-603223,ACC-2017,MES,SELL,7,5630.75,2026-08-19T19:52:39Z,ORD-902595,taker,4.90
FIL-603224,ACC-2012,MES,BUY,2,5630.50,2026-08-19T19:52:49Z,ORD-901273,maker,1.40
FIL-603225,ACC-2025,ES,SELL,4,5629.25,2026-08-19T19:52:49Z,ORD-903014,maker,8.40
FIL-603226,ACC-2025,ES,SELL,4,5629.25,2026-08-19T19:52:53Z,ORD-903014,taker,8.40
FIL-603227,ACC-2044,GC,BUY,1,2483.10,2026-08-19T19:52:55Z,ORD-904256,maker,2.10
FIL-603228,ACC-2022,MNQ,BUY,4,19803.00,2026-08-19T19:53:05Z,ORD-902784,maker,2.80
FIL-603229,ACC-2042,MNQ,SELL,3,19802.50,2026-08-19T19:53:06Z,ORD-904108,taker,2.10
FIL-603230,ACC-2051,MNQ,BUY,2,19802.00,2026-08-19T19:53:51Z,ORD-904752,taker,1.40
FIL-603231,ACC-2046,MNQ,BUY,1,19802.50,2026-08-19T19:54:09Z,ORD-904427,maker,0.70
FIL-603232,ACC-2015,MNQ,BUY,4,19802.00,2026-08-19T19:54:18Z,ORD-902235,taker,2.80
FIL-603233,ACC-2048,6E,SELL,1,1.10175,2026-08-19T19:54:35Z,ORD-904499,maker,2.48
FIL-603234,ACC-2038,MNQ,BUY,2,19802.25,2026-08-19T19:54:46Z,ORD-903815,maker,1.40
FIL-603235,ACC-2038,MNQ,BUY,2,19802.25,2026-08-19T19:54:47Z,ORD-903815,taker,1.40
FIL-603236,ACC-2012,MES,SELL,2,5631.25,2026-08-19T19:54:49Z,ORD-901274,taker,1.40
FIL-603237,ACC-2025,ES,BUY,8,5629.00,2026-08-19T19:54:49Z,ORD-903015,maker,16.80
FIL-603238,ACC-2026,MCL,BUY,3,74.05,2026-08-19T19:55:06Z,ORD-903090,maker,2.10
FIL-603239,ACC-2052,6E,SELL,1,1.1019,2026-08-19T19:55:17Z,ORD-904818,maker,2.48
FIL-603240,ACC-2037,MES,BUY,3,5637.25,2026-08-19T19:55:26Z,ORD-903748,taker,2.10
FIL-603241,ACC-2043,MES,BUY,3,5623.75,2026-08-19T19:55:31Z,ORD-904183,taker,2.10
FIL-603242,ACC-2009,MES,BUY,3,5630.50,2026-08-19T19:55:35Z,ORD-901049,taker,2.10
FIL-603243,ACC-2046,MNQ,SELL,1,19881.75,2026-08-19T19:57:09Z,ORD-904428,taker,0.70
FIL-603244,ACC-2004,MNQ,SELL,3,19775.25,2026-08-19T19:57:31Z,ORD-900474,maker,2.10
FIL-603245,ACC-2004,MNQ,SELL,3,19775.25,2026-08-19T19:57:32Z,ORD-900474,taker,2.10
FIL-603246,ACC-2001,ES,SELL,5,5631.00,2026-08-19T19:58:36Z,ORD-900094,taker,10.50
FIL-603247,ACC-2045,MCL,SELL,4,74.35,2026-08-19T19:58:45Z,ORD-904328,taker,2.80
FIL-603248,ACC-2022,MNQ,SELL,4,19784.00,2026-08-19T19:59:05Z,ORD-902785,taker,2.80
FIL-603249,ACC-2002,ES,BUY,6,5628.75,2026-08-19T19:59:54Z,ORD-900216,taker,12.60
FIL-603250,ACC-2032,MCL,SELL,1,74.03,2026-08-19T20:00:21Z,ORD-903361,taker,0.70
FIL-603251,ACC-2020,MES,SELL,2,5627.25,2026-08-19T20:03:01Z,ORD-902689,taker,1.40
FIL-603252,ACC-2050,MES,SELL,1,5623.00,2026-08-19T20:03:03Z,ORD-904664,maker,0.70
FIL-603253,ACC-2033,MNQ,SELL,2,19822.50,2026-08-19T20:03:30Z,ORD-903421,maker,1.40
FIL-603254,ACC-2030,6E,SELL,1,1.1027,2026-08-19T20:03:39Z,ORD-903189,taker,2.48
FIL-603255,ACC-2042,MNQ,BUY,3,19797.50,2026-08-19T20:05:06Z,ORD-904109,taker,2.10
FIL-603256,ACC-2048,6E,BUY,1,1.0999,2026-08-19T20:05:35Z,ORD-904500,maker,2.48
FIL-603257,ACC-2021,MNQ,SELL,3,19791.00,2026-08-19T20:05:43Z,ORD-902781,taker,2.10
FIL-603258,ACC-2007,ES,BUY,7,5628.75,2026-08-19T20:06:41Z,ORD-900882,taker,14.70
FIL-603259,ACC-2005,MES,SELL,4,5624.50,2026-08-19T20:07:09Z,ORD-900606,maker,2.80
FIL-603260,ACC-2013,MNQ,BUY,5,19802.75,2026-08-19T20:07:38Z,ORD-901684,maker,3.50
FIL-603261,ACC-2040,GC,SELL,2,2483.00,2026-08-19T20:07:40Z,ORD-903971,taker,4.20
FIL-603262,ACC-2041,MCL,SELL,2,74.20,2026-08-19T20:08:12Z,ORD-904043,taker,1.40
FIL-603263,ACC-2035,6E,BUY,4,1.1014,2026-08-19T20:08:25Z,ORD-903578,taker,9.92
FIL-603264,ACC-2036,6E,SELL,2,1.10175,2026-08-19T20:08:25Z,ORD-903660,maker,4.96
FIL-603265,ACC-2039,GC,SELL,2,2482.50,2026-08-19T20:08:32Z,ORD-903886,taker,4.20
FIL-603266,ACC-2003,ES,BUY,8,5629.75,2026-08-19T20:09:18Z,ORD-900346,maker,16.80
FIL-603267,ACC-2006,MES,BUY,3,5627.75,2026-08-19T20:09:30Z,ORD-900744,taker,2.10
FIL-603268,ACC-2006,MES,BUY,4,5627.75,2026-08-19T20:09:31Z,ORD-900744,maker,2.80
FIL-603269,ACC-2023,MES,BUY,6,5624.75,2026-08-19T20:09:37Z,ORD-902865,taker,4.20
FIL-603270,ACC-2026,MCL,SELL,3,73.76,2026-08-19T20:10:06Z,ORD-903091,maker,2.10
FIL-603271,ACC-2049,6E,BUY,3,1.1019,2026-08-19T20:10:12Z,ORD-904570,taker,7.44
FIL-603272,ACC-2018,MES,BUY,2,5628.00,2026-08-19T20:11:05Z,ORD-902681,taker,1.40
FIL-603273,ACC-2011,MNQ,BUY,3,19800.25,2026-08-19T20:12:24Z,ORD-901188,taker,2.10
FIL-603274,ACC-2034,GC,SELL,3,2482.20,2026-08-19T20:13:12Z,ORD-903495,taker,6.30
FIL-603275,ACC-2019,MES,BUY,3,5634.00,2026-08-19T20:13:14Z,ORD-902685,taker,2.10
FIL-603276,ACC-2008,MES,SELL,3,5628.50,2026-08-19T20:13:23Z,ORD-900982,taker,2.10
FIL-603277,ACC-2044,GC,SELL,1,2478.50,2026-08-19T20:13:55Z,ORD-904257,taker,2.10
FIL-603278,ACC-2017,MES,BUY,7,5629.00,2026-08-19T20:14:39Z,ORD-902596,taker,4.90
FIL-603279,ACC-2038,MNQ,SELL,2,19814.00,2026-08-19T20:14:46Z,ORD-903816,taker,1.40
FIL-603280,ACC-2038,MNQ,SELL,2,19814.00,2026-08-19T20:14:47Z,ORD-903816,taker,1.40
FIL-603281,ACC-2016,MNQ,BUY,3,19802.75,2026-08-19T20:16:41Z,ORD-902452,taker,2.10
FIL-603282,ACC-2015,MNQ,SELL,4,19802.25,2026-08-19T20:18:18Z,ORD-902236,maker,2.80
FIL-603283,ACC-2009,MES,SELL,3,5623.50,2026-08-19T20:18:35Z,ORD-901050,taker,2.10
FIL-603284,ACC-2051,MNQ,SELL,2,19849.50,2026-08-19T20:18:51Z,ORD-904753,taker,1.40
FIL-603285,ACC-2052,6E,BUY,1,1.1031,2026-08-19T20:21:17Z,ORD-904819,taker,2.48
FIL-603286,ACC-2004,ES,SELL,6,5632.25,2026-08-20T10:35:29Z,ORD-900475,taker,12.60
FIL-603287,ACC-2033,MNQ,SELL,4,19813.50,2026-08-20T10:35:33Z,ORD-903422,taker,2.80
FIL-603288,ACC-2026,MCL,BUY,3,74.04,2026-08-20T10:35:35Z,ORD-903092,taker,2.10
FIL-603289,ACC-2036,GC,SELL,2,2484.10,2026-08-20T10:35:37Z,ORD-903661,taker,4.20
FIL-603290,ACC-2011,MES,SELL,3,5632.75,2026-08-20T10:35:47Z,ORD-901189,taker,2.10
FIL-603291,ACC-2012,MNQ,SELL,1,19812.25,2026-08-20T10:35:55Z,ORD-901275,taker,0.70
FIL-603292,ACC-2018,MES,BUY,3,5632.50,2026-08-20T10:36:04Z,ORD-902690,taker,2.10
FIL-603293,ACC-2021,MNQ,BUY,3,19812.75,2026-08-20T10:36:45Z,ORD-902786,taker,2.10
FIL-603294,ACC-2041,MCL,BUY,4,74.08,2026-08-20T10:36:46Z,ORD-904044,taker,2.80
FIL-603295,ACC-2048,6E,BUY,1,1.1025,2026-08-20T10:36:47Z,ORD-904501,taker,2.48
FIL-603296,ACC-2050,MNQ,BUY,2,19812.00,2026-08-20T10:37:10Z,ORD-904665,taker,1.40
FIL-603297,ACC-2050,MNQ,BUY,2,19812.00,2026-08-20T10:37:13Z,ORD-904665,maker,1.40
FIL-603298,ACC-2033,MNQ,BUY,4,19806.50,2026-08-20T10:37:33Z,ORD-903423,maker,2.80
FIL-603299,ACC-2037,MES,BUY,1,5632.00,2026-08-20T10:37:36Z,ORD-903749,maker,0.70
FIL-603300,ACC-2009,MES,BUY,1,5633.00,2026-08-20T10:38:02Z,ORD-901051,taker,0.70
FIL-603301,ACC-2045,MNQ,SELL,1,19812.25,2026-08-20T10:38:24Z,ORD-904329,taker,0.70
FIL-603302,ACC-2030,6E,SELL,2,1.10255,2026-08-20T10:38:35Z,ORD-903190,taker,4.96
FIL-603303,ACC-2052,MCL,SELL,3,74.04,2026-08-20T10:38:37Z,ORD-904820,taker,2.10
FIL-603304,ACC-2042,MES,BUY,4,5633.75,2026-08-20T10:38:40Z,ORD-904110,taker,2.80
FIL-603305,ACC-2011,MES,BUY,3,5632.50,2026-08-20T10:38:47Z,ORD-901190,maker,2.10
FIL-603306,ACC-2038,GC,SELL,2,2484.00,2026-08-20T10:38:48Z,ORD-903817,taker,4.20
FIL-603307,ACC-2015,MNQ,BUY,5,19813.00,2026-08-20T10:38:53Z,ORD-902237,taker,3.50
FIL-603308,ACC-2051,MCL,BUY,2,74.07,2026-08-20T10:38:59Z,ORD-904754,taker,1.40
FIL-603309,ACC-2051,MCL,BUY,2,74.07,2026-08-20T10:39:00Z,ORD-904754,taker,1.40
FIL-603310,ACC-2010,MNQ,BUY,3,19813.00,2026-08-20T10:39:01Z,ORD-901115,maker,2.10
FIL-603311,ACC-2018,MES,SELL,3,5637.75,2026-08-20T10:39:04Z,ORD-902691,taker,2.10
FIL-603312,ACC-2005,NQ,SELL,6,19812.75,2026-08-20T10:39:08Z,ORD-900607,taker,12.60
FIL-603313,ACC-2004,ES,BUY,6,5631.75,2026-08-20T10:39:29Z,ORD-900476,taker,12.60
FIL-603314,ACC-2006,MES,SELL,5,5633.00,2026-08-20T10:39:39Z,ORD-900745,maker,3.50
FIL-603315,ACC-2040,GC,SELL,2,2484.10,2026-08-20T10:39:39Z,ORD-903972,maker,4.20
FIL-603316,ACC-2024,MNQ,BUY,4,19813.50,2026-08-20T10:40:07Z,ORD-902942,taker,2.80
FIL-603317,ACC-2034,GC,BUY,3,2484.60,2026-08-20T10:40:22Z,ORD-903496,taker,6.30
FIL-603318,ACC-2008,MNQ,SELL,3,19812.00,2026-08-20T10:40:29Z,ORD-900983,maker,2.10
FIL-603319,ACC-2049,GC,BUY,3,2484.40,2026-08-20T10:40:29Z,ORD-904571,maker,6.30
FIL-603320,ACC-2035,6E,BUY,2,1.1023,2026-08-20T10:40:47Z,ORD-903579,taker,4.96
FIL-603321,ACC-2032,MNQ,SELL,1,19812.50,2026-08-20T10:40:58Z,ORD-903362,taker,0.70
FIL-603322,ACC-2017,MES,BUY,7,5633.00,2026-08-20T10:41:06Z,ORD-902597,taker,4.90
FIL-603323,ACC-2043,MES,SELL,3,5634.00,2026-08-20T10:41:27Z,ORD-904184,taker,2.10
FIL-603324,ACC-2019,MES,BUY,3,5633.25,2026-08-20T10:41:40Z,ORD-902694,taker,2.10
FIL-603325,ACC-2023,MES,BUY,6,5632.25,2026-08-20T10:41:53Z,ORD-902866,taker,4.20
FIL-603326,ACC-2025,ES,SELL,9,5632.25,2026-08-20T10:42:05Z,ORD-903016,taker,18.90
FIL-603327,ACC-2001,NQ,BUY,9,19812.75,2026-08-20T10:42:10Z,ORD-900095,maker,18.90
FIL-603328,ACC-2014,MNQ,BUY,4,19813.25,2026-08-20T10:42:10Z,ORD-902021,maker,2.80
FIL-603329,ACC-2007,ES,BUY,3,5633.25,2026-08-20T10:42:33Z,ORD-900883,taker,6.30
FIL-603330,ACC-2007,ES,BUY,3,5633.25,2026-08-20T10:42:35Z,ORD-900883,maker,6.30
FIL-603331,ACC-2013,MNQ,BUY,4,19813.75,2026-08-20T10:42:47Z,ORD-901685,taker,2.80
FIL-603332,ACC-2022,MNQ,SELL,2,19812.00,2026-08-20T10:42:48Z,ORD-902790,taker,1.40
FIL-603333,ACC-2044,MNQ,BUY,4,19813.25,2026-08-20T10:42:50Z,ORD-904258,taker,2.80
FIL-603334,ACC-2016,MNQ,BUY,3,19813.25,2026-08-20T10:42:53Z,ORD-902453,maker,2.10
FIL-603335,ACC-2046,MNQ,BUY,1,19812.75,2026-08-20T10:42:57Z,ORD-904429,taker,0.70
FIL-603336,ACC-2031,6E,BUY,1,1.1026,2026-08-20T10:43:15Z,ORD-903284,taker,2.48
FIL-603337,ACC-2002,MES,BUY,10,5633.50,2026-08-20T10:43:17Z,ORD-900217,taker,7.00
FIL-603338,ACC-2003,ES,SELL,5,5632.50,2026-08-20T10:43:20Z,ORD-900347,maker,10.50
FIL-603339,ACC-2039,GC,BUY,2,2484.30,2026-08-20T10:43:38Z,ORD-903887,taker,4.20
FIL-603340,ACC-2041,MCL,SELL,2,74.03,2026-08-20T10:43:46Z,ORD-904045,taker,1.40
FIL-603341,ACC-2041,MCL,SELL,2,74.03,2026-08-20T10:43:47Z,ORD-904045,maker,1.40
FIL-603342,ACC-2020,MES,BUY,2,5633.00,2026-08-20T10:43:55Z,ORD-902698,taker,1.40
FIL-603343,ACC-2024,MNQ,SELL,4,19818.25,2026-08-20T10:44:07Z,ORD-902943,taker,2.80
FIL-603344,ACC-2050,MNQ,SELL,2,19814.00,2026-08-20T10:44:10Z,ORD-904666,maker,1.40
FIL-603345,ACC-2050,MNQ,SELL,2,19814.00,2026-08-20T10:44:12Z,ORD-904666,taker,1.40
FIL-603346,ACC-2035,6E,SELL,2,1.1015,2026-08-20T10:44:47Z,ORD-903580,taker,4.96
FIL-603347,ACC-2031,6E,SELL,1,1.10195,2026-08-20T10:45:15Z,ORD-903285,taker,2.48
FIL-603348,ACC-2026,MCL,SELL,3,74.03,2026-08-20T10:45:35Z,ORD-903093,maker,2.10
FIL-603349,ACC-2052,MCL,BUY,3,74.11,2026-08-20T10:45:37Z,ORD-904821,maker,2.10
FIL-603350,ACC-2019,MES,SELL,3,5635.00,2026-08-20T10:45:40Z,ORD-902695,taker,2.10
FIL-603351,ACC-2022,MNQ,BUY,2,19796.75,2026-08-20T10:45:48Z,ORD-902791,taker,1.40
FIL-603352,ACC-2038,GC,BUY,2,2484.00,2026-08-20T10:47:48Z,ORD-903818,taker,4.20
FIL-603353,ACC-2046,MNQ,SELL,1,19916.25,2026-08-20T10:47:57Z,ORD-904430,taker,0.70
FIL-603354,ACC-2045,MNQ,BUY,1,19697.00,2026-08-20T10:48:24Z,ORD-904330,maker,0.70
FIL-603355,ACC-2030,6E,BUY,2,1.1016,2026-08-20T10:49:35Z,ORD-903191,taker,4.96
FIL-603356,ACC-2020,MES,SELL,2,5631.25,2026-08-20T10:49:55Z,ORD-902699,taker,1.40
FIL-603357,ACC-2043,MES,BUY,3,5636.00,2026-08-20T10:50:27Z,ORD-904185,taker,2.10
FIL-603358,ACC-2008,MNQ,BUY,3,19823.50,2026-08-20T10:50:29Z,ORD-900984,taker,2.10
FIL-603359,ACC-2042,MES,SELL,2,5637.00,2026-08-20T10:50:40Z,ORD-904111,taker,1.40
FIL-603360,ACC-2042,MES,SELL,2,5637.00,2026-08-20T10:50:41Z,ORD-904111,taker,1.40
FIL-603361,ACC-2016,MNQ,SELL,3,19812.25,2026-08-20T10:50:53Z,ORD-902454,maker,2.10
FIL-603362,ACC-2034,GC,SELL,3,2484.40,2026-08-20T10:51:22Z,ORD-903497,maker,6.30
FIL-603363,ACC-2044,MNQ,SELL,4,19811.00,2026-08-20T10:51:50Z,ORD-904259,taker,2.80
FIL-603364,ACC-2001,NQ,SELL,9,19813.25,2026-08-20T10:52:10Z,ORD-900096,taker,18.90
FIL-603365,ACC-2032,MNQ,BUY,1,19824.00,2026-08-20T10:52:58Z,ORD-903363,maker,0.70
FIL-603366,ACC-2021,MNQ,SELL,3,19822.75,2026-08-20T10:53:45Z,ORD-902787,maker,2.10
FIL-603367,ACC-2051,MCL,SELL,4,73.65,2026-08-20T10:53:59Z,ORD-904755,maker,2.80
FIL-603368,ACC-2010,MNQ,SELL,3,19817.50,2026-08-20T10:55:01Z,ORD-901116,taker,2.10
FIL-603369,ACC-2015,MNQ,SELL,5,19813.50,2026-08-20T10:55:53Z,ORD-902238,taker,3.50
FIL-603370,ACC-2025,ES,BUY,9,5632.00,2026-08-20T10:56:05Z,ORD-903017,taker,18.90
FIL-603371,ACC-2014,MNQ,SELL,4,19813.25,2026-08-20T10:58:10Z,ORD-902022,taker,2.80
FIL-603372,ACC-2012,MNQ,BUY,1,19788.75,2026-08-20T10:58:55Z,ORD-901276,taker,0.70
FIL-603373,ACC-2037,MES,SELL,1,5620.25,2026-08-20T10:59:36Z,ORD-903750,maker,0.70
FIL-603374,ACC-2036,GC,BUY,2,2484.10,2026-08-20T10:59:37Z,ORD-903662,maker,4.20
FIL-603375,ACC-2009,MES,SELL,1,5630.75,2026-08-20T11:00:02Z,ORD-901052,taker,0.70
FIL-603376,ACC-2017,MES,SELL,7,5631.25,2026-08-20T11:00:06Z,ORD-902598,taker,4.90
FIL-603377,ACC-2013,MNQ,SELL,3,19812.50,2026-08-20T11:00:45Z,ORD-901687,maker,2.10
FIL-603378,ACC-2048,6E,SELL,1,1.1046,2026-08-20T11:00:47Z,ORD-904502,taker,2.48
FIL-603379,ACC-2005,NQ,BUY,3,19812.00,2026-08-20T11:03:08Z,ORD-900608,maker,6.30
FIL-603380,ACC-2005,NQ,BUY,3,19812.00,2026-08-20T11:03:10Z,ORD-900608,maker,6.30
FIL-603381,ACC-2039,GC,SELL,2,2484.20,2026-08-20T11:04:38Z,ORD-903888,maker,4.20
FIL-603382,ACC-2006,MES,BUY,5,5648.00,2026-08-20T11:04:39Z,ORD-900746,taker,3.50
FIL-603383,ACC-2040,GC,BUY,2,2484.40,2026-08-20T11:04:39Z,ORD-903973,taker,4.20
FIL-603384,ACC-2023,MES,SELL,6,5635.25,2026-08-20T11:04:53Z,ORD-902867,maker,4.20
FIL-603385,ACC-2003,ES,BUY,5,5632.75,2026-08-20T11:05:20Z,ORD-900348,taker,10.50
FIL-603386,ACC-2007,ES,SELL,6,5632.00,2026-08-20T11:05:33Z,ORD-900884,taker,12.60
FIL-603387,ACC-2049,GC,SELL,3,2484.70,2026-08-20T11:08:29Z,ORD-904572,taker,6.30
FIL-603388,ACC-2013,MNQ,SELL,4,19814.50,2026-08-20T11:08:47Z,ORD-901686,taker,2.80
FIL-603389,ACC-2013,MNQ,BUY,3,19812.00,2026-08-20T11:09:45Z,ORD-901688,taker,2.10
FIL-603390,ACC-2002,MES,SELL,5,5631.75,2026-08-20T11:10:17Z,ORD-900218,taker,3.50
FIL-603391,ACC-2002,MES,SELL,5,5631.75,2026-08-20T11:10:19Z,ORD-900218,taker,3.50
FIL-603392,ACC-2013,MNQ,SELL,3,19812.25,2026-08-20T11:29:08Z,ORD-901689,maker,2.10
FIL-603393,ACC-2013,MNQ,BUY,3,19811.75,2026-08-20T11:42:08Z,ORD-901690,maker,2.10
FIL-603394,ACC-2014,MNQ,BUY,2,19812.25,2026-08-20T11:43:37Z,ORD-902023,taker,1.40
FIL-603395,ACC-2014,MNQ,SELL,2,19812.50,2026-08-20T11:47:37Z,ORD-902024,taker,1.40
FIL-603396,ACC-2015,MNQ,SELL,4,19813.25,2026-08-20T11:49:58Z,ORD-902239,taker,2.80
FIL-603397,ACC-2016,MNQ,BUY,3,19812.50,2026-08-20T11:51:12Z,ORD-902455,maker,2.10
FIL-603398,ACC-2013,MNQ,BUY,2,19812.25,2026-08-20T11:52:17Z,ORD-901691,taker,1.40
FIL-603399,ACC-2015,MNQ,BUY,4,19812.50,2026-08-20T11:57:58Z,ORD-902240,taker,2.80
FIL-603400,ACC-2006,MES,BUY,2,5632.75,2026-08-20T12:07:19Z,ORD-900747,taker,1.40
FIL-603401,ACC-2006,MES,BUY,3,5632.75,2026-08-20T12:07:20Z,ORD-900747,taker,2.10
FIL-603402,ACC-2013,MNQ,SELL,2,19813.75,2026-08-20T12:08:17Z,ORD-901692,taker,1.40
FIL-603403,ACC-2005,NQ,SELL,8,19812.25,2026-08-20T12:09:12Z,ORD-900609,taker,16.80
FIL-603404,ACC-2016,MNQ,SELL,3,19812.00,2026-08-20T12:10:12Z,ORD-902456,taker,2.10
FIL-603405,ACC-2003,ES,BUY,4,5633.75,2026-08-20T12:10:44Z,ORD-900349,taker,8.40
FIL-603406,ACC-2005,NQ,BUY,8,19810.75,2026-08-20T12:14:12Z,ORD-900610,maker,16.80
FIL-603407,ACC-2007,ES,SELL,9,5632.75,2026-08-20T12:15:40Z,ORD-900885,taker,18.90
FIL-603408,ACC-2003,ES,SELL,4,5633.50,2026-08-20T12:17:44Z,ORD-900350,taker,8.40
FIL-603409,ACC-2013,MNQ,BUY,5,19813.25,2026-08-20T12:18:38Z,ORD-901693,taker,3.50
FIL-603410,ACC-2007,ES,BUY,9,5633.25,2026-08-20T12:22:40Z,ORD-900886,taker,18.90
FIL-603411,ACC-2006,MES,SELL,2,5620.25,2026-08-20T12:23:19Z,ORD-900748,maker,1.40
FIL-603412,ACC-2006,MES,SELL,3,5620.25,2026-08-20T12:23:23Z,ORD-900748,taker,2.10
FIL-603413,ACC-2013,MNQ,SELL,5,19814.00,2026-08-20T12:23:38Z,ORD-901694,taker,3.50
FIL-603414,ACC-2002,MES,BUY,4,5632.75,2026-08-20T12:32:18Z,ORD-900219,maker,2.80
FIL-603415,ACC-2002,MES,BUY,5,5632.75,2026-08-20T12:32:21Z,ORD-900219,taker,3.50
FIL-603416,ACC-2013,MNQ,BUY,2,19813.00,2026-08-20T12:34:44Z,ORD-901695,maker,1.40
FIL-603417,ACC-2002,MES,SELL,9,5631.25,2026-08-20T12:42:18Z,ORD-900220,taker,6.30
FIL-603418,ACC-2013,MNQ,SELL,2,19814.75,2026-08-20T12:48:44Z,ORD-901696,taker,1.40
FIL-603419,ACC-2034,GC,SELL,3,2483.80,2026-08-20T12:52:01Z,ORD-903498,maker,6.30
FIL-603420,ACC-2050,MNQ,BUY,2,19812.25,2026-08-20T12:52:12Z,ORD-904667,taker,1.40
FIL-603421,ACC-2036,GC,BUY,4,2484.00,2026-08-20T12:53:30Z,ORD-903663,taker,8.40
FIL-603422,ACC-2014,MNQ,SELL,5,19813.50,2026-08-20T12:53:46Z,ORD-902025,taker,3.50
FIL-603423,ACC-2016,MNQ,BUY,5,19813.00,2026-08-20T12:54:12Z,ORD-902457,taker,3.50
FIL-603424,ACC-2034,GC,BUY,3,2484.10,2026-08-20T12:55:01Z,ORD-903499,maker,6.30
FIL-603425,ACC-2036,GC,SELL,4,2484.00,2026-08-20T12:56:30Z,ORD-903664,taker,8.40
FIL-603426,ACC-2015,MNQ,SELL,2,19814.00,2026-08-20T12:56:33Z,ORD-902241,taker,1.40
FIL-603427,ACC-2017,MES,SELL,2,5633.50,2026-08-20T12:58:20Z,ORD-902599,maker,1.40
FIL-603428,ACC-2017,MES,SELL,3,5633.50,2026-08-20T12:58:22Z,ORD-902599,maker,2.10
FIL-603429,ACC-2038,GC,BUY,2,2484.00,2026-08-20T13:00:47Z,ORD-903819,maker,4.20
FIL-603430,ACC-2041,MCL,SELL,2,74.02,2026-08-20T13:00:59Z,ORD-904046,taker,1.40
FIL-603431,ACC-2013,MNQ,BUY,4,19813.75,2026-08-20T13:07:51Z,ORD-901697,maker,2.80
FIL-603432,ACC-2016,MNQ,SELL,5,19812.75,2026-08-20T13:09:12Z,ORD-902458,maker,3.50
FIL-603433,ACC-2041,MCL,BUY,2,74.18,2026-08-20T13:12:59Z,ORD-904047,taker,1.40
FIL-603434,ACC-2015,MNQ,BUY,2,19811.50,2026-08-20T13:13:33Z,ORD-902242,maker,1.40
FIL-603435,ACC-2013,MNQ,SELL,4,19814.50,2026-08-20T13:13:51Z,ORD-901698,taker,2.80
FIL-603436,ACC-2050,MNQ,SELL,2,19817.50,2026-08-20T13:16:12Z,ORD-904668,taker,1.40
FIL-603437,ACC-2014,MNQ,BUY,5,19813.50,2026-08-20T13:20:46Z,ORD-902026,maker,3.50
FIL-603438,ACC-2017,MES,BUY,5,5634.50,2026-08-20T13:22:20Z,ORD-902600,maker,3.50
FIL-603439,ACC-2013,MNQ,BUY,5,19812.50,2026-08-20T13:24:22Z,ORD-901699,taker,3.50
FIL-603440,ACC-2038,GC,SELL,2,2484.00,2026-08-20T13:27:47Z,ORD-903820,maker,4.20
FIL-603441,ACC-2013,MNQ,SELL,5,19812.75,2026-08-20T13:29:22Z,ORD-901700,taker,3.50
FIL-603442,ACC-2052,MCL,SELL,2,74.08,2026-08-20T13:39:34Z,ORD-904822,taker,1.40
FIL-603443,ACC-2003,ES,SELL,9,5633.00,2026-08-20T13:39:46Z,ORD-900351,maker,18.90
FIL-603444,ACC-2001,NQ,BUY,9,19812.50,2026-08-20T13:42:08Z,ORD-900097,maker,18.90
FIL-603445,ACC-2032,MNQ,BUY,1,19813.00,2026-08-20T13:42:08Z,ORD-903364,taker,0.70
FIL-603446,ACC-2010,MNQ,BUY,3,19812.75,2026-08-20T13:42:40Z,ORD-901117,taker,2.10
FIL-603447,ACC-2006,MES,BUY,5,5632.50,2026-08-20T13:43:56Z,ORD-900749,taker,3.50
FIL-603448,ACC-2044,MNQ,BUY,4,19813.50,2026-08-20T13:43:56Z,ORD-904260,taker,2.80
FIL-603449,ACC-2005,NQ,SELL,10,19812.75,2026-08-20T13:44:03Z,ORD-900611,taker,21.00
FIL-603450,ACC-2007,ES,BUY,4,5633.50,2026-08-20T13:45:09Z,ORD-900887,maker,8.40
FIL-603451,ACC-2033,MNQ,SELL,4,19813.75,2026-08-20T13:45:25Z,ORD-903424,maker,2.80
FIL-603452,ACC-2030,6E,SELL,1,1.1024,2026-08-20T13:46:03Z,ORD-903192,maker,2.48
FIL-603453,ACC-2043,MES,BUY,4,5633.75,2026-08-20T13:46:57Z,ORD-904186,taker,2.80
FIL-603454,ACC-2049,GC,BUY,1,2483.90,2026-08-20T13:47:08Z,ORD-904573,taker,2.10
FIL-603455,ACC-2004,ES,SELL,8,5632.50,2026-08-20T13:47:55Z,ORD-900477,maker,16.80
FIL-603456,ACC-2032,MNQ,SELL,1,19796.25,2026-08-20T13:48:08Z,ORD-903365,maker,0.70
FIL-603457,ACC-2013,MNQ,BUY,2,19812.25,2026-08-20T13:48:20Z,ORD-901701,taker,1.40
FIL-603458,ACC-2006,MES,SELL,5,5622.00,2026-08-20T13:49:56Z,ORD-900750,taker,3.50
FIL-603459,ACC-2004,ES,BUY,8,5631.75,2026-08-20T13:52:55Z,ORD-900478,taker,16.80
FIL-603460,ACC-2044,MNQ,SELL,4,19809.25,2026-08-20T13:52:56Z,ORD-904261,taker,2.80
FIL-603461,ACC-2013,MNQ,SELL,2,19813.00,2026-08-20T13:53:20Z,ORD-901702,taker,1.40
FIL-603462,ACC-2033,MNQ,BUY,4,19804.00,2026-08-20T13:54:25Z,ORD-903425,taker,2.80
FIL-603463,ACC-2005,NQ,BUY,10,19812.00,2026-08-20T13:57:03Z,ORD-900612,maker,21.00
FIL-603464,ACC-2010,MNQ,SELL,3,19820.25,2026-08-20T13:57:40Z,ORD-901118,taker,2.10
FIL-603465,ACC-2007,ES,SELL,4,5632.25,2026-08-20T13:58:09Z,ORD-900888,taker,8.40
FIL-603466,ACC-2030,6E,BUY,1,1.09995,2026-08-20T13:59:03Z,ORD-903193,maker,2.48
FIL-603467,ACC-2003,ES,BUY,9,5633.00,2026-08-20T14:00:46Z,ORD-900352,taker,18.90
FIL-603468,ACC-2016,MNQ,SELL,5,19813.50,2026-08-20T14:01:46Z,ORD-902459,taker,3.50
FIL-603469,ACC-2052,MCL,BUY,2,74.16,2026-08-20T14:02:34Z,ORD-904823,maker,1.40
FIL-603470,ACC-2043,MES,SELL,4,5631.50,2026-08-20T14:02:57Z,ORD-904187,taker,2.80
FIL-603471,ACC-2015,MNQ,SELL,2,19812.50,2026-08-20T14:03:06Z,ORD-902243,taker,1.40
FIL-603472,ACC-2001,NQ,SELL,9,19813.00,2026-08-20T14:07:08Z,ORD-900098,taker,18.90
FIL-603473,ACC-2014,MNQ,BUY,4,19812.75,2026-08-20T14:08:22Z,ORD-902027,maker,2.80
FIL-603474,ACC-2049,GC,SELL,1,2484.50,2026-08-20T14:11:08Z,ORD-904574,taker,2.10
FIL-603475,ACC-2016,MNQ,BUY,5,19814.00,2026-08-20T14:11:46Z,ORD-902460,taker,3.50
FIL-603476,ACC-2013,MNQ,BUY,2,19813.00,2026-08-20T14:13:15Z,ORD-901703,taker,1.40
FIL-603477,ACC-2015,MNQ,BUY,2,19810.00,2026-08-20T14:20:06Z,ORD-902244,taker,1.40
FIL-603478,ACC-2013,MNQ,SELL,2,19814.00,2026-08-20T14:20:15Z,ORD-901704,taker,1.40
FIL-603479,ACC-2002,MES,BUY,9,5632.75,2026-08-20T14:21:13Z,ORD-900221,maker,6.30
FIL-603480,ACC-2014,MNQ,SELL,4,19812.75,2026-08-20T14:24:22Z,ORD-902028,taker,2.80
FIL-603481,ACC-2002,MES,SELL,4,5632.00,2026-08-20T14:36:13Z,ORD-900222,taker,2.80
FIL-603482,ACC-2002,MES,SELL,5,5632.00,2026-08-20T14:36:14Z,ORD-900222,taker,3.50
FIL-603483,ACC-2013,MNQ,BUY,2,19812.25,2026-08-20T14:41:37Z,ORD-901705,taker,1.40
FIL-603484,ACC-2013,MNQ,SELL,2,19813.75,2026-08-20T14:59:37Z,ORD-901706,maker,1.40
FIL-603485,ACC-2013,MNQ,BUY,3,19814.00,2026-08-20T15:00:37Z,ORD-901707,taker,2.10
FIL-603486,ACC-2013,MNQ,SELL,3,19815.00,2026-08-20T15:04:37Z,ORD-901708,maker,2.10
FIL-603487,ACC-2024,MNQ,SELL,2,19813.50,2026-08-20T15:10:14Z,ORD-902944,taker,1.40
FIL-603488,ACC-2017,MES,SELL,7,5632.50,2026-08-20T15:10:49Z,ORD-902601,maker,4.90
FIL-603489,ACC-2050,MNQ,BUY,1,19812.75,2026-08-20T15:10:52Z,ORD-904669,maker,0.70
FIL-603490,ACC-2048,6E,BUY,3,1.10235,2026-08-20T15:11:56Z,ORD-904503,maker,7.44
FIL-603491,ACC-2037,MES,BUY,1,5633.00,2026-08-20T15:12:00Z,ORD-903751,maker,0.70
FIL-603492,ACC-2024,MNQ,BUY,2,19805.00,2026-08-20T15:12:14Z,ORD-902945,taker,1.40
FIL-603493,ACC-2009,MES,SELL,1,5633.25,2026-08-20T15:13:03Z,ORD-901053,taker,0.70
FIL-603494,ACC-2003,ES,BUY,7,5633.25,2026-08-20T15:13:05Z,ORD-900353,taker,14.70
FIL-603495,ACC-2025,ES,SELL,12,5632.25,2026-08-20T15:13:07Z,ORD-903018,maker,25.20
FIL-603496,ACC-2041,MCL,BUY,1,74.04,2026-08-20T15:13:30Z,ORD-904048,taker,0.70
FIL-603497,ACC-2051,MCL,BUY,1,74.06,2026-08-20T15:13:37Z,ORD-904756,maker,0.70
FIL-603498,ACC-2036,GC,SELL,3,2484.40,2026-08-20T15:13:38Z,ORD-903665,maker,6.30
FIL-603499,ACC-2017,MES,BUY,7,5634.00,2026-08-20T15:13:49Z,ORD-902602,maker,4.90
FIL-603500,ACC-2045,MNQ,BUY,1,19813.50,2026-08-20T15:13:52Z,ORD-904331,taker,0.70
FIL-603501,ACC-2012,MNQ,SELL,2,19813.50,2026-08-20T15:13:55Z,ORD-901277,taker,1.40
FIL-603502,ACC-2039,GC,SELL,3,2484.50,2026-08-20T15:13:57Z,ORD-903889,taker,6.30
FIL-603503,ACC-2015,MNQ,BUY,2,19813.25,2026-08-20T15:14:19Z,ORD-902245,taker,1.40
FIL-603504,ACC-2023,MES,BUY,4,5633.75,2026-08-20T15:15:21Z,ORD-902868,taker,2.80
FIL-603505,ACC-2005,NQ,BUY,5,19813.75,2026-08-20T15:15:28Z,ORD-900613,taker,10.50
FIL-603506,ACC-2026,MCL,BUY,2,74.03,2026-08-20T15:15:56Z,ORD-903094,taker,1.40
FIL-603507,ACC-2007,ES,BUY,10,5634.00,2026-08-20T15:16:29Z,ORD-900889,taker,21.00
FIL-603508,ACC-2016,MNQ,BUY,5,19812.75,2026-08-20T15:17:31Z,ORD-902461,taker,3.50
FIL-603509,ACC-2051,MCL,SELL,1,73.21,2026-08-20T15:17:37Z,ORD-904757,taker,0.70
FIL-603510,ACC-2034,GC,BUY,2,2484.50,2026-08-20T15:17:51Z,ORD-903500,maker,4.20
FIL-603511,ACC-2006,MES,BUY,9,5633.00,2026-08-20T15:18:27Z,ORD-900751,maker,6.30
FIL-603512,ACC-2042,MES,SELL,2,5633.50,2026-08-20T15:19:00Z,ORD-904112,maker,1.40
FIL-603513,ACC-2014,MNQ,SELL,3,19812.75,2026-08-20T15:19:02Z,ORD-902029,taker,2.10
FIL-603514,ACC-2015,MNQ,SELL,2,19815.25,2026-08-20T15:19:19Z,ORD-902246,maker,1.40
FIL-603515,ACC-2011,MES,BUY,2,5634.00,2026-08-20T15:19:42Z,ORD-901191,taker,1.40
FIL-603516,ACC-2038,GC,BUY,2,2484.40,2026-08-20T15:19:45Z,ORD-903821,maker,4.20
FIL-603517,ACC-2048,6E,SELL,3,1.10285,2026-08-20T15:19:56Z,ORD-904504,taker,7.44
FIL-603518,ACC-2041,MCL,SELL,1,73.84,2026-08-20T15:21:30Z,ORD-904049,taker,0.70
FIL-603519,ACC-2006,MES,SELL,4,5625.00,2026-08-20T15:23:27Z,ORD-900752,maker,2.80
FIL-603520,ACC-2006,MES,SELL,5,5625.00,2026-08-20T15:23:28Z,ORD-900752,taker,3.50
FIL-603521,ACC-2026,MCL,SELL,2,74.01,2026-08-20T15:23:56Z,ORD-903095,taker,1.40
FIL-603522,ACC-2036,GC,BUY,3,2484.40,2026-08-20T15:28:38Z,ORD-903666,taker,6.30
FIL-603523,ACC-2045,MNQ,SELL,1,19882.50,2026-08-20T15:28:52Z,ORD-904332,maker,0.70
FIL-603524,ACC-2013,MNQ,BUY,2,19813.25,2026-08-20T15:29:56Z,ORD-901709,taker,1.40
FIL-603525,ACC-2009,MES,BUY,1,5634.50,2026-08-20T15:31:03Z,ORD-901054,maker,0.70
FIL-603526,ACC-2005,NQ,SELL,5,19815.00,2026-08-20T15:31:28Z,ORD-900614,taker,10.50
FIL-603527,ACC-2050,MNQ,SELL,1,19816.50,2026-08-20T15:31:52Z,ORD-904670,maker,0.70
FIL-603528,ACC-2007,ES,SELL,10,5633.50,2026-08-20T15:33:29Z,ORD-900890,maker,21.00
FIL-603529,ACC-2011,MES,SELL,2,5634.25,2026-08-20T15:33:42Z,ORD-901192,maker,1.40
FIL-603530,ACC-2039,GC,BUY,3,2484.60,2026-08-20T15:33:57Z,ORD-903890,taker,6.30
FIL-603531,ACC-2038,GC,SELL,2,2484.40,2026-08-20T15:34:45Z,ORD-903822,taker,4.20
FIL-603532,ACC-2012,MNQ,BUY,2,19807.50,2026-08-20T15:34:55Z,ORD-901278,maker,1.40
FIL-603533,ACC-2023,MES,SELL,4,5638.25,2026-08-20T15:37:21Z,ORD-902869,taker,2.80
FIL-603534,ACC-2037,MES,SELL,1,5620.25,2026-08-20T15:39:00Z,ORD-903752,taker,0.70
FIL-603535,ACC-2014,MNQ,BUY,3,19812.75,2026-08-20T15:39:02Z,ORD-902030,taker,2.10
FIL-603536,ACC-2003,ES,SELL,7,5633.25,2026-08-20T15:39:05Z,ORD-900354,taker,14.70
FIL-603537,ACC-2025,ES,BUY,12,5632.00,2026-08-20T15:41:07Z,ORD-903019,taker,25.20
FIL-603538,ACC-2016,MNQ,SELL,5,19812.25,2026-08-20T15:42:31Z,ORD-902462,taker,3.50
FIL-603539,ACC-2034,GC,SELL,2,2484.20,2026-08-20T15:42:51Z,ORD-903501,taker,4.20
FIL-603540,ACC-2042,MES,BUY,2,5622.25,2026-08-20T15:46:00Z,ORD-904113,taker,1.40
FIL-603541,ACC-2013,MNQ,BUY,3,19813.25,2026-08-20T15:48:10Z,ORD-901711,taker,2.10
FIL-603542,ACC-2013,MNQ,SELL,2,19815.00,2026-08-20T15:48:56Z,ORD-901710,taker,1.40
FIL-603543,ACC-2013,MNQ,SELL,3,19814.00,2026-08-20T15:50:10Z,ORD-901712,maker,2.10
FIL-603544,ACC-2002,MES,SELL,4,5632.75,2026-08-20T16:06:38Z,ORD-900223,taker,2.80
FIL-603545,ACC-2002,MES,BUY,4,5636.25,2026-08-20T16:10:38Z,ORD-900224,taker,2.80
FIL-603546,ACC-2013,MNQ,BUY,4,19814.00,2026-08-20T16:11:00Z,ORD-901713,taker,2.80
FIL-603547,ACC-2016,MNQ,SELL,4,19813.75,2026-08-20T16:22:53Z,ORD-902463,taker,2.80
FIL-603548,ACC-2013,MNQ,SELL,4,19815.00,2026-08-20T16:24:00Z,ORD-901714,taker,2.80
FIL-603549,ACC-2014,MNQ,SELL,5,19813.50,2026-08-20T16:24:05Z,ORD-902031,taker,3.50
FIL-603550,ACC-2015,MNQ,SELL,2,19814.00,2026-08-20T16:24:09Z,ORD-902247,maker,1.40
FIL-603551,ACC-2015,MNQ,BUY,2,19812.00,2026-08-20T16:30:09Z,ORD-902248,taker,1.40
FIL-603552,ACC-2016,MNQ,BUY,2,19814.25,2026-08-20T16:31:53Z,ORD-902464,maker,1.40
FIL-603553,ACC-2016,MNQ,BUY,2,19814.25,2026-08-20T16:31:56Z,ORD-902464,taker,1.40
FIL-603554,ACC-2013,MNQ,SELL,5,19813.75,2026-08-20T16:38:52Z,ORD-901715,taker,3.50
FIL-603555,ACC-2014,MNQ,BUY,5,19813.50,2026-08-20T16:41:05Z,ORD-902032,taker,3.50
FIL-603556,ACC-2001,NQ,BUY,10,19813.00,2026-08-20T16:42:07Z,ORD-900099,taker,21.00
FIL-603557,ACC-2010,MNQ,SELL,3,19813.00,2026-08-20T16:43:00Z,ORD-901119,taker,2.10
FIL-603558,ACC-2003,ES,SELL,10,5632.75,2026-08-20T16:43:01Z,ORD-900355,taker,21.00
FIL-603559,ACC-2032,MNQ,BUY,4,19813.50,2026-08-20T16:43:11Z,ORD-903366,maker,2.80
FIL-603560,ACC-2043,MES,SELL,3,5633.75,2026-08-20T16:43:48Z,ORD-904188,taker,2.10
FIL-603561,ACC-2052,MCL,BUY,1,74.09,2026-08-20T16:45:45Z,ORD-904824,taker,0.70
FIL-603562,ACC-2030,6E,SELL,2,1.1026,2026-08-20T16:45:58Z,ORD-903194,taker,4.96
FIL-603563,ACC-2033,MNQ,SELL,3,19812.00,2026-08-20T16:47:49Z,ORD-903426,maker,2.10
FIL-603564,ACC-2007,ES,SELL,6,5632.25,2026-08-20T16:47:53Z,ORD-900891,taker,12.60
FIL-603565,ACC-2006,MES,SELL,3,5632.25,2026-08-20T16:48:08Z,ORD-900753,taker,2.10
FIL-603566,ACC-2006,MES,SELL,4,5632.25,2026-08-20T16:48:11Z,ORD-900753,taker,2.80
FIL-603567,ACC-2004,ES,SELL,8,5633.25,2026-08-20T16:48:42Z,ORD-900479,taker,16.80
FIL-603568,ACC-2044,MNQ,BUY,1,19813.50,2026-08-20T16:48:54Z,ORD-904262,taker,0.70
FIL-603569,ACC-2049,GC,SELL,3,2483.80,2026-08-20T16:49:20Z,ORD-904575,taker,6.30
FIL-603570,ACC-2005,NQ,SELL,9,19813.50,2026-08-20T16:49:49Z,ORD-900615,taker,18.90
FIL-603571,ACC-2010,MNQ,BUY,3,19808.50,2026-08-20T16:52:00Z,ORD-901120,taker,2.10
FIL-603572,ACC-2007,ES,BUY,6,5632.75,2026-08-20T16:53:53Z,ORD-900892,taker,12.60
FIL-603573,ACC-2033,MNQ,BUY,3,19802.50,2026-08-20T16:54:49Z,ORD-903427,taker,2.10
FIL-603574,ACC-2032,MNQ,SELL,4,19811.00,2026-08-20T16:55:11Z,ORD-903367,taker,2.80
FIL-603575,ACC-2049,GC,BUY,3,2483.50,2026-08-20T16:55:20Z,ORD-904576,taker,6.30
FIL-603576,ACC-2005,NQ,BUY,9,19812.75,2026-08-20T16:55:49Z,ORD-900616,taker,18.90
FIL-603577,ACC-2003,ES,BUY,10,5632.75,2026-08-20T16:56:01Z,ORD-900356,maker,21.00
FIL-603578,ACC-2013,MNQ,BUY,5,19813.00,2026-08-20T16:57:52Z,ORD-901716,maker,3.50
FIL-603579,ACC-2052,MCL,SELL,1,73.82,2026-08-20T16:59:45Z,ORD-904825,maker,0.70
FIL-603580,ACC-2044,MNQ,SELL,1,19804.25,2026-08-20T17:00:54Z,ORD-904263,taker,0.70
FIL-603581,ACC-2013,MNQ,SELL,2,19813.50,2026-08-20T17:03:33Z,ORD-901717,taker,1.40
FIL-603582,ACC-2001,NQ,SELL,10,19813.25,2026-08-20T17:09:07Z,ORD-900100,taker,21.00
FIL-603583,ACC-2043,MES,BUY,3,5635.50,2026-08-20T17:10:48Z,ORD-904189,taker,2.10
FIL-603584,ACC-2030,6E,BUY,2,1.10175,2026-08-20T17:13:58Z,ORD-903195,taker,4.96
FIL-603585,ACC-2004,ES,BUY,4,5632.75,2026-08-20T17:14:42Z,ORD-900480,taker,8.40
FIL-603586,ACC-2004,ES,BUY,4,5632.75,2026-08-20T17:14:43Z,ORD-900480,maker,8.40
FIL-603587,ACC-2006,MES,BUY,7,5648.25,2026-08-20T17:16:08Z,ORD-900754,taker,4.90
FIL-603588,ACC-2013,MNQ,BUY,2,19812.25,2026-08-20T17:18:33Z,ORD-901718,taker,1.40
FIL-603589,ACC-2015,MNQ,SELL,5,19814.00,2026-08-20T17:28:29Z,ORD-902249,taker,3.50
FIL-603590,ACC-2041,MCL,SELL,4,74.07,2026-08-20T17:29:20Z,ORD-904050,taker,2.80
FIL-603591,ACC-2036,GC,BUY,4,2484.50,2026-08-20T17:29:24Z,ORD-903667,taker,8.40
FIL-603592,ACC-2038,GC,SELL,1,2483.90,2026-08-20T17:30:03Z,ORD-903823,taker,2.10
FIL-603593,ACC-2017,MES,BUY,5,5634.00,2026-08-20T17:30:25Z,ORD-902603,maker,3.50
FIL-603594,ACC-2013,MNQ,BUY,2,19812.50,2026-08-20T17:31:14Z,ORD-901719,maker,1.40
FIL-603595,ACC-2013,MNQ,BUY,2,19812.50,2026-08-20T17:31:18Z,ORD-901719,taker,1.40
FIL-603596,ACC-2016,MNQ,BUY,4,19812.50,2026-08-20T17:32:40Z,ORD-902465,taker,2.80
FIL-603597,ACC-2050,MNQ,SELL,2,19813.50,2026-08-20T17:32:40Z,ORD-904671,taker,1.40
FIL-603598,ACC-2034,GC,BUY,1,2484.00,2026-08-20T17:33:55Z,ORD-903502,taker,2.10
FIL-603599,ACC-2014,MNQ,SELL,5,19812.50,2026-08-20T17:34:05Z,ORD-902033,maker,3.50
FIL-603600,ACC-2038,GC,BUY,1,2483.90,2026-08-20T17:35:03Z,ORD-903824,taker,2.10
FIL-603601,ACC-2013,MNQ,SELL,4,19813.00,2026-08-20T17:42:14Z,ORD-901720,taker,2.80
FIL-603602,ACC-2017,MES,SELL,5,5631.50,2026-08-20T17:42:25Z,ORD-902604,taker,3.50
FIL-603603,ACC-2034,GC,SELL,1,2483.00,2026-08-20T17:43:55Z,ORD-903503,maker,2.10
FIL-603604,ACC-2016,MNQ,SELL,4,19812.00,2026-08-20T17:46:40Z,ORD-902466,taker,2.80
FIL-603605,ACC-2050,MNQ,BUY,2,19811.25,2026-08-20T17:46:40Z,ORD-904672,taker,1.40
FIL-603606,ACC-2041,MCL,BUY,4,74.12,2026-08-20T17:48:20Z,ORD-904051,taker,2.80
FIL-603607,ACC-2036,GC,SELL,4,2484.50,2026-08-20T17:51:24Z,ORD-903668,maker,8.40
FIL-603608,ACC-2013,MNQ,BUY,3,19812.75,2026-08-20T17:52:37Z,ORD-901721,taker,2.10
FIL-603609,ACC-2015,MNQ,BUY,5,19813.00,2026-08-20T17:54:29Z,ORD-902250,taker,3.50
FIL-603610,ACC-2013,MNQ,SELL,3,19813.75,2026-08-20T17:54:37Z,ORD-901722,maker,2.10
FIL-603611,ACC-2014,MNQ,BUY,5,19812.50,2026-08-20T17:56:05Z,ORD-902034,taker,3.50
FIL-603612,ACC-2002,MES,SELL,4,5633.75,2026-08-20T17:59:10Z,ORD-900225,taker,2.80
FIL-603613,ACC-2002,MES,SELL,5,5633.75,2026-08-20T17:59:11Z,ORD-900225,taker,3.50
FIL-603614,ACC-2002,MES,BUY,9,5635.00,2026-08-20T18:10:10Z,ORD-900226,taker,6.30
FIL-603615,ACC-2013,MNQ,SELL,2,19812.75,2026-08-20T18:16:29Z,ORD-901723,taker,1.40
FIL-603616,ACC-2013,MNQ,SELL,3,19812.75,2026-08-20T18:16:31Z,ORD-901723,maker,2.10
FIL-603617,ACC-2007,ES,BUY,4,5632.25,2026-08-20T18:20:09Z,ORD-900893,maker,8.40
FIL-603618,ACC-2007,ES,BUY,5,5632.25,2026-08-20T18:20:13Z,ORD-900893,taker,10.50
FIL-603619,ACC-2006,MES,BUY,3,5633.25,2026-08-20T18:20:43Z,ORD-900755,taker,2.10
FIL-603620,ACC-2006,MES,BUY,4,5633.25,2026-08-20T18:20:44Z,ORD-900755,taker,2.80
FIL-603621,ACC-2005,NQ,BUY,6,19812.00,2026-08-20T18:21:46Z,ORD-900617,taker,12.60
FIL-603622,ACC-2003,ES,BUY,9,5633.00,2026-08-20T18:23:37Z,ORD-900357,taker,18.90
FIL-603623,ACC-2007,ES,SELL,9,5631.50,2026-08-20T18:35:09Z,ORD-900894,maker,18.90
FIL-603624,ACC-2014,MNQ,BUY,3,19812.75,2026-08-20T18:37:02Z,ORD-902035,taker,2.10
FIL-603625,ACC-2003,ES,SELL,9,5633.00,2026-08-20T18:37:37Z,ORD-900358,taker,18.90
FIL-603626,ACC-2013,MNQ,BUY,5,19812.00,2026-08-20T18:38:29Z,ORD-901724,taker,3.50
FIL-603627,ACC-2014,MNQ,SELL,3,19813.00,2026-08-20T18:39:02Z,ORD-902036,taker,2.10
FIL-603628,ACC-2013,MNQ,SELL,4,19812.75,2026-08-20T18:39:41Z,ORD-901725,maker,2.80
FIL-603629,ACC-2015,MNQ,BUY,5,19812.00,2026-08-20T18:39:44Z,ORD-902251,maker,3.50
FIL-603630,ACC-2013,MNQ,BUY,4,19812.25,2026-08-20T18:42:41Z,ORD-901726,taker,2.80
FIL-603631,ACC-2005,NQ,SELL,6,19814.25,2026-08-20T18:43:46Z,ORD-900618,taker,12.60
FIL-603632,ACC-2006,MES,SELL,7,5612.00,2026-08-20T18:44:43Z,ORD-900756,taker,4.90
FIL-603633,ACC-2015,MNQ,SELL,5,19813.25,2026-08-20T18:44:44Z,ORD-902252,taker,3.50
FIL-603634,ACC-2016,MNQ,SELL,5,19813.75,2026-08-20T18:45:03Z,ORD-902467,maker,3.50
FIL-603635,ACC-2016,MNQ,BUY,5,19814.25,2026-08-20T18:55:03Z,ORD-902468,taker,3.50
FIL-603636,ACC-2013,MNQ,BUY,3,19813.00,2026-08-20T19:00:08Z,ORD-901727,maker,2.10
FIL-603637,ACC-2013,MNQ,SELL,3,19813.50,2026-08-20T19:21:08Z,ORD-901728,maker,2.10
FIL-603638,ACC-2013,MNQ,SELL,2,19812.25,2026-08-20T19:26:42Z,ORD-901729,taker,1.40
FIL-603639,ACC-2024,MNQ,SELL,5,19814.00,2026-08-20T19:46:05Z,ORD-902946,taker,3.50
FIL-603640,ACC-2037,MES,BUY,4,5632.25,2026-08-20T19:46:15Z,ORD-903753,taker,2.80
FIL-603641,ACC-2050,MNQ,SELL,3,19813.00,2026-08-20T19:46:21Z,ORD-904673,taker,2.10
FIL-603642,ACC-2016,MNQ,SELL,5,19814.00,2026-08-20T19:47:05Z,ORD-902469,taker,3.50
FIL-603643,ACC-2008,MNQ,SELL,3,19813.75,2026-08-20T19:47:07Z,ORD-900985,maker,2.10
FIL-603644,ACC-2030,6E,SELL,1,1.1023,2026-08-20T19:47:08Z,ORD-903196,taker,2.48
FIL-603645,ACC-2003,ES,BUY,4,5633.00,2026-08-20T19:47:20Z,ORD-900359,taker,8.40
FIL-603646,ACC-2035,6E,BUY,3,1.10245,2026-08-20T19:47:25Z,ORD-903581,taker,7.44
FIL-603647,ACC-2052,MCL,BUY,3,74.05,2026-08-20T19:47:40Z,ORD-904826,taker,2.10
FIL-603648,ACC-2021,MNQ,BUY,4,19812.75,2026-08-20T19:47:47Z,ORD-902788,taker,2.80
FIL-603649,ACC-2014,MNQ,BUY,3,19813.50,2026-08-20T19:47:50Z,ORD-902037,maker,2.10
FIL-603650,ACC-2001,NQ,SELL,7,19812.75,2026-08-20T19:47:54Z,ORD-900101,taker,14.70
FIL-603651,ACC-2015,MNQ,SELL,5,19814.00,2026-08-20T19:48:26Z,ORD-902253,taker,3.50
FIL-603652,ACC-2025,ES,BUY,6,5633.00,2026-08-20T19:48:29Z,ORD-903020,taker,12.60
FIL-603653,ACC-2031,6E,BUY,2,1.10255,2026-08-20T19:48:37Z,ORD-903286,taker,4.96
FIL-603654,ACC-2049,GC,BUY,1,2484.50,2026-08-20T19:48:37Z,ORD-904577,taker,2.10
FIL-603655,ACC-2045,MNQ,BUY,2,19813.75,2026-08-20T19:49:12Z,ORD-904333,taker,1.40
FIL-603656,ACC-2043,MES,SELL,1,5632.00,2026-08-20T19:49:20Z,ORD-904190,taker,0.70
FIL-603657,ACC-2051,MCL,BUY,3,74.07,2026-08-20T19:49:35Z,ORD-904758,taker,2.10
FIL-603658,ACC-2013,MNQ,BUY,2,19811.00,2026-08-20T19:49:42Z,ORD-901730,taker,1.40
FIL-603659,ACC-2011,MES,BUY,3,5632.25,2026-08-20T19:49:48Z,ORD-901193,taker,2.10
FIL-603660,ACC-2026,MCL,BUY,4,74.09,2026-08-20T19:50:00Z,ORD-903096,taker,2.80
FIL-603661,ACC-2017,MES,BUY,5,5632.25,2026-08-20T19:50:01Z,ORD-902605,taker,3.50
FIL-603662,ACC-2013,MNQ,BUY,4,19812.25,2026-08-20T19:50:02Z,ORD-901731,taker,2.80
FIL-603663,ACC-2012,MNQ,SELL,3,19813.75,2026-08-20T19:50:07Z,ORD-901279,taker,2.10
FIL-603664,ACC-2038,GC,SELL,1,2484.10,2026-08-20T19:50:07Z,ORD-903825,taker,2.10
FIL-603665,ACC-2033,MNQ,BUY,4,19813.75,2026-08-20T19:50:08Z,ORD-903428,maker,2.80
FIL-603666,ACC-2005,NQ,BUY,8,19813.75,2026-08-20T19:50:09Z,ORD-900619,taker,16.80
FIL-603667,ACC-2004,ES,BUY,7,5633.25,2026-08-20T19:50:15Z,ORD-900481,taker,14.70
FIL-603668,ACC-2023,MES,SELL,4,5633.25,2026-08-20T19:50:24Z,ORD-902870,taker,2.80
FIL-603669,ACC-2040,GC,BUY,4,2483.90,2026-08-20T19:50:27Z,ORD-903974,maker,8.40
FIL-603670,ACC-2009,MES,SELL,2,5633.25,2026-08-20T19:50:30Z,ORD-901055,maker,1.40
FIL-603671,ACC-2036,GC,SELL,2,2484.40,2026-08-20T19:50:35Z,ORD-903669,maker,4.20
FIL-603672,ACC-2036,GC,SELL,2,2484.40,2026-08-20T19:50:36Z,ORD-903669,maker,4.20
FIL-603673,ACC-2052,MCL,SELL,3,73.94,2026-08-20T19:50:40Z,ORD-904827,taker,2.10
FIL-603674,ACC-2032,MNQ,BUY,1,19814.00,2026-08-20T19:51:02Z,ORD-903368,taker,0.70
FIL-603675,ACC-2002,MES,BUY,5,5633.00,2026-08-20T19:51:14Z,ORD-900227,taker,3.50
FIL-603676,ACC-2002,MES,BUY,5,5633.00,2026-08-20T19:51:18Z,ORD-900227,taker,3.50
FIL-603677,ACC-2020,MES,BUY,2,5633.75,2026-08-20T19:51:51Z,ORD-902700,maker,1.40
FIL-603678,ACC-2018,MES,SELL,2,5633.50,2026-08-20T19:52:10Z,ORD-902692,taker,1.40
FIL-603679,ACC-2010,MNQ,SELL,1,19814.00,2026-08-20T19:52:12Z,ORD-901121,maker,0.70
FIL-603680,ACC-2006,MES,BUY,10,5633.00,2026-08-20T19:52:39Z,ORD-900757,taker,7.00
FIL-603681,ACC-2041,MCL,BUY,2,74.06,2026-08-20T19:52:59Z,ORD-904052,taker,1.40
FIL-603682,ACC-2012,MNQ,BUY,3,19809.50,2026-08-20T19:53:07Z,ORD-901280,taker,2.10
FIL-603683,ACC-2009,MES,BUY,2,5634.00,2026-08-20T19:53:30Z,ORD-901056,taker,1.40
FIL-603684,ACC-2039,GC,SELL,3,2483.80,2026-08-20T19:53:41Z,ORD-903891,taker,6.30
FIL-603685,ACC-2048,6E,BUY,3,1.10245,2026-08-20T19:53:52Z,ORD-904505,taker,7.44
FIL-603686,ACC-2044,MNQ,BUY,2,19812.50,2026-08-20T19:53:55Z,ORD-904264,taker,1.40
FIL-603687,ACC-2022,MNQ,SELL,2,19812.75,2026-08-20T19:54:37Z,ORD-902792,taker,1.40
FIL-603688,ACC-2046,MNQ,BUY,4,19813.75,2026-08-20T19:54:55Z,ORD-904431,taker,2.80
FIL-603689,ACC-2007,ES,BUY,5,5632.50,2026-08-20T19:55:44Z,ORD-900895,taker,10.50
FIL-603690,ACC-2034,GC,BUY,3,2484.40,2026-08-20T19:55:44Z,ORD-903504,taker,6.30
FIL-603691,ACC-2019,MES,SELL,3,5632.25,2026-08-20T19:55:52Z,ORD-902696,maker,2.10
FIL-603692,ACC-2042,MES,BUY,3,5633.25,2026-08-20T19:55:56Z,ORD-904114,taker,2.10
FIL-603693,ACC-2035,6E,SELL,3,1.10175,2026-08-20T19:56:25Z,ORD-903582,taker,7.44
FIL-603694,ACC-2001,NQ,BUY,7,19812.50,2026-08-20T19:56:54Z,ORD-900102,taker,14.70
FIL-603695,ACC-2032,MNQ,SELL,1,19805.25,2026-08-20T19:57:02Z,ORD-903369,maker,0.70
FIL-603696,ACC-2031,6E,SELL,2,1.10195,2026-08-20T19:57:37Z,ORD-903287,taker,4.96
FIL-603697,ACC-2008,MNQ,BUY,3,19824.50,2026-08-20T19:59:07Z,ORD-900986,maker,2.10
FIL-603698,ACC-2040,GC,SELL,2,2483.60,2026-08-20T20:00:27Z,ORD-903975,taker,4.20
FIL-603699,ACC-2040,GC,SELL,2,2483.60,2026-08-20T20:00:28Z,ORD-903975,taker,4.20
FIL-603700,ACC-2020,MES,SELL,2,5631.75,2026-08-20T20:00:51Z,ORD-902701,maker,1.40
FIL-603701,ACC-2018,MES,BUY,2,5628.25,2026-08-20T20:01:10Z,ORD-902693,maker,1.40
FIL-603702,ACC-2037,MES,SELL,4,5630.25,2026-08-20T20:01:15Z,ORD-903754,maker,2.80
FIL-603703,ACC-2039,GC,BUY,3,2483.80,2026-08-20T20:01:41Z,ORD-903892,taker,6.30
FIL-603704,ACC-2046,MNQ,SELL,4,19832.50,2026-08-20T20:01:55Z,ORD-904432,taker,2.80
FIL-603705,ACC-2030,6E,BUY,1,1.1,2026-08-20T20:02:08Z,ORD-903197,taker,2.48
FIL-603706,ACC-2051,MCL,SELL,3,73.64,2026-08-20T20:02:35Z,ORD-904759,taker,2.10
FIL-603707,ACC-2022,MNQ,BUY,2,19799.00,2026-08-20T20:02:37Z,ORD-902793,maker,1.40
FIL-603708,ACC-2014,MNQ,SELL,3,19814.25,2026-08-20T20:02:50Z,ORD-902038,taker,2.10
FIL-603709,ACC-2045,MNQ,SELL,2,19870.75,2026-08-20T20:04:12Z,ORD-904334,taker,1.40
FIL-603710,ACC-2036,GC,BUY,4,2484.40,2026-08-20T20:04:35Z,ORD-903670,taker,8.40
FIL-603711,ACC-2003,ES,SELL,4,5632.25,2026-08-20T20:05:20Z,ORD-900360,taker,8.40
FIL-603712,ACC-2015,MNQ,BUY,2,19813.75,2026-08-20T20:05:26Z,ORD-902254,maker,1.40
FIL-603713,ACC-2015,MNQ,BUY,3,19813.75,2026-08-20T20:05:30Z,ORD-902254,taker,2.10
FIL-603714,ACC-2011,MES,SELL,3,5632.75,2026-08-20T20:05:48Z,ORD-901194,taker,2.10
FIL-603715,ACC-2026,MCL,SELL,4,74.08,2026-08-20T20:06:00Z,ORD-903097,taker,2.80
FIL-603716,ACC-2007,ES,SELL,5,5631.00,2026-08-20T20:06:44Z,ORD-900896,taker,10.50
FIL-603717,ACC-2017,MES,SELL,5,5630.25,2026-08-20T20:07:01Z,ORD-902606,maker,3.50
FIL-603718,ACC-2024,MNQ,BUY,5,19807.00,2026-08-20T20:07:05Z,ORD-902947,taker,3.50
FIL-603719,ACC-2016,MNQ,BUY,5,19814.50,2026-08-20T20:08:05Z,ORD-902470,taker,3.50
FIL-603720,ACC-2048,6E,SELL,3,1.1031,2026-08-20T20:09:52Z,ORD-904506,maker,7.44
FIL-603721,ACC-2025,ES,SELL,6,5633.25,2026-08-20T20:10:29Z,ORD-903021,maker,12.60
FIL-603722,ACC-2034,GC,SELL,3,2484.00,2026-08-20T20:10:44Z,ORD-903505,maker,6.30
FIL-603723,ACC-2013,MNQ,SELL,4,19813.25,2026-08-20T20:11:02Z,ORD-901732,taker,2.80
FIL-603724,ACC-2038,GC,BUY,1,2484.30,2026-08-20T20:11:07Z,ORD-903826,taker,2.10
FIL-603725,ACC-2006,MES,SELL,10,5625.00,2026-08-20T20:12:39Z,ORD-900758,taker,7.00
FIL-603726,ACC-2033,MNQ,SELL,4,19826.50,2026-08-20T20:13:08Z,ORD-903429,taker,2.80
FIL-603727,ACC-2050,MNQ,BUY,3,19810.50,2026-08-20T20:13:21Z,ORD-904674,taker,2.10
FIL-603728,ACC-2044,MNQ,SELL,2,19803.75,2026-08-20T20:14:55Z,ORD-904265,maker,1.40
FIL-603729,ACC-2041,MCL,SELL,2,73.97,2026-08-20T20:14:59Z,ORD-904053,maker,1.40
FIL-603730,ACC-2002,MES,SELL,10,5631.50,2026-08-20T20:15:14Z,ORD-900228,taker,7.00
FIL-603731,ACC-2021,MNQ,SELL,4,19824.00,2026-08-20T20:15:47Z,ORD-902789,taker,2.80
FIL-603732,ACC-2043,MES,BUY,1,5645.50,2026-08-20T20:16:20Z,ORD-904191,taker,0.70
FIL-603733,ACC-2023,MES,BUY,4,5627.00,2026-08-20T20:16:24Z,ORD-902871,taker,2.80
FIL-603734,ACC-2049,GC,SELL,1,2485.20,2026-08-20T20:16:37Z,ORD-904578,taker,2.10
FIL-603735,ACC-2019,MES,BUY,3,5630.75,2026-08-20T20:16:52Z,ORD-902697,taker,2.10
FIL-603736,ACC-2005,NQ,SELL,8,19814.75,2026-08-20T20:17:09Z,ORD-900620,taker,16.80
FIL-603737,ACC-2004,ES,SELL,7,5633.75,2026-08-20T20:17:15Z,ORD-900482,taker,14.70
FIL-603738,ACC-2042,MES,SELL,3,5641.00,2026-08-20T20:18:56Z,ORD-904115,taker,2.10
FIL-603739,ACC-2010,MNQ,BUY,1,19799.50,2026-08-20T20:19:12Z,ORD-901122,taker,0.70
FIL-603740,ACC-2035,6E,BUY,3,1.1032,2026-08-21T10:34:27Z,ORD-903583,maker,7.44
FIL-603741,ACC-2014,MNQ,BUY,3,19823.25,2026-08-21T10:34:29Z,ORD-902039,taker,2.10
FIL-603742,ACC-2030,MES,SELL,1,5636.75,2026-08-21T10:34:36Z,ORD-903198,taker,0.70
FIL-603743,ACC-2052,MCL,BUY,2,74.12,2026-08-21T10:34:48Z,ORD-904828,maker,1.40
FIL-603744,ACC-2046,MES,BUY,4,5635.75,2026-08-21T10:35:21Z,ORD-904433,maker,2.80
FIL-603745,ACC-2003,MES,SELL,6,5635.50,2026-08-21T10:35:22Z,ORD-900361,maker,4.20
FIL-603746,ACC-2036,6E,BUY,2,1.10305,2026-08-21T10:35:36Z,ORD-903671,taker,4.96
FIL-603747,ACC-2006,NQ,SELL,2,19824.00,2026-08-21T10:35:56Z,ORD-900759,taker,4.20
FIL-603748,ACC-2006,NQ,SELL,3,19824.00,2026-08-21T10:35:57Z,ORD-900759,maker,6.30
FIL-603749,ACC-2004,NQ,SELL,5,19823.50,2026-08-21T10:35:59Z,ORD-900483,taker,10.50
FIL-603750,ACC-2034,MES,BUY,4,5636.75,2026-08-21T10:36:11Z,ORD-903506,taker,2.80
FIL-603751,ACC-2050,MNQ,SELL,1,19823.50,2026-08-21T10:36:24Z,ORD-904675,taker,0.70
FIL-603752,ACC-2031,GC,SELL,1,2485.30,2026-08-21T10:36:25Z,ORD-903288,taker,2.10
FIL-603753,ACC-2043,MES,SELL,2,5635.25,2026-08-21T10:36:59Z,ORD-904192,taker,1.40
FIL-603754,ACC-2003,MES,BUY,6,5638.25,2026-08-21T10:37:22Z,ORD-900362,taker,4.20
FIL-603755,ACC-2020,MES,BUY,3,5636.00,2026-08-21T10:37:33Z,ORD-902710,maker,2.10
FIL-603756,ACC-2036,6E,SELL,2,1.10315,2026-08-21T10:37:36Z,ORD-903672,taker,4.96
FIL-603757,ACC-2002,MES,BUY,5,5636.25,2026-08-21T10:37:37Z,ORD-900229,maker,3.50
FIL-603758,ACC-2052,MCL,SELL,2,74.34,2026-08-21T10:37:48Z,ORD-904829,maker,1.40
FIL-603759,ACC-2013,MNQ,BUY,3,19823.25,2026-08-21T10:37:58Z,ORD-901733,taker,2.10
FIL-603760,ACC-2040,GC,BUY,4,2485.40,2026-08-21T10:38:13Z,ORD-903976,maker,8.40
FIL-603761,ACC-2044,GC,BUY,3,2485.80,2026-08-21T10:38:25Z,ORD-904266,taker,6.30
FIL-603762,ACC-2033,MNQ,SELL,3,19823.00,2026-08-21T10:38:33Z,ORD-903430,taker,2.10
FIL-603763,ACC-2038,MNQ,BUY,4,19823.50,2026-08-21T10:38:41Z,ORD-903827,maker,2.80
FIL-603764,ACC-2024,MNQ,BUY,3,19823.00,2026-08-21T10:38:57Z,ORD-902948,taker,2.10
FIL-603765,ACC-2018,MES,SELL,2,5635.75,2026-08-21T10:39:04Z,ORD-902702,maker,1.40
FIL-603766,ACC-2008,MNQ,BUY,3,19823.25,2026-08-21T10:39:08Z,ORD-900987,maker,2.10
FIL-603767,ACC-2019,MES,BUY,2,5637.00,2026-08-21T10:39:13Z,ORD-902706,taker,1.40
FIL-603768,ACC-2025,ES,BUY,6,5636.25,2026-08-21T10:39:17Z,ORD-903022,taker,12.60
FIL-603769,ACC-2026,MCL,BUY,5,74.06,2026-08-21T10:39:35Z,ORD-903098,taker,3.50
FIL-603770,ACC-2023,MES,BUY,4,5636.75,2026-08-21T10:39:42Z,ORD-902872,taker,2.80
FIL-603771,ACC-2016,MNQ,BUY,2,19823.50,2026-08-21T10:40:04Z,ORD-902471,maker,1.40
FIL-603772,ACC-2016,MNQ,BUY,3,19823.50,2026-08-21T10:40:06Z,ORD-902471,taker,2.10
FIL-603773,ACC-2039,6E,BUY,1,1.103,2026-08-21T10:40:24Z,ORD-903893,taker,2.48
FIL-603774,ACC-2045,MNQ,SELL,4,19823.75,2026-08-21T10:40:24Z,ORD-904335,taker,2.80
FIL-603775,ACC-2001,NQ,BUY,4,19824.25,2026-08-21T10:40:48Z,ORD-900103,taker,8.40
FIL-603776,ACC-2041,MCL,SELL,1,74.07,2026-08-21T10:41:10Z,ORD-904054,taker,0.70
FIL-603777,ACC-2032,MNQ,BUY,1,19824.25,2026-08-21T10:41:29Z,ORD-903370,taker,0.70
FIL-603778,ACC-2017,MES,BUY,5,5636.50,2026-08-21T10:41:31Z,ORD-902607,maker,3.50
FIL-603779,ACC-2042,MES,BUY,3,5637.00,2026-08-21T10:41:33Z,ORD-904116,taker,2.10
FIL-603780,ACC-2005,MNQ,SELL,5,19824.00,2026-08-21T10:41:39Z,ORD-900621,taker,3.50
FIL-603781,ACC-2005,MNQ,SELL,5,19824.00,2026-08-21T10:41:42Z,ORD-900621,maker,3.50
FIL-603782,ACC-2022,MNQ,SELL,2,19823.25,2026-08-21T10:41:45Z,ORD-902798,maker,1.40
FIL-603783,ACC-2022,MNQ,SELL,2,19823.25,2026-08-21T10:41:47Z,ORD-902798,maker,1.40
FIL-603784,ACC-2019,MES,SELL,2,5626.75,2026-08-21T10:42:13Z,ORD-902707,maker,1.40
FIL-603785,ACC-2048,6E,BUY,1,1.1031,2026-08-21T10:42:18Z,ORD-904507,taker,2.48
FIL-603786,ACC-2009,MES,BUY,1,5636.50,2026-08-21T10:42:41Z,ORD-901057,maker,0.70
FIL-603787,ACC-2012,MNQ,SELL,1,19823.00,2026-08-21T10:42:42Z,ORD-901281,taker,0.70
FIL-603788,ACC-2023,MES,SELL,4,5622.25,2026-08-21T10:42:42Z,ORD-902873,taker,2.80
FIL-603789,ACC-2011,MES,SELL,1,5635.50,2026-08-21T10:42:44Z,ORD-901195,taker,0.70
FIL-603790,ACC-2007,NQ,BUY,9,19823.50,2026-08-21T10:42:48Z,ORD-900897,taker,18.90
FIL-603791,ACC-2010,MES,SELL,2,5635.75,2026-08-21T10:42:54Z,ORD-901123,maker,1.40
FIL-603792,ACC-2037,MES,BUY,2,5636.50,2026-08-21T10:42:58Z,ORD-903755,taker,1.40
FIL-603793,ACC-2037,MES,BUY,2,5636.50,2026-08-21T10:43:01Z,ORD-903755,maker,1.40
FIL-603794,ACC-2049,6E,SELL,2,1.103,2026-08-21T10:43:17Z,ORD-904579,maker,4.96
FIL-603795,ACC-2051,MCL,SELL,3,74.13,2026-08-21T10:43:24Z,ORD-904760,taker,2.10
FIL-603796,ACC-2015,MNQ,BUY,2,19824.00,2026-08-21T10:43:45Z,ORD-902255,maker,1.40
FIL-603797,ACC-2021,MNQ,BUY,3,19824.50,2026-08-21T10:43:58Z,ORD-902794,maker,2.10
FIL-603798,ACC-2018,MES,BUY,2,5633.75,2026-08-21T10:44:04Z,ORD-902703,taker,1.40
FIL-603799,ACC-2046,MES,SELL,4,5632.75,2026-08-21T10:45:21Z,ORD-904434,maker,2.80
FIL-603800,ACC-2030,MES,BUY,1,5644.50,2026-08-21T10:45:36Z,ORD-903199,taker,0.70
FIL-603801,ACC-2024,MNQ,SELL,3,19822.25,2026-08-21T10:45:57Z,ORD-902949,maker,2.10
FIL-603802,ACC-2032,MNQ,SELL,1,19883.50,2026-08-21T10:46:29Z,ORD-903371,taker,0.70
FIL-603803,ACC-2017,MES,SELL,5,5631.00,2026-08-21T10:46:31Z,ORD-902608,taker,3.50
FIL-603804,ACC-2025,ES,SELL,6,5635.00,2026-08-21T10:48:17Z,ORD-903023,maker,12.60
FIL-603805,ACC-2049,6E,BUY,2,1.10285,2026-08-21T10:50:17Z,ORD-904580,maker,4.96
FIL-603806,ACC-2040,GC,SELL,4,2484.70,2026-08-21T10:52:13Z,ORD-903977,taker,8.40
FIL-603807,ACC-2014,MNQ,SELL,3,19824.00,2026-08-21T10:52:29Z,ORD-902040,taker,2.10
FIL-603808,ACC-2002,MES,SELL,5,5600.50,2026-08-21T10:52:37Z,ORD-900230,taker,3.50
FIL-603809,ACC-2009,MES,SELL,1,5635.00,2026-08-21T10:53:41Z,ORD-901058,taker,0.70
FIL-603810,ACC-2022,MNQ,BUY,4,19810.00,2026-08-21T10:54:45Z,ORD-902799,maker,2.80
FIL-603811,ACC-2043,MES,BUY,2,5636.75,2026-08-21T10:55:59Z,ORD-904193,taker,1.40
FIL-603812,ACC-2048,6E,SELL,1,1.1023,2026-08-21T10:56:18Z,ORD-904508,taker,2.48
FIL-603813,ACC-2001,NQ,SELL,4,19827.00,2026-08-21T10:56:48Z,ORD-900104,maker,8.40
FIL-603814,ACC-2012,MNQ,BUY,1,19880.50,2026-08-21T10:57:42Z,ORD-901282,taker,0.70
FIL-603815,ACC-2013,MNQ,SELL,3,19824.25,2026-08-21T10:57:58Z,ORD-901734,taker,2.10
FIL-603816,ACC-2004,NQ,BUY,5,19821.75,2026-08-21T10:58:59Z,ORD-900484,taker,10.50
FIL-603817,ACC-2050,MNQ,BUY,1,19809.00,2026-08-21T10:59:24Z,ORD-904676,taker,0.70
FIL-603818,ACC-2044,GC,SELL,3,2485.60,2026-08-21T10:59:25Z,ORD-904267,maker,6.30
FIL-603819,ACC-2035,6E,SELL,3,1.10335,2026-08-21T10:59:27Z,ORD-903584,maker,7.44
FIL-603820,ACC-2026,MCL,SELL,5,73.38,2026-08-21T10:59:35Z,ORD-903099,taker,3.50
FIL-603821,ACC-2013,MNQ,BUY,2,19824.50,2026-08-21T10:59:56Z,ORD-901735,taker,1.40
FIL-603822,ACC-2016,MNQ,SELL,5,19823.75,2026-08-21T11:00:04Z,ORD-902472,maker,3.50
FIL-603823,ACC-2051,MCL,BUY,3,74.74,2026-08-21T11:00:24Z,ORD-904761,taker,2.10
FIL-603824,ACC-2031,GC,BUY,1,2485.40,2026-08-21T11:00:25Z,ORD-903289,taker,2.10
FIL-603825,ACC-2033,MNQ,BUY,3,19825.25,2026-08-21T11:00:33Z,ORD-903431,taker,2.10
FIL-603826,ACC-2008,MNQ,SELL,3,19824.50,2026-08-21T11:01:08Z,ORD-900988,taker,2.10
FIL-603827,ACC-2034,MES,SELL,4,5624.75,2026-08-21T11:02:11Z,ORD-903507,taker,2.80
FIL-603828,ACC-2020,MES,SELL,3,5631.50,2026-08-21T11:02:33Z,ORD-902711,taker,2.10
FIL-603829,ACC-2042,MES,SELL,3,5652.50,2026-08-21T11:03:33Z,ORD-904117,taker,2.10
FIL-603830,ACC-2005,MNQ,BUY,10,19827.00,2026-08-21T11:03:39Z,ORD-900622,maker,7.00
FIL-603831,ACC-2011,MES,BUY,1,5627.00,2026-08-21T11:03:44Z,ORD-901196,taker,0.70
FIL-603832,ACC-2006,NQ,BUY,5,19829.50,2026-08-21T11:03:56Z,ORD-900760,taker,10.50
FIL-603833,ACC-2010,MES,BUY,2,5637.50,2026-08-21T11:04:54Z,ORD-901124,taker,1.40
FIL-603834,ACC-2038,MNQ,SELL,4,19820.50,2026-08-21T11:05:41Z,ORD-903828,taker,2.80
FIL-603835,ACC-2039,6E,SELL,1,1.1021,2026-08-21T11:06:24Z,ORD-903894,taker,2.48
FIL-603836,ACC-2041,MCL,BUY,1,72.79,2026-08-21T11:07:10Z,ORD-904055,taker,0.70
FIL-603837,ACC-2045,MNQ,BUY,4,19818.50,2026-08-21T11:08:24Z,ORD-904336,taker,2.80
FIL-603838,ACC-2015,MNQ,SELL,2,19825.00,2026-08-21T11:08:45Z,ORD-902256,maker,1.40
FIL-603839,ACC-2007,NQ,SELL,9,19822.75,2026-08-21T11:09:48Z,ORD-900898,maker,18.90
FIL-603840,ACC-2037,MES,SELL,4,5632.25,2026-08-21T11:10:58Z,ORD-903756,maker,2.80
FIL-603841,ACC-2021,MNQ,SELL,3,19821.75,2026-08-21T11:11:58Z,ORD-902795,taker,2.10
FIL-603842,ACC-2013,MNQ,SELL,2,19826.75,2026-08-21T11:15:56Z,ORD-901736,taker,1.40
FIL-603843,ACC-2013,MNQ,BUY,3,19824.50,2026-08-21T11:31:43Z,ORD-901737,taker,2.10
FIL-603844,ACC-2013,MNQ,SELL,3,19826.00,2026-08-21T11:40:43Z,ORD-901738,taker,2.10
FIL-603845,ACC-2016,MNQ,BUY,2,19823.00,2026-08-21T11:43:24Z,ORD-902473,taker,1.40
FIL-603846,ACC-2015,MNQ,SELL,5,19824.75,2026-08-21T11:46:04Z,ORD-902257,taker,3.50
FIL-603847,ACC-2014,MNQ,BUY,2,19823.25,2026-08-21T11:47:48Z,ORD-902041,maker,1.40
FIL-603848,ACC-2013,MNQ,BUY,5,19824.00,2026-08-21T11:49:27Z,ORD-901739,taker,3.50
FIL-603849,ACC-2015,MNQ,BUY,5,19824.00,2026-08-21T11:53:04Z,ORD-902258,taker,3.50
FIL-603850,ACC-2013,MNQ,SELL,5,19825.00,2026-08-21T11:53:27Z,ORD-901740,maker,3.50
FIL-603851,ACC-2016,MNQ,SELL,2,19824.25,2026-08-21T12:09:24Z,ORD-902474,taker,1.40
FIL-603852,ACC-2004,NQ,BUY,7,19823.75,2026-08-21T12:15:32Z,ORD-900485,taker,14.70
FIL-603853,ACC-2014,MNQ,SELL,2,19824.00,2026-08-21T12:15:48Z,ORD-902042,taker,1.40
FIL-603854,ACC-2013,MNQ,SELL,5,19824.25,2026-08-21T12:18:19Z,ORD-901741,maker,3.50
FIL-603855,ACC-2002,MES,BUY,8,5636.00,2026-08-21T12:25:35Z,ORD-900231,taker,5.60
FIL-603856,ACC-2003,MES,SELL,10,5636.50,2026-08-21T12:27:42Z,ORD-900363,taker,7.00
FIL-603857,ACC-2001,NQ,BUY,9,19823.75,2026-08-21T12:32:45Z,ORD-900105,taker,18.90
FIL-603858,ACC-2013,MNQ,BUY,5,19823.25,2026-08-21T12:33:19Z,ORD-901742,taker,3.50
FIL-603859,ACC-2003,MES,BUY,10,5639.75,2026-08-21T12:36:42Z,ORD-900364,taker,7.00
FIL-603860,ACC-2004,NQ,SELL,7,19824.75,2026-08-21T12:39:32Z,ORD-900486,taker,14.70
FIL-603861,ACC-2013,MNQ,BUY,4,19823.50,2026-08-21T12:43:23Z,ORD-901743,taker,2.80
FIL-603862,ACC-2001,NQ,SELL,9,19825.00,2026-08-21T12:47:45Z,ORD-900106,taker,18.90
FIL-603863,ACC-2036,6E,SELL,3,1.1032,2026-08-21T12:52:25Z,ORD-903673,maker,7.44
FIL-603864,ACC-2002,MES,SELL,8,5616.00,2026-08-21T12:52:35Z,ORD-900232,taker,5.60
FIL-603865,ACC-2030,MES,SELL,4,5636.50,2026-08-21T12:53:10Z,ORD-903200,maker,2.80
FIL-603866,ACC-2005,MNQ,SELL,9,19823.50,2026-08-21T12:53:32Z,ORD-900623,taker,6.30
FIL-603867,ACC-2015,MNQ,SELL,5,19824.00,2026-08-21T12:53:39Z,ORD-902259,taker,3.50
FIL-603868,ACC-2036,6E,BUY,3,1.1031,2026-08-21T12:54:25Z,ORD-903674,maker,7.44
FIL-603869,ACC-2007,NQ,BUY,8,19824.25,2026-08-21T12:55:39Z,ORD-900899,taker,16.80
FIL-603870,ACC-2006,NQ,BUY,6,19824.00,2026-08-21T12:57:10Z,ORD-900761,taker,12.60
FIL-603871,ACC-2013,MNQ,SELL,4,19824.25,2026-08-21T12:57:23Z,ORD-901744,maker,2.80
FIL-603872,ACC-2045,MNQ,SELL,2,19822.75,2026-08-21T12:57:29Z,ORD-904337,maker,1.40
FIL-603873,ACC-2049,6E,BUY,2,1.103,2026-08-21T12:58:58Z,ORD-904581,taker,4.96
FIL-603874,ACC-2035,6E,BUY,2,1.10315,2026-08-21T12:59:19Z,ORD-903585,taker,4.96
FIL-603875,ACC-2016,MNQ,SELL,4,19823.75,2026-08-21T12:59:42Z,ORD-902475,taker,2.80
FIL-603876,ACC-2031,GC,SELL,4,2485.90,2026-08-21T12:59:56Z,ORD-903290,maker,8.40
FIL-603877,ACC-2006,NQ,SELL,6,19818.00,2026-08-21T13:00:10Z,ORD-900762,taker,12.60
FIL-603878,ACC-2050,MNQ,SELL,4,19823.50,2026-08-21T13:01:00Z,ORD-904677,taker,2.80
FIL-603879,ACC-2013,MNQ,SELL,3,19823.50,2026-08-21T13:01:02Z,ORD-901745,taker,2.10
FIL-603880,ACC-2014,MNQ,BUY,5,19823.00,2026-08-21T13:01:49Z,ORD-902043,taker,3.50
FIL-603881,ACC-2015,MNQ,BUY,5,19823.50,2026-08-21T13:03:39Z,ORD-902260,maker,3.50
FIL-603882,ACC-2005,MNQ,BUY,9,19830.25,2026-08-21T13:04:32Z,ORD-900624,maker,6.30
FIL-603883,ACC-2016,MNQ,BUY,4,19823.50,2026-08-21T13:04:42Z,ORD-902476,maker,2.80
FIL-603884,ACC-2030,MES,BUY,4,5637.50,2026-08-21T13:08:10Z,ORD-903201,maker,2.80
FIL-603885,ACC-2013,MNQ,BUY,3,19822.75,2026-08-21T13:09:02Z,ORD-901746,maker,2.10
FIL-603886,ACC-2031,GC,BUY,4,2485.90,2026-08-21T13:09:56Z,ORD-903291,maker,8.40
FIL-603887,ACC-2045,MNQ,BUY,2,19814.00,2026-08-21T13:11:29Z,ORD-904338,taker,1.40
FIL-603888,ACC-2050,MNQ,BUY,4,19819.50,2026-08-21T13:12:00Z,ORD-904678,taker,2.80
FIL-603889,ACC-2035,6E,SELL,2,1.10355,2026-08-21T13:16:19Z,ORD-903586,maker,4.96
FIL-603890,ACC-2049,6E,SELL,2,1.1032,2026-08-21T13:19:58Z,ORD-904582,taker,4.96
FIL-603891,ACC-2013,MNQ,SELL,5,19823.00,2026-08-21T13:23:02Z,ORD-901747,taker,3.50
FIL-603892,ACC-2007,NQ,SELL,8,19823.50,2026-08-21T13:23:39Z,ORD-900900,taker,16.80
FIL-603893,ACC-2014,MNQ,SELL,5,19823.50,2026-08-21T13:27:49Z,ORD-902044,taker,3.50
FIL-603894,ACC-2052,MCL,BUY,2,74.11,2026-08-21T13:42:48Z,ORD-904830,maker,1.40
FIL-603895,ACC-2004,NQ,BUY,7,19824.75,2026-08-21T13:43:50Z,ORD-900487,maker,14.70
FIL-603896,ACC-2013,MNQ,BUY,5,19822.25,2026-08-21T13:44:02Z,ORD-901748,maker,3.50
FIL-603897,ACC-2017,MES,BUY,7,5635.50,2026-08-21T13:45:20Z,ORD-902609,taker,4.90
FIL-603898,ACC-2010,MES,SELL,1,5635.25,2026-08-21T13:47:17Z,ORD-901125,taker,0.70
FIL-603899,ACC-2013,MNQ,BUY,5,19824.00,2026-08-21T13:47:58Z,ORD-901749,taker,3.50
FIL-603900,ACC-2039,6E,BUY,3,1.1029,2026-08-21T13:47:58Z,ORD-903895,maker,7.44
FIL-603901,ACC-2017,MES,SELL,7,5631.75,2026-08-21T13:49:20Z,ORD-902610,maker,4.90
FIL-603902,ACC-2010,MES,BUY,1,5638.75,2026-08-21T14:00:17Z,ORD-901126,taker,0.70
FIL-603903,ACC-2052,MCL,SELL,2,74.37,2026-08-21T14:01:48Z,ORD-904831,taker,1.40
FIL-603904,ACC-2014,MNQ,BUY,5,19823.50,2026-08-21T14:01:55Z,ORD-902045,taker,3.50
FIL-603905,ACC-2013,MNQ,SELL,5,19824.50,2026-08-21T14:03:58Z,ORD-901750,maker,3.50
FIL-603906,ACC-2015,MNQ,BUY,5,19824.50,2026-08-21T14:10:04Z,ORD-902261,maker,3.50
FIL-603907,ACC-2016,MNQ,BUY,3,19824.75,2026-08-21T14:10:47Z,ORD-902477,taker,2.10
FIL-603908,ACC-2004,NQ,SELL,7,19825.50,2026-08-21T14:11:50Z,ORD-900488,taker,14.70
FIL-603909,ACC-2039,6E,SELL,3,1.1027,2026-08-21T14:11:58Z,ORD-903896,maker,7.44
FIL-603910,ACC-2013,MNQ,BUY,2,19824.25,2026-08-21T14:14:39Z,ORD-901751,taker,1.40
FIL-603911,ACC-2003,MES,BUY,7,5637.00,2026-08-21T14:17:09Z,ORD-900365,maker,4.90
FIL-603912,ACC-2016,MNQ,SELL,3,19825.75,2026-08-21T14:21:47Z,ORD-902478,taker,2.10
FIL-603913,ACC-2002,MES,SELL,5,5636.50,2026-08-21T14:23:02Z,ORD-900233,taker,3.50
FIL-603914,ACC-2002,MES,SELL,5,5636.50,2026-08-21T14:23:03Z,ORD-900233,taker,3.50
FIL-603915,ACC-2001,NQ,BUY,5,19823.75,2026-08-21T14:23:39Z,ORD-900107,taker,10.50
FIL-603916,ACC-2003,MES,SELL,7,5632.75,2026-08-21T14:26:09Z,ORD-900366,taker,4.90
FIL-603917,ACC-2014,MNQ,SELL,5,19823.75,2026-08-21T14:26:55Z,ORD-902046,taker,3.50
FIL-603918,ACC-2015,MNQ,SELL,5,19825.25,2026-08-21T14:31:04Z,ORD-902262,maker,3.50
FIL-603919,ACC-2013,MNQ,SELL,4,19823.00,2026-08-21T14:36:08Z,ORD-901753,taker,2.80
FIL-603920,ACC-2013,MNQ,SELL,2,19826.75,2026-08-21T14:37:39Z,ORD-901752,taker,1.40
FIL-603921,ACC-2001,NQ,SELL,5,19826.00,2026-08-21T14:38:39Z,ORD-900108,taker,10.50
FIL-603922,ACC-2013,MNQ,BUY,4,19822.00,2026-08-21T14:40:08Z,ORD-901754,maker,2.80
FIL-603923,ACC-2002,MES,BUY,10,5656.25,2026-08-21T14:48:02Z,ORD-900234,taker,7.00
FIL-603924,ACC-2013,MNQ,BUY,3,19824.25,2026-08-21T15:03:21Z,ORD-901755,maker,2.10
FIL-603925,ACC-2007,NQ,SELL,10,19823.50,2026-08-21T15:10:29Z,ORD-900901,maker,21.00
FIL-603926,ACC-2030,MES,BUY,1,5636.75,2026-08-21T15:10:55Z,ORD-903202,taker,0.70
FIL-603927,ACC-2009,MES,SELL,1,5637.00,2026-08-21T15:11:07Z,ORD-901059,taker,0.70
FIL-603928,ACC-2026,MCL,SELL,3,74.12,2026-08-21T15:11:12Z,ORD-903100,taker,2.10
FIL-603929,ACC-2032,MNQ,SELL,2,19824.25,2026-08-21T15:12:01Z,ORD-903372,taker,1.40
FIL-603930,ACC-2023,MES,SELL,3,5636.50,2026-08-21T15:12:25Z,ORD-902874,maker,2.10
FIL-603931,ACC-2014,MNQ,SELL,5,19823.75,2026-08-21T15:12:45Z,ORD-902047,taker,3.50
FIL-603932,ACC-2031,GC,BUY,3,2485.90,2026-08-21T15:12:49Z,ORD-903292,taker,6.30
FIL-603933,ACC-2008,MNQ,BUY,1,19824.00,2026-08-21T15:12:55Z,ORD-900989,taker,0.70
FIL-603934,ACC-2037,MES,BUY,2,5635.50,2026-08-21T15:13:23Z,ORD-903757,taker,1.40
FIL-603935,ACC-2050,MNQ,SELL,3,19822.75,2026-08-21T15:13:55Z,ORD-904679,maker,2.10
FIL-603936,ACC-2045,MNQ,BUY,1,19823.25,2026-08-21T15:14:22Z,ORD-904339,maker,0.70
FIL-603937,ACC-2049,6E,BUY,1,1.1029,2026-08-21T15:14:41Z,ORD-904583,maker,2.48
FIL-603938,ACC-2036,6E,BUY,4,1.1032,2026-08-21T15:14:48Z,ORD-903675,maker,9.92
FIL-603939,ACC-2032,MNQ,BUY,2,19799.00,2026-08-21T15:15:01Z,ORD-903373,taker,1.40
FIL-603940,ACC-2042,MES,BUY,1,5637.00,2026-08-21T15:15:10Z,ORD-904118,taker,0.70
FIL-603941,ACC-2035,6E,BUY,2,1.1032,2026-08-21T15:15:53Z,ORD-903587,taker,4.96
FIL-603942,ACC-2037,MES,SELL,2,5616.50,2026-08-21T15:16:23Z,ORD-903758,taker,1.40
FIL-603943,ACC-2024,MNQ,SELL,3,19823.50,2026-08-21T15:16:52Z,ORD-902950,taker,2.10
FIL-603944,ACC-2050,MNQ,BUY,3,19817.00,2026-08-21T15:16:55Z,ORD-904680,taker,2.10
FIL-603945,ACC-2015,MNQ,BUY,4,19824.25,2026-08-21T15:17:15Z,ORD-902263,maker,2.80
FIL-603946,ACC-2004,NQ,SELL,10,19824.00,2026-08-21T15:17:37Z,ORD-900489,maker,21.00
FIL-603947,ACC-2048,6E,BUY,4,1.1032,2026-08-21T15:18:54Z,ORD-904509,taker,9.92
FIL-603948,ACC-2025,ES,BUY,7,5637.00,2026-08-21T15:19:05Z,ORD-903024,taker,14.70
FIL-603949,ACC-2006,NQ,BUY,5,19823.50,2026-08-21T15:19:12Z,ORD-900763,maker,10.50
FIL-603950,ACC-2005,MNQ,BUY,4,19824.50,2026-08-21T15:19:23Z,ORD-900625,maker,2.80
FIL-603951,ACC-2016,MNQ,BUY,4,19824.75,2026-08-21T15:19:53Z,ORD-902479,maker,2.80
FIL-603952,ACC-2031,GC,SELL,3,2485.80,2026-08-21T15:21:49Z,ORD-903293,taker,6.30
FIL-603953,ACC-2006,NQ,SELL,2,19816.00,2026-08-21T15:22:12Z,ORD-900764,taker,4.20
FIL-603954,ACC-2006,NQ,SELL,3,19816.00,2026-08-21T15:22:14Z,ORD-900764,taker,6.30
FIL-603955,ACC-2007,NQ,BUY,10,19823.75,2026-08-21T15:22:29Z,ORD-900902,taker,21.00
FIL-603956,ACC-2024,MNQ,BUY,3,19824.50,2026-08-21T15:23:52Z,ORD-902951,taker,2.10
FIL-603957,ACC-2013,MNQ,SELL,3,19825.75,2026-08-21T15:24:21Z,ORD-901756,taker,2.10
FIL-603958,ACC-2005,MNQ,SELL,4,19819.25,2026-08-21T15:24:23Z,ORD-900626,taker,2.80
FIL-603959,ACC-2026,MCL,BUY,3,75.06,2026-08-21T15:25:12Z,ORD-903101,maker,2.10
FIL-603960,ACC-2015,MNQ,SELL,2,19825.25,2026-08-21T15:25:15Z,ORD-902264,taker,1.40
FIL-603961,ACC-2015,MNQ,SELL,2,19825.25,2026-08-21T15:25:19Z,ORD-902264,maker,1.40
FIL-603962,ACC-2014,MNQ,BUY,5,19823.50,2026-08-21T15:25:45Z,ORD-902048,maker,3.50
FIL-603963,ACC-2013,MNQ,BUY,4,19824.50,2026-08-21T15:26:43Z,ORD-901757,maker,2.80
FIL-603964,ACC-2030,MES,SELL,1,5630.50,2026-08-21T15:26:55Z,ORD-903203,maker,0.70
FIL-603965,ACC-2004,NQ,BUY,10,19823.50,2026-08-21T15:27:37Z,ORD-900490,taker,21.00
FIL-603966,ACC-2045,MNQ,SELL,1,19845.50,2026-08-21T15:28:22Z,ORD-904340,taker,0.70
FIL-603967,ACC-2036,6E,SELL,4,1.1033,2026-08-21T15:29:48Z,ORD-903676,taker,9.92
FIL-603968,ACC-2009,MES,BUY,1,5639.00,2026-08-21T15:31:07Z,ORD-901060,maker,0.70
FIL-603969,ACC-2049,6E,SELL,1,1.10315,2026-08-21T15:31:41Z,ORD-904584,taker,2.48
FIL-603970,ACC-2023,MES,BUY,3,5650.00,2026-08-21T15:33:25Z,ORD-902875,maker,2.10
FIL-603971,ACC-2035,6E,SELL,2,1.1036,2026-08-21T15:34:53Z,ORD-903588,taker,4.96
FIL-603972,ACC-2025,ES,SELL,7,5636.25,2026-08-21T15:36:05Z,ORD-903025,taker,14.70
FIL-603973,ACC-2048,6E,SELL,2,1.10305,2026-08-21T15:38:54Z,ORD-904510,taker,4.96
FIL-603974,ACC-2048,6E,SELL,2,1.10305,2026-08-21T15:38:58Z,ORD-904510,maker,4.96
FIL-603975,ACC-2042,MES,SELL,1,5682.75,2026-08-21T15:39:10Z,ORD-904119,taker,0.70
FIL-603976,ACC-2008,MNQ,SELL,1,19825.50,2026-08-21T15:39:55Z,ORD-900990,maker,0.70
FIL-603977,ACC-2013,MNQ,SELL,4,19825.50,2026-08-21T15:44:43Z,ORD-901758,taker,2.80
FIL-603978,ACC-2016,MNQ,SELL,4,19825.25,2026-08-21T15:44:53Z,ORD-902480,maker,2.80
FIL-603979,ACC-2013,MNQ,SELL,5,19824.00,2026-08-21T15:49:03Z,ORD-901759,maker,3.50
FIL-603980,ACC-2001,NQ,BUY,3,19823.75,2026-08-21T16:06:46Z,ORD-900109,taker,6.30
FIL-603981,ACC-2001,NQ,BUY,4,19823.75,2026-08-21T16:06:48Z,ORD-900109,maker,8.40
FIL-603982,ACC-2002,MES,BUY,10,5636.25,2026-08-21T16:08:30Z,ORD-900235,taker,7.00
FIL-603983,ACC-2003,MES,SELL,6,5636.00,2026-08-21T16:09:09Z,ORD-900367,taker,4.20
FIL-603984,ACC-2001,NQ,SELL,3,19825.25,2026-08-21T16:11:46Z,ORD-900110,maker,6.30
FIL-603985,ACC-2001,NQ,SELL,4,19825.25,2026-08-21T16:11:49Z,ORD-900110,maker,8.40
FIL-603986,ACC-2002,MES,SELL,10,5616.00,2026-08-21T16:12:30Z,ORD-900236,taker,7.00
FIL-603987,ACC-2013,MNQ,BUY,5,19823.50,2026-08-21T16:17:03Z,ORD-901760,taker,3.50
FIL-603988,ACC-2013,MNQ,BUY,3,19824.25,2026-08-21T16:19:37Z,ORD-901761,taker,2.10
FIL-603989,ACC-2015,MNQ,SELL,3,19823.50,2026-08-21T16:22:01Z,ORD-902265,taker,2.10
FIL-603990,ACC-2015,MNQ,BUY,3,19822.00,2026-08-21T16:27:01Z,ORD-902266,taker,2.10
FIL-603991,ACC-2003,MES,BUY,6,5642.00,2026-08-21T16:27:09Z,ORD-900368,taker,4.20
FIL-603992,ACC-2014,MNQ,BUY,5,19824.00,2026-08-21T16:27:17Z,ORD-902049,taker,3.50
FIL-603993,ACC-2016,MNQ,BUY,3,19823.50,2026-08-21T16:27:26Z,ORD-902481,taker,2.10
FIL-603994,ACC-2016,MNQ,SELL,3,19824.00,2026-08-21T16:35:26Z,ORD-902482,maker,2.10
FIL-603995,ACC-2013,MNQ,BUY,2,19824.00,2026-08-21T16:37:43Z,ORD-901763,taker,1.40
FIL-603996,ACC-2013,MNQ,SELL,2,19826.75,2026-08-21T16:45:43Z,ORD-901764,taker,1.40
FIL-603997,ACC-2013,MNQ,SELL,3,19825.00,2026-08-21T16:46:37Z,ORD-901762,taker,2.10
FIL-603998,ACC-2017,MES,BUY,2,5635.75,2026-08-21T16:46:47Z,ORD-902611,taker,1.40
FIL-603999,ACC-2017,MES,BUY,3,5635.75,2026-08-21T16:46:49Z,ORD-902611,maker,2.10
FIL-604000,ACC-2052,MCL,SELL,1,74.08,2026-08-21T16:46:50Z,ORD-904832,taker,0.70
FIL-604001,ACC-2014,MNQ,SELL,5,19824.50,2026-08-21T16:47:17Z,ORD-902050,taker,3.50
FIL-604002,ACC-2039,6E,BUY,3,1.10295,2026-08-21T16:47:30Z,ORD-903897,taker,7.44
FIL-604003,ACC-2004,NQ,SELL,6,19823.00,2026-08-21T16:48:54Z,ORD-900491,maker,12.60
FIL-604004,ACC-2010,MES,BUY,1,5636.00,2026-08-21T16:51:09Z,ORD-901127,taker,0.70
FIL-604005,ACC-2017,MES,SELL,5,5630.75,2026-08-21T16:56:47Z,ORD-902612,maker,3.50
FIL-604006,ACC-2039,6E,SELL,3,1.1026,2026-08-21T16:58:30Z,ORD-903898,taker,7.44
FIL-604007,ACC-2013,MNQ,BUY,3,19823.25,2026-08-21T17:05:24Z,ORD-901765,taker,2.10
FIL-604008,ACC-2004,NQ,BUY,3,19821.50,2026-08-21T17:07:54Z,ORD-900492,taker,6.30
FIL-604009,ACC-2004,NQ,BUY,3,19821.50,2026-08-21T17:07:55Z,ORD-900492,taker,6.30
FIL-604010,ACC-2052,MCL,BUY,1,73.55,2026-08-21T17:09:50Z,ORD-904833,maker,0.70
FIL-604011,ACC-2010,MES,SELL,1,5632.75,2026-08-21T17:13:09Z,ORD-901128,taker,0.70
FIL-604012,ACC-2013,MNQ,SELL,3,19825.00,2026-08-21T17:23:24Z,ORD-901766,taker,2.10
FIL-604013,ACC-2013,MNQ,SELL,5,19823.25,2026-08-21T17:26:14Z,ORD-901767,taker,3.50
FIL-604014,ACC-2035,6E,SELL,1,1.10305,2026-08-21T17:28:05Z,ORD-903589,maker,2.48
FIL-604015,ACC-2005,MNQ,SELL,6,19824.00,2026-08-21T17:29:15Z,ORD-900627,maker,4.20
FIL-604016,ACC-2007,NQ,BUY,5,19823.50,2026-08-21T17:30:02Z,ORD-900903,taker,10.50
FIL-604017,ACC-2036,6E,BUY,4,1.1029,2026-08-21T17:31:07Z,ORD-903677,taker,9.92
FIL-604018,ACC-2031,GC,SELL,2,2485.80,2026-08-21T17:32:09Z,ORD-903294,taker,4.20
FIL-604019,ACC-2050,MNQ,BUY,3,19824.00,2026-08-21T17:32:21Z,ORD-904681,taker,2.10
FIL-604020,ACC-2035,6E,BUY,1,1.1027,2026-08-21T17:33:05Z,ORD-903590,maker,2.48
FIL-604021,ACC-2031,GC,BUY,2,2485.90,2026-08-21T17:34:09Z,ORD-903295,maker,4.20
FIL-604022,ACC-2006,NQ,SELL,2,19823.50,2026-08-21T17:34:38Z,ORD-900765,taker,4.20
FIL-604023,ACC-2006,NQ,SELL,3,19823.50,2026-08-21T17:34:42Z,ORD-900765,taker,6.30
FIL-604024,ACC-2030,MES,SELL,1,5635.25,2026-08-21T17:35:19Z,ORD-903204,taker,0.70
FIL-604025,ACC-2045,MNQ,BUY,4,19824.00,2026-08-21T17:36:28Z,ORD-904341,maker,2.80
FIL-604026,ACC-2014,MNQ,SELL,2,19823.00,2026-08-21T17:36:33Z,ORD-902051,taker,1.40
FIL-604027,ACC-2014,MNQ,SELL,3,19823.00,2026-08-21T17:36:34Z,ORD-902051,taker,2.10
FIL-604028,ACC-2049,6E,SELL,1,1.10295,2026-08-21T17:36:50Z,ORD-904585,taker,2.48
FIL-604029,ACC-2016,MNQ,SELL,2,19824.25,2026-08-21T17:37:06Z,ORD-902483,taker,1.40
FIL-604030,ACC-2015,MNQ,SELL,4,19823.75,2026-08-21T17:37:32Z,ORD-902267,taker,2.80
FIL-604031,ACC-2050,MNQ,SELL,3,19830.75,2026-08-21T17:39:21Z,ORD-904682,taker,2.10
FIL-604032,ACC-2049,6E,BUY,1,1.1026,2026-08-21T17:39:50Z,ORD-904586,taker,2.48
FIL-604033,ACC-2007,NQ,SELL,5,19822.50,2026-08-21T17:43:02Z,ORD-900904,taker,10.50
FIL-604034,ACC-2013,MNQ,BUY,5,19822.75,2026-08-21T17:43:14Z,ORD-901768,maker,3.50
FIL-604035,ACC-2005,MNQ,BUY,6,19829.25,2026-08-21T17:47:15Z,ORD-900628,taker,4.20
FIL-604036,ACC-2016,MNQ,BUY,2,19823.00,2026-08-21T17:48:06Z,ORD-902484,taker,1.40
FIL-604037,ACC-2036,6E,SELL,4,1.10305,2026-08-21T17:52:07Z,ORD-903678,maker,9.92
FIL-604038,ACC-2013,MNQ,SELL,2,19824.75,2026-08-21T17:52:41Z,ORD-901769,taker,1.40
FIL-604039,ACC-2013,MNQ,SELL,3,19824.75,2026-08-21T17:52:42Z,ORD-901769,maker,2.10
FIL-604040,ACC-2013,MNQ,BUY,5,19823.75,2026-08-21T17:54:41Z,ORD-901770,taker,3.50
FIL-604041,ACC-2006,NQ,BUY,5,19834.50,2026-08-21T18:01:38Z,ORD-900766,maker,10.50
FIL-604042,ACC-2002,MES,SELL,4,5636.75,2026-08-21T18:02:21Z,ORD-900237,taker,2.80
FIL-604043,ACC-2014,MNQ,BUY,5,19822.75,2026-08-21T18:02:33Z,ORD-902052,maker,3.50
FIL-604044,ACC-2001,NQ,BUY,4,19823.00,2026-08-21T18:02:53Z,ORD-900111,maker,8.40
FIL-604045,ACC-2003,MES,BUY,4,5636.25,2026-08-21T18:03:11Z,ORD-900369,taker,2.80
FIL-604046,ACC-2030,MES,BUY,1,5645.00,2026-08-21T18:03:19Z,ORD-903205,maker,0.70
FIL-604047,ACC-2045,MNQ,SELL,4,19826.00,2026-08-21T18:03:28Z,ORD-904342,maker,2.80
FIL-604048,ACC-2015,MNQ,BUY,4,19823.25,2026-08-21T18:03:32Z,ORD-902268,taker,2.80
FIL-604049,ACC-2001,NQ,SELL,4,19825.00,2026-08-21T18:04:53Z,ORD-900112,taker,8.40
FIL-604050,ACC-2013,MNQ,BUY,5,19823.50,2026-08-21T18:12:49Z,ORD-901771,taker,3.50
FIL-604051,ACC-2004,NQ,BUY,8,19824.00,2026-08-21T18:17:51Z,ORD-900493,maker,16.80
FIL-604052,ACC-2004,NQ,SELL,8,19824.75,2026-08-21T18:24:51Z,ORD-900494,taker,16.80
FIL-604053,ACC-2003,MES,SELL,4,5632.75,2026-08-21T18:29:11Z,ORD-900370,taker,2.80
FIL-604054,ACC-2002,MES,BUY,2,5668.00,2026-08-21T18:29:21Z,ORD-900238,taker,1.40
FIL-604055,ACC-2002,MES,BUY,2,5668.00,2026-08-21T18:29:22Z,ORD-900238,taker,1.40
FIL-604056,ACC-2013,MNQ,SELL,2,19824.25,2026-08-21T18:31:49Z,ORD-901772,taker,1.40
FIL-604057,ACC-2013,MNQ,SELL,3,19824.25,2026-08-21T18:31:50Z,ORD-901772,taker,2.10
FIL-604058,ACC-2013,MNQ,BUY,2,19823.25,2026-08-21T18:41:38Z,ORD-901773,taker,1.40
FIL-604059,ACC-2014,MNQ,SELL,4,19824.75,2026-08-21T18:42:44Z,ORD-902053,maker,2.80
FIL-604060,ACC-2015,MNQ,SELL,3,19824.75,2026-08-21T18:45:00Z,ORD-902269,taker,2.10
FIL-604061,ACC-2016,MNQ,BUY,4,19824.00,2026-08-21T18:46:33Z,ORD-902485,maker,2.80
FIL-604062,ACC-2013,MNQ,SELL,2,19825.25,2026-08-21T18:55:38Z,ORD-901774,maker,1.40
FIL-604063,ACC-2015,MNQ,BUY,3,19823.50,2026-08-21T18:59:00Z,ORD-902270,maker,2.10
FIL-604064,ACC-2014,MNQ,BUY,4,19824.25,2026-08-21T18:59:44Z,ORD-902054,maker,2.80
FIL-604065,ACC-2013,MNQ,BUY,2,19823.75,2026-08-21T19:07:51Z,ORD-901775,maker,1.40
FIL-604066,ACC-2013,MNQ,BUY,3,19823.75,2026-08-21T19:07:52Z,ORD-901775,taker,2.10
FIL-604067,ACC-2016,MNQ,SELL,4,19824.75,2026-08-21T19:11:33Z,ORD-902486,maker,2.80
FIL-604068,ACC-2013,MNQ,SELL,5,19824.50,2026-08-21T19:12:51Z,ORD-901776,taker,3.50
FIL-604069,ACC-2013,MNQ,BUY,3,19824.25,2026-08-21T19:31:56Z,ORD-901777,taker,2.10
FIL-604070,ACC-2048,6E,BUY,2,1.1029,2026-08-21T19:46:20Z,ORD-904511,taker,4.96
FIL-604071,ACC-2033,MNQ,BUY,2,19823.00,2026-08-21T19:46:21Z,ORD-903432,taker,1.40
FIL-604072,ACC-2004,NQ,BUY,5,19823.75,2026-08-21T19:46:46Z,ORD-900495,maker,10.50
FIL-604073,ACC-2011,MES,BUY,3,5636.25,2026-08-21T19:46:49Z,ORD-901197,taker,2.10
FIL-604074,ACC-2010,MES,BUY,1,5635.50,2026-08-21T19:46:52Z,ORD-901129,maker,0.70
FIL-604075,ACC-2024,MNQ,BUY,3,19824.50,2026-08-21T19:46:57Z,ORD-902952,maker,2.10
FIL-604076,ACC-2001,NQ,BUY,9,19823.50,2026-08-21T19:47:14Z,ORD-900113,taker,18.90
FIL-604077,ACC-2043,MES,BUY,1,5635.50,2026-08-21T19:47:31Z,ORD-904194,maker,0.70
FIL-604078,ACC-2022,MNQ,SELL,4,19823.50,2026-08-21T19:47:41Z,ORD-902800,taker,2.80
FIL-604079,ACC-2025,ES,BUY,12,5635.75,2026-08-21T19:47:45Z,ORD-903026,taker,25.20
FIL-604080,ACC-2041,MCL,SELL,2,74.12,2026-08-21T19:48:09Z,ORD-904056,taker,1.40
FIL-604081,ACC-2042,MES,BUY,4,5636.00,2026-08-21T19:48:09Z,ORD-904120,taker,2.80
FIL-604082,ACC-2044,GC,SELL,1,2485.60,2026-08-21T19:48:17Z,ORD-904268,taker,2.10
FIL-604083,ACC-2030,MES,SELL,3,5636.00,2026-08-21T19:48:41Z,ORD-903206,taker,2.10
FIL-604084,ACC-2008,MNQ,BUY,3,19824.00,2026-08-21T19:48:47Z,ORD-900991,maker,2.10
FIL-604085,ACC-2013,MNQ,SELL,3,19825.50,2026-08-21T19:48:56Z,ORD-901778,maker,2.10
FIL-604086,ACC-2038,MNQ,BUY,1,19823.25,2026-08-21T19:48:56Z,ORD-903829,taker,0.70
FIL-604087,ACC-2032,MNQ,SELL,2,19824.50,2026-08-21T19:49:24Z,ORD-903374,maker,1.40
FIL-604088,ACC-2023,MES,BUY,3,5635.75,2026-08-21T19:49:33Z,ORD-902876,maker,2.10
FIL-604089,ACC-2035,6E,BUY,3,1.1032,2026-08-21T19:49:37Z,ORD-903591,taker,7.44
FIL-604090,ACC-2022,MNQ,BUY,4,19815.25,2026-08-21T19:49:41Z,ORD-902801,maker,2.80
FIL-604091,ACC-2049,6E,BUY,2,1.103,2026-08-21T19:49:41Z,ORD-904587,maker,4.96
FIL-604092,ACC-2051,MCL,SELL,4,74.13,2026-08-21T19:50:03Z,ORD-904762,taker,2.80
FIL-604093,ACC-2044,GC,BUY,1,2486.20,2026-08-21T19:50:17Z,ORD-904269,taker,2.10
FIL-604094,ACC-2012,MNQ,BUY,2,19823.75,2026-08-21T19:50:18Z,ORD-901283,taker,1.40
FIL-604095,ACC-2009,MES,BUY,1,5635.50,2026-08-21T19:50:27Z,ORD-901061,maker,0.70
FIL-604096,ACC-2042,MES,SELL,4,5648.50,2026-08-21T19:51:09Z,ORD-904121,taker,2.80
FIL-604097,ACC-2019,MES,SELL,2,5636.75,2026-08-21T19:51:10Z,ORD-902708,taker,1.40
FIL-604098,ACC-2031,GC,BUY,4,2485.20,2026-08-21T19:51:14Z,ORD-903296,taker,8.40
FIL-604099,ACC-2005,MNQ,SELL,8,19824.50,2026-08-21T19:51:29Z,ORD-900629,taker,5.60
FIL-604100,ACC-2026,MCL,BUY,3,74.12,2026-08-21T19:51:40Z,ORD-903102,taker,2.10
FIL-604101,ACC-2039,6E,BUY,3,1.103,2026-08-21T19:51:57Z,ORD-903899,taker,7.44
FIL-604102,ACC-2007,NQ,SELL,9,19823.25,2026-08-21T19:52:08Z,ORD-900905,taker,18.90
FIL-604103,ACC-2006,NQ,SELL,9,19823.50,2026-08-21T19:52:15Z,ORD-900767,taker,18.90
FIL-604104,ACC-2018,MES,SELL,3,5636.00,2026-08-21T19:52:16Z,ORD-902704,taker,2.10
FIL-604105,ACC-2003,MES,SELL,9,5637.00,2026-08-21T19:52:41Z,ORD-900371,taker,6.30
FIL-604106,ACC-2037,MES,SELL,1,5635.75,2026-08-21T19:52:41Z,ORD-903759,taker,0.70
FIL-604107,ACC-2020,MES,BUY,2,5636.25,2026-08-21T19:52:55Z,ORD-902712,taker,1.40
FIL-604108,ACC-2045,MNQ,BUY,1,19823.25,2026-08-21T19:53:06Z,ORD-904343,maker,0.70
FIL-604109,ACC-2001,NQ,SELL,9,19824.00,2026-08-21T19:53:14Z,ORD-900114,taker,18.90
FIL-604110,ACC-2031,GC,SELL,4,2485.20,2026-08-21T19:53:14Z,ORD-903297,taker,8.40
FIL-604111,ACC-2014,MNQ,BUY,4,19823.75,2026-08-21T19:53:21Z,ORD-902055,taker,2.80
FIL-604112,ACC-2015,MNQ,BUY,2,19823.25,2026-08-21T19:53:29Z,ORD-902271,taker,1.40
FIL-604113,ACC-2050,MNQ,BUY,3,19823.75,2026-08-21T19:53:50Z,ORD-904683,taker,2.10
FIL-604114,ACC-2021,MNQ,BUY,2,19823.25,2026-08-21T19:54:01Z,ORD-902796,maker,1.40
FIL-604115,ACC-2036,6E,SELL,4,1.1031,2026-08-21T19:54:02Z,ORD-903679,taker,9.92
FIL-604116,ACC-2051,MCL,BUY,4,74.75,2026-08-21T19:54:03Z,ORD-904763,taker,2.80
FIL-604117,ACC-2033,MNQ,SELL,2,19819.25,2026-08-21T19:54:21Z,ORD-903433,maker,1.40
FIL-604118,ACC-2052,MCL,SELL,2,74.08,2026-08-21T19:54:34Z,ORD-904834,taker,1.40
FIL-604119,ACC-2013,MNQ,SELL,2,19823.00,2026-08-21T19:54:58Z,ORD-901779,maker,1.40
FIL-604120,ACC-2002,MES,SELL,6,5636.00,2026-08-21T19:55:01Z,ORD-900239,maker,4.20
FIL-604121,ACC-2034,MES,BUY,4,5636.25,2026-08-21T19:55:23Z,ORD-903508,taker,2.80
FIL-604122,ACC-2046,MES,SELL,2,5635.50,2026-08-21T19:55:27Z,ORD-904435,maker,1.40
FIL-604123,ACC-2046,MES,SELL,2,5635.50,2026-08-21T19:55:29Z,ORD-904435,taker,1.40
FIL-604124,ACC-2040,GC,SELL,4,2485.30,2026-08-21T19:55:31Z,ORD-903978,maker,8.40
FIL-604125,ACC-2030,MES,BUY,3,5637.75,2026-08-21T19:55:41Z,ORD-903207,taker,2.10
FIL-604126,ACC-2017,MES,SELL,7,5636.75,2026-08-21T19:55:46Z,ORD-902613,maker,4.90
FIL-604127,ACC-2010,MES,SELL,1,5630.75,2026-08-21T19:55:52Z,ORD-901130,maker,0.70
FIL-604128,ACC-2016,MNQ,BUY,5,19823.75,2026-08-21T19:55:59Z,ORD-902487,maker,3.50
FIL-604129,ACC-2026,MCL,SELL,3,73.18,2026-08-21T19:56:40Z,ORD-903103,taker,2.10
FIL-604130,ACC-2003,MES,BUY,9,5638.50,2026-08-21T19:57:41Z,ORD-900372,maker,6.30
FIL-604131,ACC-2005,MNQ,BUY,8,19829.25,2026-08-21T19:58:29Z,ORD-900630,taker,5.60
FIL-604132,ACC-2037,MES,BUY,1,5660.75,2026-08-21T19:58:41Z,ORD-903760,taker,0.70
FIL-604133,ACC-2016,MNQ,SELL,5,19824.25,2026-08-21T19:58:59Z,ORD-902488,taker,3.50
FIL-604134,ACC-2023,MES,SELL,3,5618.25,2026-08-21T19:59:33Z,ORD-902877,taker,2.10
FIL-604135,ACC-2045,MNQ,SELL,1,19840.25,2026-08-21T20:00:06Z,ORD-904344,maker,0.70
FIL-604136,ACC-2050,MNQ,SELL,3,19830.00,2026-08-21T20:00:50Z,ORD-904684,maker,2.10
FIL-604137,ACC-2024,MNQ,SELL,3,19823.25,2026-08-21T20:00:57Z,ORD-902953,taker,2.10
FIL-604138,ACC-2021,MNQ,SELL,2,19821.25,2026-08-21T20:01:01Z,ORD-902797,taker,1.40
FIL-604139,ACC-2041,MCL,BUY,2,73.59,2026-08-21T20:02:09Z,ORD-904057,taker,1.40
FIL-604140,ACC-2035,6E,SELL,3,1.10335,2026-08-21T20:02:37Z,ORD-903592,maker,7.44
FIL-604141,ACC-2036,6E,BUY,4,1.10295,2026-08-21T20:04:02Z,ORD-903680,maker,9.92
FIL-604142,ACC-2025,ES,SELL,12,5635.25,2026-08-21T20:04:45Z,ORD-903027,taker,25.20
FIL-604143,ACC-2006,NQ,BUY,9,19827.50,2026-08-21T20:06:15Z,ORD-900768,maker,18.90
FIL-604144,ACC-2014,MNQ,SELL,2,19824.25,2026-08-21T20:07:21Z,ORD-902056,taker,1.40
FIL-604145,ACC-2014,MNQ,SELL,2,19824.25,2026-08-21T20:07:23Z,ORD-902056,taker,1.40
FIL-604146,ACC-2008,MNQ,SELL,3,19825.00,2026-08-21T20:07:47Z,ORD-900992,maker,2.10
FIL-604147,ACC-2002,MES,BUY,6,5658.50,2026-08-21T20:08:01Z,ORD-900240,maker,4.20
FIL-604148,ACC-2048,6E,SELL,2,1.10255,2026-08-21T20:08:20Z,ORD-904512,taker,4.96
FIL-604149,ACC-2011,MES,SELL,3,5637.50,2026-08-21T20:08:49Z,ORD-901198,maker,2.10
FIL-604150,ACC-2040,GC,BUY,4,2485.70,2026-08-21T20:09:31Z,ORD-903979,taker,8.40
FIL-604151,ACC-2038,MNQ,SELL,1,19811.25,2026-08-21T20:09:56Z,ORD-903830,taker,0.70
FIL-604152,ACC-2015,MNQ,SELL,2,19825.00,2026-08-21T20:11:29Z,ORD-902272,taker,1.40
FIL-604153,ACC-2032,MNQ,BUY,2,19807.75,2026-08-21T20:12:24Z,ORD-903375,taker,1.40
FIL-604154,ACC-2009,MES,SELL,1,5633.75,2026-08-21T20:12:27Z,ORD-901062,maker,0.70
FIL-604155,ACC-2046,MES,BUY,4,5636.50,2026-08-21T20:12:27Z,ORD-904436,maker,2.80
FIL-604156,ACC-2004,NQ,SELL,5,19826.25,2026-08-21T20:12:46Z,ORD-900496,maker,10.50
FIL-604157,ACC-2007,NQ,BUY,9,19824.50,2026-08-21T20:13:08Z,ORD-900906,taker,18.90
FIL-604158,ACC-2012,MNQ,SELL,2,19773.50,2026-08-21T20:13:18Z,ORD-901284,maker,1.40
FIL-604159,ACC-2043,MES,SELL,1,5633.50,2026-08-21T20:13:31Z,ORD-904195,maker,0.70
FIL-604160,ACC-2013,MNQ,BUY,2,19820.75,2026-08-21T20:14:58Z,ORD-901780,maker,1.40
FIL-604161,ACC-2018,MES,BUY,3,5634.75,2026-08-21T20:15:16Z,ORD-902705,taker,2.10
FIL-604162,ACC-2039,6E,SELL,3,1.10275,2026-08-21T20:15:57Z,ORD-903900,taker,7.44
FIL-604163,ACC-2049,6E,SELL,2,1.1031,2026-08-21T20:16:41Z,ORD-904588,taker,4.96
FIL-604164,ACC-2017,MES,BUY,7,5640.25,2026-08-21T20:16:46Z,ORD-902614,taker,4.90
FIL-604165,ACC-2019,MES,BUY,2,5643.75,2026-08-21T20:19:10Z,ORD-902709,maker,1.40
FIL-604166,ACC-2020,MES,SELL,2,5623.25,2026-08-21T20:20:55Z,ORD-902713,taker,1.40
FIL-604167,ACC-2034,MES,SELL,2,5630.50,2026-08-21T20:21:23Z,ORD-903509,maker,1.40
FIL-604168,ACC-2034,MES,SELL,2,5630.50,2026-08-21T20:21:25Z,ORD-903509,maker,1.40
FIL-604169,ACC-2052,MCL,BUY,2,73.95,2026-08-21T20:21:34Z,ORD-904835,taker,1.40
FIL-604170,ACC-2046,MNQ,SELL,1,19835.00,2026-08-24T10:34:20Z,ORD-904437,taker,0.70
FIL-604171,ACC-2003,MES,BUY,9,5639.00,2026-08-24T10:34:32Z,ORD-900373,maker,6.30
FIL-604172,ACC-2015,MNQ,BUY,5,19834.25,2026-08-24T10:34:33Z,ORD-902273,taker,3.50
FIL-604173,ACC-2016,MNQ,BUY,3,19833.75,2026-08-24T10:34:38Z,ORD-902489,taker,2.10
FIL-604174,ACC-2011,MNQ,BUY,1,19834.50,2026-08-24T10:34:51Z,ORD-901199,taker,0.70
FIL-604175,ACC-2006,NQ,SELL,9,19834.75,2026-08-24T10:34:55Z,ORD-900769,taker,18.90
FIL-604176,ACC-2036,GC,BUY,4,2487.20,2026-08-24T10:35:19Z,ORD-903681,taker,8.40
FIL-604177,ACC-2029,MES,BUY,1,5639.00,2026-08-24T10:35:23Z,ORD-903126,maker,0.70
FIL-604178,ACC-2026,MCL,SELL,4,74.17,2026-08-24T10:35:33Z,ORD-903104,taker,2.80
FIL-604179,ACC-2004,ES,BUY,8,5639.50,2026-08-24T10:35:38Z,ORD-900497,maker,16.80
FIL-604180,ACC-2018,MES,SELL,2,5638.75,2026-08-24T10:35:46Z,ORD-902714,taker,1.40
FIL-604181,ACC-2042,MNQ,SELL,1,19834.50,2026-08-24T10:35:53Z,ORD-904122,maker,0.70
FIL-604182,ACC-2050,MNQ,BUY,2,19834.25,2026-08-24T10:35:54Z,ORD-904685,taker,1.40
FIL-604183,ACC-2033,MCL,BUY,1,74.11,2026-08-24T10:36:01Z,ORD-903434,taker,0.70
FIL-604184,ACC-2039,6E,SELL,2,1.1037,2026-08-24T10:36:04Z,ORD-903901,taker,4.96
FIL-604185,ACC-2035,6E,BUY,4,1.10365,2026-08-24T10:36:21Z,ORD-903593,maker,9.92
FIL-604186,ACC-2001,MES,SELL,3,5639.75,2026-08-24T10:36:30Z,ORD-900115,taker,2.10
FIL-604187,ACC-2001,MES,SELL,3,5639.75,2026-08-24T10:36:31Z,ORD-900115,taker,2.10
FIL-604188,ACC-2010,MNQ,SELL,1,19834.50,2026-08-24T10:36:32Z,ORD-901131,taker,0.70
FIL-604189,ACC-2012,MNQ,BUY,2,19834.25,2026-08-24T10:36:32Z,ORD-901285,taker,1.40
FIL-604190,ACC-2052,MCL,SELL,3,74.13,2026-08-24T10:37:24Z,ORD-904836,taker,2.10
FIL-604191,ACC-2003,MES,SELL,9,5638.00,2026-08-24T10:37:32Z,ORD-900374,taker,6.30
FIL-604192,ACC-2031,GC,SELL,4,2487.10,2026-08-24T10:37:35Z,ORD-903298,maker,8.40
FIL-604193,ACC-2007,MES,BUY,3,5639.00,2026-08-24T10:37:44Z,ORD-900907,taker,2.10
FIL-604194,ACC-2007,MES,BUY,4,5639.00,2026-08-24T10:37:48Z,ORD-900907,taker,2.80
FIL-604195,ACC-2032,MCL,SELL,2,74.14,2026-08-24T10:38:03Z,ORD-903376,maker,1.40
FIL-604196,ACC-2013,MNQ,BUY,3,19834.25,2026-08-24T10:38:28Z,ORD-901781,taker,2.10
FIL-604197,ACC-2010,MNQ,BUY,1,19909.50,2026-08-24T10:38:32Z,ORD-901132,maker,0.70
FIL-604198,ACC-2048,6E,BUY,1,1.1035,2026-08-24T10:38:53Z,ORD-904513,taker,2.48
FIL-604199,ACC-2040,GC,BUY,2,2487.00,2026-08-24T10:39:07Z,ORD-903980,taker,4.20
FIL-604200,ACC-2040,GC,BUY,2,2487.00,2026-08-24T10:39:08Z,ORD-903980,taker,4.20
FIL-604201,ACC-2049,GC,BUY,1,2486.60,2026-08-24T10:39:44Z,ORD-904589,taker,2.10
FIL-604202,ACC-2045,MCL,BUY,1,74.14,2026-08-24T10:39:52Z,ORD-904345,taker,0.70
FIL-604203,ACC-2044,GC,BUY,3,2487.10,2026-08-24T10:40:23Z,ORD-904270,taker,6.30
FIL-604204,ACC-2041,MES,SELL,4,5639.50,2026-08-24T10:40:24Z,ORD-904058,taker,2.80
FIL-604205,ACC-2015,MNQ,SELL,5,19835.00,2026-08-24T10:40:33Z,ORD-902274,maker,3.50
FIL-604206,ACC-2009,MES,BUY,3,5639.25,2026-08-24T10:40:54Z,ORD-901063,maker,2.10
FIL-604207,ACC-2014,MNQ,BUY,2,19834.50,2026-08-24T10:41:04Z,ORD-902057,taker,1.40
FIL-604208,ACC-2022,MNQ,BUY,3,19833.75,2026-08-24T10:41:28Z,ORD-902806,maker,2.10
FIL-604209,ACC-2012,MNQ,SELL,2,19827.25,2026-08-24T10:41:32Z,ORD-901286,taker,1.40
FIL-604210,ACC-2019,MES,BUY,2,5638.75,2026-08-24T10:41:33Z,ORD-902718,maker,1.40
FIL-604211,ACC-2005,MES,BUY,10,5638.75,2026-08-24T10:41:44Z,ORD-900631,maker,7.00
FIL-604212,ACC-2021,MNQ,SELL,3,19834.25,2026-08-24T10:41:45Z,ORD-902802,taker,2.10
FIL-604213,ACC-2037,6E,SELL,4,1.1038,2026-08-24T10:41:49Z,ORD-903761,taker,9.92
FIL-604214,ACC-2002,MNQ,BUY,5,19835.25,2026-08-24T10:41:52Z,ORD-900241,maker,3.50
FIL-604215,ACC-2017,MES,BUY,7,5639.25,2026-08-24T10:42:11Z,ORD-902615,taker,4.90
FIL-604216,ACC-2030,MES,SELL,2,5638.50,2026-08-24T10:42:14Z,ORD-903208,maker,1.40
FIL-604217,ACC-2051,MCL,SELL,1,74.12,2026-08-24T10:42:15Z,ORD-904764,taker,0.70
FIL-604218,ACC-2035,6E,SELL,4,1.10375,2026-08-24T10:42:21Z,ORD-903594,taker,9.92
FIL-604219,ACC-2044,GC,SELL,3,2487.00,2026-08-24T10:42:23Z,ORD-904271,maker,6.30
FIL-604220,ACC-2008,MES,BUY,3,5638.75,2026-08-24T10:42:42Z,ORD-900993,taker,2.10
FIL-604221,ACC-2020,MES,SELL,2,5640.00,2026-08-24T10:43:01Z,ORD-902722,taker,1.40
FIL-604222,ACC-2025,ES,BUY,12,5639.75,2026-08-24T10:43:07Z,ORD-903028,maker,25.20
FIL-604223,ACC-2038,MNQ,BUY,1,19834.75,2026-08-24T10:43:22Z,ORD-903831,taker,0.70
FIL-604224,ACC-2034,GC,SELL,2,2486.90,2026-08-24T10:43:23Z,ORD-903510,maker,4.20
FIL-604225,ACC-2023,MES,BUY,3,5638.75,2026-08-24T10:43:26Z,ORD-902878,maker,2.10
FIL-604226,ACC-2043,MES,SELL,2,5638.50,2026-08-24T10:43:33Z,ORD-904196,maker,1.40
FIL-604227,ACC-2024,MNQ,BUY,2,19835.50,2026-08-24T10:43:44Z,ORD-902954,maker,1.40
FIL-604228,ACC-2050,MNQ,SELL,2,19838.75,2026-08-24T10:43:54Z,ORD-904686,maker,1.40
FIL-604229,ACC-2021,MNQ,BUY,3,19839.25,2026-08-24T10:44:45Z,ORD-902803,taker,2.10
FIL-604230,ACC-2038,MNQ,SELL,1,19803.25,2026-08-24T10:45:22Z,ORD-903832,maker,0.70
FIL-604231,ACC-2024,MNQ,SELL,2,19828.50,2026-08-24T10:45:44Z,ORD-902955,taker,1.40
FIL-604232,ACC-2013,MNQ,SELL,3,19835.50,2026-08-24T10:46:28Z,ORD-901782,taker,2.10
FIL-604233,ACC-2032,MCL,BUY,2,74.40,2026-08-24T10:47:03Z,ORD-903377,taker,1.40
FIL-604234,ACC-2036,GC,SELL,4,2487.20,2026-08-24T10:47:19Z,ORD-903682,maker,8.40
FIL-604235,ACC-2019,MES,SELL,2,5641.25,2026-08-24T10:47:33Z,ORD-902719,taker,1.40
FIL-604236,ACC-2026,MCL,BUY,4,73.92,2026-08-24T10:47:33Z,ORD-903105,taker,2.80
FIL-604237,ACC-2008,MES,SELL,3,5639.00,2026-08-24T10:47:42Z,ORD-900994,taker,2.10
FIL-604238,ACC-2002,MNQ,SELL,5,19827.00,2026-08-24T10:47:52Z,ORD-900242,taker,3.50
FIL-604239,ACC-2033,MCL,SELL,1,79.29,2026-08-24T10:48:01Z,ORD-903435,maker,0.70
FIL-604240,ACC-2052,MCL,BUY,3,74.04,2026-08-24T10:49:24Z,ORD-904837,taker,2.10
FIL-604241,ACC-2031,GC,BUY,4,2486.50,2026-08-24T10:49:35Z,ORD-903299,maker,8.40
FIL-604242,ACC-2016,MNQ,SELL,3,19833.75,2026-08-24T10:49:38Z,ORD-902490,maker,2.10
FIL-604243,ACC-2039,6E,BUY,2,1.10365,2026-08-24T10:50:04Z,ORD-903902,taker,4.96
FIL-604244,ACC-2040,GC,SELL,4,2487.00,2026-08-24T10:50:07Z,ORD-903981,maker,8.40
FIL-604245,ACC-2022,MNQ,SELL,3,19838.50,2026-08-24T10:50:28Z,ORD-902807,taker,2.10
FIL-604246,ACC-2006,NQ,BUY,9,19833.75,2026-08-24T10:50:55Z,ORD-900770,taker,18.90
FIL-604247,ACC-2029,MES,SELL,1,5633.75,2026-08-24T10:52:23Z,ORD-903127,taker,0.70
FIL-604248,ACC-2041,MES,BUY,4,5642.50,2026-08-24T10:52:24Z,ORD-904059,taker,2.80
FIL-604249,ACC-2042,MNQ,BUY,1,19737.50,2026-08-24T10:52:53Z,ORD-904123,maker,0.70
FIL-604250,ACC-2009,MES,SELL,3,5637.25,2026-08-24T10:53:54Z,ORD-901064,maker,2.10
FIL-604251,ACC-2014,MNQ,SELL,2,19835.75,2026-08-24T10:55:04Z,ORD-902058,maker,1.40
FIL-604252,ACC-2004,ES,SELL,8,5640.75,2026-08-24T10:55:38Z,ORD-900498,taker,16.80
FIL-604253,ACC-2007,MES,SELL,7,5636.75,2026-08-24T10:55:44Z,ORD-900908,taker,4.90
FIL-604254,ACC-2049,GC,SELL,1,2486.20,2026-08-24T10:56:44Z,ORD-904590,taker,2.10
FIL-604255,ACC-2037,6E,BUY,4,1.1039,2026-08-24T10:56:49Z,ORD-903762,maker,9.92
FIL-604256,ACC-2051,MCL,BUY,1,74.50,2026-08-24T10:58:15Z,ORD-904765,taker,0.70
FIL-604257,ACC-2025,ES,SELL,12,5640.25,2026-08-24T10:59:07Z,ORD-903029,taker,25.20
FIL-604258,ACC-2034,GC,BUY,2,2487.00,2026-08-24T10:59:23Z,ORD-903511,taker,4.20
FIL-604259,ACC-2030,MES,BUY,2,5672.00,2026-08-24T11:00:14Z,ORD-903209,taker,1.40
FIL-604260,ACC-2046,MNQ,BUY,1,19836.75,2026-08-24T11:00:20Z,ORD-904438,taker,0.70
FIL-604261,ACC-2018,MES,BUY,2,5637.25,2026-08-24T11:01:46Z,ORD-902715,taker,1.40
FIL-604262,ACC-2011,MNQ,SELL,1,19809.00,2026-08-24T11:01:51Z,ORD-901200,maker,0.70
FIL-604263,ACC-2048,6E,SELL,1,1.10425,2026-08-24T11:01:53Z,ORD-904514,maker,2.48
FIL-604264,ACC-2017,MES,SELL,7,5626.00,2026-08-24T11:02:11Z,ORD-902616,maker,4.90
FIL-604265,ACC-2013,MNQ,BUY,2,19835.50,2026-08-24T11:03:29Z,ORD-901783,taker,1.40
FIL-604266,ACC-2001,MES,BUY,6,5641.50,2026-08-24T11:03:30Z,ORD-900116,taker,4.20
FIL-604267,ACC-2013,MNQ,BUY,2,19835.50,2026-08-24T11:03:33Z,ORD-901783,taker,1.40
FIL-604268,ACC-2023,MES,SELL,3,5639.75,2026-08-24T11:04:26Z,ORD-902879,taker,2.10
FIL-604269,ACC-2045,MCL,SELL,1,73.23,2026-08-24T11:05:52Z,ORD-904346,maker,0.70
FIL-604270,ACC-2005,MES,SELL,10,5652.00,2026-08-24T11:07:44Z,ORD-900632,maker,7.00
FIL-604271,ACC-2020,MES,BUY,2,5639.25,2026-08-24T11:09:01Z,ORD-902723,maker,1.40
FIL-604272,ACC-2013,MNQ,SELL,4,19836.50,2026-08-24T11:10:29Z,ORD-901784,taker,2.80
FIL-604273,ACC-2043,MES,BUY,2,5633.50,2026-08-24T11:11:33Z,ORD-904197,maker,1.40
FIL-604274,ACC-2013,MNQ,SELL,4,19835.00,2026-08-24T11:27:54Z,ORD-901785,taker,2.80
FIL-604275,ACC-2015,MNQ,SELL,2,19835.25,2026-08-24T11:45:16Z,ORD-902275,taker,1.40
FIL-604276,ACC-2013,MNQ,BUY,4,19834.25,2026-08-24T11:45:54Z,ORD-901786,taker,2.80
FIL-604277,ACC-2014,MNQ,BUY,5,19835.00,2026-08-24T11:48:19Z,ORD-902059,maker,3.50
FIL-604278,ACC-2016,MNQ,BUY,2,19834.75,2026-08-24T11:50:30Z,ORD-902491,taker,1.40
FIL-604279,ACC-2015,MNQ,BUY,2,19832.25,2026-08-24T11:51:16Z,ORD-902276,taker,1.40
FIL-604280,ACC-2013,MNQ,BUY,3,19834.50,2026-08-24T11:54:36Z,ORD-901787,maker,2.10
FIL-604281,ACC-2013,MNQ,SELL,3,19835.25,2026-08-24T11:58:36Z,ORD-901788,taker,2.10
FIL-604282,ACC-2006,NQ,SELL,5,19835.00,2026-08-24T12:06:03Z,ORD-900771,taker,10.50
FIL-604283,ACC-2005,MES,BUY,7,5640.00,2026-08-24T12:07:20Z,ORD-900633,maker,4.90
FIL-604284,ACC-2007,MES,BUY,5,5639.00,2026-08-24T12:09:39Z,ORD-900909,taker,3.50
FIL-604285,ACC-2014,MNQ,SELL,5,19835.50,2026-08-24T12:10:19Z,ORD-902060,taker,3.50
FIL-604286,ACC-2013,MNQ,BUY,3,19835.75,2026-08-24T12:11:50Z,ORD-901789,taker,2.10
FIL-604287,ACC-2007,MES,SELL,5,5635.00,2026-08-24T12:13:39Z,ORD-900910,taker,3.50
FIL-604288,ACC-2002,MNQ,SELL,2,19835.00,2026-08-24T12:13:49Z,ORD-900243,taker,1.40
FIL-604289,ACC-2002,MNQ,SELL,3,19835.00,2026-08-24T12:13:53Z,ORD-900243,taker,2.10
FIL-604290,ACC-2016,MNQ,SELL,2,19834.50,2026-08-24T12:16:30Z,ORD-902492,taker,1.40
FIL-604291,ACC-2013,MNQ,SELL,3,19837.00,2026-08-24T12:16:50Z,ORD-901790,taker,2.10
FIL-604292,ACC-2002,MNQ,BUY,2,19842.25,2026-08-24T12:18:49Z,ORD-900244,taker,1.40
FIL-604293,ACC-2002,MNQ,BUY,3,19842.25,2026-08-24T12:18:53Z,ORD-900244,taker,2.10
FIL-604294,ACC-2006,NQ,BUY,5,19833.50,2026-08-24T12:24:03Z,ORD-900772,maker,10.50
FIL-604295,ACC-2004,ES,SELL,10,5639.00,2026-08-24T12:27:59Z,ORD-900499,maker,21.00
FIL-604296,ACC-2001,MES,BUY,10,5639.25,2026-08-24T12:30:56Z,ORD-900117,taker,7.00
FIL-604297,ACC-2005,MES,SELL,7,5649.50,2026-08-24T12:31:20Z,ORD-900634,taker,4.90
FIL-604298,ACC-2001,MES,SELL,10,5638.75,2026-08-24T12:35:56Z,ORD-900118,taker,7.00
FIL-604299,ACC-2004,ES,BUY,10,5638.50,2026-08-24T12:38:59Z,ORD-900500,taker,21.00
FIL-604300,ACC-2013,MNQ,SELL,3,19834.75,2026-08-24T12:40:34Z,ORD-901791,maker,2.10
FIL-604301,ACC-2013,MNQ,BUY,3,19833.25,2026-08-24T12:42:34Z,ORD-901792,taker,2.10
FIL-604302,ACC-2045,MCL,BUY,1,74.14,2026-08-24T12:52:34Z,ORD-904347,maker,0.70
FIL-604303,ACC-2043,MES,BUY,3,5639.25,2026-08-24T12:52:57Z,ORD-904198,taker,2.10
FIL-604304,ACC-2016,MNQ,BUY,2,19834.25,2026-08-24T12:53:07Z,ORD-902493,taker,1.40
FIL-604305,ACC-2014,MNQ,BUY,2,19834.00,2026-08-24T12:54:00Z,ORD-902061,maker,1.40
FIL-604306,ACC-2014,MNQ,BUY,2,19834.00,2026-08-24T12:54:04Z,ORD-902061,taker,1.40
FIL-604307,ACC-2003,MES,BUY,4,5638.50,2026-08-24T12:54:08Z,ORD-900375,taker,2.80
FIL-604308,ACC-2043,MES,SELL,3,5642.50,2026-08-24T12:55:57Z,ORD-904199,taker,2.10
FIL-604309,ACC-2016,MNQ,SELL,2,19834.00,2026-08-24T12:56:07Z,ORD-902494,taker,1.40
FIL-604310,ACC-2015,MNQ,BUY,3,19834.00,2026-08-24T12:57:20Z,ORD-902277,taker,2.10
FIL-604311,ACC-2050,MNQ,BUY,1,19834.75,2026-08-24T12:57:36Z,ORD-904687,taker,0.70
FIL-604312,ACC-2038,MNQ,SELL,4,19834.25,2026-08-24T12:58:07Z,ORD-903833,taker,2.80
FIL-604313,ACC-2013,MNQ,BUY,5,19835.25,2026-08-24T12:58:55Z,ORD-901793,taker,3.50
FIL-604314,ACC-2050,MNQ,SELL,1,19842.75,2026-08-24T12:59:36Z,ORD-904688,maker,0.70
FIL-604315,ACC-2049,GC,BUY,4,2487.30,2026-08-24T12:59:46Z,ORD-904591,maker,8.40
FIL-604316,ACC-2052,MCL,BUY,4,74.16,2026-08-24T13:00:32Z,ORD-904838,taker,2.80
FIL-604317,ACC-2035,6E,BUY,2,1.1037,2026-08-24T13:00:39Z,ORD-903595,taker,4.96
FIL-604318,ACC-2034,GC,BUY,2,2487.10,2026-08-24T13:00:42Z,ORD-903512,taker,4.20
FIL-604319,ACC-2041,MES,BUY,1,5638.50,2026-08-24T13:01:10Z,ORD-904060,maker,0.70
FIL-604320,ACC-2052,MCL,SELL,4,74.28,2026-08-24T13:07:32Z,ORD-904839,taker,2.80
FIL-604321,ACC-2038,MNQ,BUY,4,19837.25,2026-08-24T13:08:07Z,ORD-903834,taker,2.80
FIL-604322,ACC-2003,MES,SELL,4,5636.75,2026-08-24T13:10:08Z,ORD-900376,taker,2.80
FIL-604323,ACC-2034,GC,SELL,2,2487.00,2026-08-24T13:10:42Z,ORD-903513,taker,4.20
FIL-604324,ACC-2045,MCL,SELL,1,72.72,2026-08-24T13:13:34Z,ORD-904348,maker,0.70
FIL-604325,ACC-2035,6E,SELL,2,1.10405,2026-08-24T13:13:39Z,ORD-903596,taker,4.96
FIL-604326,ACC-2049,GC,SELL,4,2487.20,2026-08-24T13:14:46Z,ORD-904592,maker,8.40
FIL-604327,ACC-2013,MNQ,SELL,5,19835.75,2026-08-24T13:14:55Z,ORD-901794,taker,3.50
FIL-604328,ACC-2041,MES,SELL,1,5617.00,2026-08-24T13:15:10Z,ORD-904061,taker,0.70
FIL-604329,ACC-2014,MNQ,SELL,4,19834.25,2026-08-24T13:19:00Z,ORD-902062,taker,2.80
FIL-604330,ACC-2015,MNQ,SELL,3,19835.75,2026-08-24T13:25:20Z,ORD-902278,taker,2.10
FIL-604331,ACC-2013,MNQ,BUY,5,19835.50,2026-08-24T13:27:22Z,ORD-901795,taker,3.50
FIL-604332,ACC-2013,MNQ,SELL,5,19836.50,2026-08-24T13:35:22Z,ORD-901796,taker,3.50
FIL-604333,ACC-2002,MNQ,SELL,5,19835.00,2026-08-24T13:38:00Z,ORD-900245,taker,3.50
FIL-604334,ACC-2012,MNQ,SELL,3,19835.50,2026-08-24T13:38:28Z,ORD-901287,maker,2.10
FIL-604335,ACC-2040,GC,SELL,3,2486.60,2026-08-24T13:38:39Z,ORD-903982,taker,6.30
FIL-604336,ACC-2002,MNQ,BUY,5,19845.00,2026-08-24T13:40:00Z,ORD-900246,maker,3.50
FIL-604337,ACC-2005,MES,BUY,7,5639.50,2026-08-24T13:40:00Z,ORD-900635,maker,4.90
FIL-604338,ACC-2037,6E,SELL,4,1.1036,2026-08-24T13:42:24Z,ORD-903763,taker,9.92
FIL-604339,ACC-2011,MNQ,BUY,3,19835.00,2026-08-24T13:42:38Z,ORD-901201,taker,2.10
FIL-604340,ACC-2008,MES,BUY,3,5638.75,2026-08-24T13:42:54Z,ORD-900995,taker,2.10
FIL-604341,ACC-2044,GC,SELL,2,2486.60,2026-08-24T13:43:00Z,ORD-904272,taker,4.20
FIL-604342,ACC-2007,MES,BUY,8,5638.25,2026-08-24T13:43:32Z,ORD-900911,taker,5.60
FIL-604343,ACC-2006,NQ,SELL,8,19835.00,2026-08-24T13:44:10Z,ORD-900773,taker,16.80
FIL-604344,ACC-2012,MNQ,BUY,3,19839.25,2026-08-24T13:44:28Z,ORD-901288,maker,2.10
FIL-604345,ACC-2039,6E,SELL,1,1.1038,2026-08-24T13:45:31Z,ORD-903903,taker,2.48
FIL-604346,ACC-2011,MNQ,SELL,3,19827.50,2026-08-24T13:47:38Z,ORD-901202,taker,2.10
FIL-604347,ACC-2051,MCL,BUY,3,74.11,2026-08-24T13:47:39Z,ORD-904766,taker,2.10
FIL-604348,ACC-2008,MES,SELL,3,5638.75,2026-08-24T13:47:54Z,ORD-900996,maker,2.10
FIL-604349,ACC-2044,GC,BUY,2,2486.70,2026-08-24T13:51:00Z,ORD-904273,taker,4.20
FIL-604350,ACC-2013,MNQ,BUY,2,19834.75,2026-08-24T13:54:06Z,ORD-901797,taker,1.40
FIL-604351,ACC-2005,MES,SELL,7,5647.50,2026-08-24T13:57:00Z,ORD-900636,maker,4.90
FIL-604352,ACC-2040,GC,BUY,3,2486.70,2026-08-24T13:58:39Z,ORD-903983,maker,6.30
FIL-604353,ACC-2039,6E,BUY,1,1.1036,2026-08-24T14:01:31Z,ORD-903904,maker,2.48
FIL-604354,ACC-2051,MCL,SELL,3,73.95,2026-08-24T14:01:39Z,ORD-904767,maker,2.10
FIL-604355,ACC-2014,MNQ,BUY,5,19835.50,2026-08-24T14:05:22Z,ORD-902063,taker,3.50
FIL-604356,ACC-2016,MNQ,SELL,4,19835.25,2026-08-24T14:05:25Z,ORD-902495,maker,2.80
FIL-604357,ACC-2013,MNQ,SELL,2,19837.00,2026-08-24T14:06:06Z,ORD-901798,taker,1.40
FIL-604358,ACC-2037,6E,BUY,4,1.10365,2026-08-24T14:06:24Z,ORD-903764,taker,9.92
FIL-604359,ACC-2007,MES,SELL,8,5635.25,2026-08-24T14:06:32Z,ORD-900912,taker,5.60
FIL-604360,ACC-2015,MNQ,BUY,3,19835.00,2026-08-24T14:08:57Z,ORD-902279,taker,2.10
FIL-604361,ACC-2006,NQ,BUY,8,19833.75,2026-08-24T14:12:10Z,ORD-900774,taker,16.80
FIL-604362,ACC-2013,MNQ,BUY,2,19835.00,2026-08-24T14:14:05Z,ORD-901799,taker,1.40
FIL-604363,ACC-2013,MNQ,BUY,3,19835.00,2026-08-24T14:14:09Z,ORD-901799,maker,2.10
FIL-604364,ACC-2004,ES,BUY,5,5639.00,2026-08-24T14:16:50Z,ORD-900501,taker,10.50
FIL-604365,ACC-2014,MNQ,SELL,5,19835.75,2026-08-24T14:21:22Z,ORD-902064,taker,3.50
FIL-604366,ACC-2016,MNQ,BUY,4,19835.25,2026-08-24T14:22:25Z,ORD-902496,maker,2.80
FIL-604367,ACC-2001,MES,SELL,9,5638.25,2026-08-24T14:24:16Z,ORD-900119,maker,6.30
FIL-604368,ACC-2001,MES,BUY,9,5638.75,2026-08-24T14:28:16Z,ORD-900120,taker,6.30
FIL-604369,ACC-2015,MNQ,SELL,3,19835.75,2026-08-24T14:28:57Z,ORD-902280,taker,2.10
FIL-604370,ACC-2013,MNQ,SELL,5,19835.75,2026-08-24T14:31:05Z,ORD-901800,taker,3.50
FIL-604371,ACC-2004,ES,SELL,5,5640.75,2026-08-24T14:37:50Z,ORD-900502,maker,10.50
FIL-604372,ACC-2013,MNQ,BUY,5,19834.00,2026-08-24T14:38:48Z,ORD-901801,taker,3.50
FIL-604373,ACC-2013,MNQ,SELL,5,19834.75,2026-08-24T14:48:48Z,ORD-901802,taker,3.50
FIL-604374,ACC-2013,MNQ,SELL,2,19835.50,2026-08-24T15:06:59Z,ORD-901803,taker,1.40
FIL-604375,ACC-2013,MNQ,SELL,2,19835.50,2026-08-24T15:07:03Z,ORD-901803,taker,1.40
FIL-604376,ACC-2034,GC,SELL,2,2487.10,2026-08-24T15:10:09Z,ORD-903514,taker,4.20
FIL-604377,ACC-2034,GC,SELL,2,2487.10,2026-08-24T15:10:13Z,ORD-903514,taker,4.20
FIL-604378,ACC-2016,MNQ,BUY,3,19835.50,2026-08-24T15:10:14Z,ORD-902497,taker,2.10
FIL-604379,ACC-2031,GC,BUY,3,2487.20,2026-08-24T15:10:34Z,ORD-903300,taker,6.30
FIL-604380,ACC-2036,GC,BUY,2,2486.90,2026-08-24T15:10:38Z,ORD-903683,maker,4.20
FIL-604381,ACC-2036,GC,BUY,2,2486.90,2026-08-24T15:10:42Z,ORD-903683,maker,4.20
FIL-604382,ACC-2025,ES,BUY,7,5639.00,2026-08-24T15:10:45Z,ORD-903030,taker,14.70
FIL-604383,ACC-2005,MES,SELL,5,5638.75,2026-08-24T15:10:47Z,ORD-900637,taker,3.50
FIL-604384,ACC-2026,MCL,SELL,4,74.13,2026-08-24T15:11:08Z,ORD-903106,taker,2.80
FIL-604385,ACC-2035,6E,BUY,3,1.1038,2026-08-24T15:11:10Z,ORD-903597,maker,7.44
FIL-604386,ACC-2030,MES,SELL,2,5639.25,2026-08-24T15:11:31Z,ORD-903210,taker,1.40
FIL-604387,ACC-2024,MNQ,BUY,2,19835.00,2026-08-24T15:11:53Z,ORD-902956,taker,1.40
FIL-604388,ACC-2049,GC,BUY,3,2487.20,2026-08-24T15:12:13Z,ORD-904593,taker,6.30
FIL-604389,ACC-2017,MES,BUY,7,5639.50,2026-08-24T15:12:40Z,ORD-902617,maker,4.90
FIL-604390,ACC-2038,MNQ,BUY,1,19834.00,2026-08-24T15:13:08Z,ORD-903835,maker,0.70
FIL-604391,ACC-2014,MNQ,BUY,4,19835.25,2026-08-24T15:13:18Z,ORD-902065,taker,2.80
FIL-604392,ACC-2031,GC,SELL,3,2487.70,2026-08-24T15:13:34Z,ORD-903301,taker,6.30
FIL-604393,ACC-2045,MCL,BUY,1,74.16,2026-08-24T15:14:06Z,ORD-904349,taker,0.70
FIL-604394,ACC-2023,MES,BUY,6,5640.00,2026-08-24T15:15:14Z,ORD-902880,taker,4.20
FIL-604395,ACC-2015,MNQ,SELL,2,19834.00,2026-08-24T15:15:23Z,ORD-902281,taker,1.40
FIL-604396,ACC-2036,GC,SELL,4,2486.90,2026-08-24T15:15:38Z,ORD-903684,taker,8.40
FIL-604397,ACC-2002,MNQ,BUY,10,19834.00,2026-08-24T15:15:45Z,ORD-900247,maker,7.00
FIL-604398,ACC-2041,MES,SELL,1,5638.25,2026-08-24T15:15:49Z,ORD-904062,maker,0.70
FIL-604399,ACC-2014,MNQ,SELL,4,19835.50,2026-08-24T15:16:18Z,ORD-902066,taker,2.80
FIL-604400,ACC-2042,MNQ,BUY,1,19834.75,2026-08-24T15:16:22Z,ORD-904124,maker,0.70
FIL-604401,ACC-2009,MES,BUY,3,5638.75,2026-08-24T15:16:25Z,ORD-901065,maker,2.10
FIL-604402,ACC-2006,NQ,SELL,2,19835.00,2026-08-24T15:16:34Z,ORD-900775,taker,4.20
FIL-604403,ACC-2032,MCL,SELL,2,74.14,2026-08-24T15:16:34Z,ORD-903378,maker,1.40
FIL-604404,ACC-2006,NQ,SELL,3,19835.00,2026-08-24T15:16:38Z,ORD-900775,maker,6.30
FIL-604405,ACC-2007,MES,SELL,5,5640.25,2026-08-24T15:17:07Z,ORD-900913,taker,3.50
FIL-604406,ACC-2003,MES,BUY,4,5639.75,2026-08-24T15:18:16Z,ORD-900377,maker,2.80
FIL-604407,ACC-2043,MES,SELL,1,5640.00,2026-08-24T15:19:06Z,ORD-904200,taker,0.70
FIL-604408,ACC-2050,MNQ,BUY,3,19834.25,2026-08-24T15:19:06Z,ORD-904689,taker,2.10
FIL-604409,ACC-2016,MNQ,SELL,3,19835.50,2026-08-24T15:19:14Z,ORD-902498,maker,2.10
FIL-604410,ACC-2054,MNQ,SELL,2,19835.25,2026-08-24T15:19:18Z,ORD-904876,maker,1.40
FIL-604411,ACC-2046,MNQ,SELL,3,19833.75,2026-08-24T15:19:19Z,ORD-904439,maker,2.10
FIL-604412,ACC-2052,MCL,SELL,3,74.14,2026-08-24T15:19:38Z,ORD-904840,maker,2.10
FIL-604413,ACC-2026,MCL,BUY,4,73.91,2026-08-24T15:20:08Z,ORD-903107,maker,2.80
FIL-604414,ACC-2041,MES,BUY,1,5653.50,2026-08-24T15:21:49Z,ORD-904063,maker,0.70
FIL-604415,ACC-2030,MES,BUY,2,5657.75,2026-08-24T15:22:31Z,ORD-903211,taker,1.40
FIL-604416,ACC-2050,MNQ,SELL,3,19840.00,2026-08-24T15:23:06Z,ORD-904690,maker,2.10
FIL-604417,ACC-2023,MES,SELL,6,5641.00,2026-08-24T15:23:14Z,ORD-902881,taker,4.20
FIL-604418,ACC-2005,MES,BUY,5,5625.25,2026-08-24T15:24:47Z,ORD-900638,taker,3.50
FIL-604419,ACC-2054,MNQ,BUY,2,19849.50,2026-08-24T15:25:18Z,ORD-904877,taker,1.40
FIL-604420,ACC-2006,NQ,BUY,5,19831.50,2026-08-24T15:25:34Z,ORD-900776,taker,10.50
FIL-604421,ACC-2024,MNQ,SELL,2,19830.75,2026-08-24T15:25:53Z,ORD-902957,maker,1.40
FIL-604422,ACC-2032,MCL,BUY,2,74.36,2026-08-24T15:26:34Z,ORD-903379,taker,1.40
FIL-604423,ACC-2017,MES,SELL,7,5626.25,2026-08-24T15:26:40Z,ORD-902618,taker,4.90
FIL-604424,ACC-2013,MNQ,SELL,4,19834.00,2026-08-24T15:26:57Z,ORD-901805,taker,2.80
FIL-604425,ACC-2045,MCL,SELL,1,73.30,2026-08-24T15:27:06Z,ORD-904350,maker,0.70
FIL-604426,ACC-2007,MES,BUY,5,5643.25,2026-08-24T15:28:07Z,ORD-900914,maker,3.50
FIL-604427,ACC-2034,GC,BUY,4,2487.10,2026-08-24T15:28:09Z,ORD-903515,taker,8.40
FIL-604428,ACC-2049,GC,SELL,3,2487.10,2026-08-24T15:30:13Z,ORD-904594,maker,6.30
FIL-604429,ACC-2046,MNQ,BUY,3,19834.00,2026-08-24T15:30:19Z,ORD-904440,taker,2.10
FIL-604430,ACC-2003,MES,SELL,4,5637.25,2026-08-24T15:31:16Z,ORD-900378,taker,2.80
FIL-604431,ACC-2042,MNQ,SELL,1,19903.00,2026-08-24T15:31:22Z,ORD-904125,taker,0.70
FIL-604432,ACC-2013,MNQ,BUY,4,19834.50,2026-08-24T15:33:59Z,ORD-901804,maker,2.80
FIL-604433,ACC-2035,6E,SELL,3,1.1041,2026-08-24T15:34:10Z,ORD-903598,taker,7.44
FIL-604434,ACC-2015,MNQ,BUY,2,19832.00,2026-08-24T15:36:23Z,ORD-902282,taker,1.40
FIL-604435,ACC-2025,ES,SELL,3,5639.75,2026-08-24T15:36:45Z,ORD-903031,maker,6.30
FIL-604436,ACC-2025,ES,SELL,4,5639.75,2026-08-24T15:36:49Z,ORD-903031,taker,8.40
FIL-604437,ACC-2009,MES,SELL,3,5637.25,2026-08-24T15:39:25Z,ORD-901066,maker,2.10
FIL-604438,ACC-2038,MNQ,SELL,1,19805.75,2026-08-24T15:40:08Z,ORD-903836,maker,0.70
FIL-604439,ACC-2013,MNQ,BUY,4,19833.00,2026-08-24T15:41:57Z,ORD-901806,taker,2.80
FIL-604440,ACC-2002,MNQ,SELL,10,19832.25,2026-08-24T15:43:45Z,ORD-900248,taker,7.00
FIL-604441,ACC-2043,MES,BUY,1,5634.25,2026-08-24T15:47:06Z,ORD-904201,taker,0.70
FIL-604442,ACC-2052,MCL,BUY,3,73.99,2026-08-24T15:47:38Z,ORD-904841,taker,2.10
FIL-604443,ACC-2013,MNQ,SELL,2,19834.00,2026-08-24T15:48:32Z,ORD-901807,maker,1.40
FIL-604444,ACC-2013,MNQ,SELL,2,19834.00,2026-08-24T15:48:35Z,ORD-901807,maker,1.40
FIL-604445,ACC-2013,MNQ,BUY,4,19833.50,2026-08-24T16:03:32Z,ORD-901808,taker,2.80
FIL-604446,ACC-2004,ES,BUY,9,5639.00,2026-08-24T16:12:58Z,ORD-900503,maker,18.90
FIL-604447,ACC-2001,MES,BUY,4,5638.50,2026-08-24T16:14:51Z,ORD-900121,taker,2.80
FIL-604448,ACC-2013,MNQ,BUY,5,19834.75,2026-08-24T16:16:18Z,ORD-901809,taker,3.50
FIL-604449,ACC-2015,MNQ,SELL,2,19834.50,2026-08-24T16:19:30Z,ORD-902283,taker,1.40
FIL-604450,ACC-2014,MNQ,BUY,2,19834.75,2026-08-24T16:20:03Z,ORD-902067,taker,1.40
FIL-604451,ACC-2014,MNQ,BUY,2,19834.75,2026-08-24T16:20:05Z,ORD-902067,maker,1.40
FIL-604452,ACC-2016,MNQ,BUY,2,19834.75,2026-08-24T16:22:09Z,ORD-902499,taker,1.40
FIL-604453,ACC-2014,MNQ,SELL,4,19835.25,2026-08-24T16:32:03Z,ORD-902068,maker,2.80
FIL-604454,ACC-2001,MES,SELL,4,5635.75,2026-08-24T16:36:51Z,ORD-900122,taker,2.80
FIL-604455,ACC-2013,MNQ,BUY,2,19835.00,2026-08-24T16:39:45Z,ORD-901811,maker,1.40
FIL-604456,ACC-2004,ES,SELL,9,5640.25,2026-08-24T16:39:58Z,ORD-900504,taker,18.90
FIL-604457,ACC-2013,MNQ,SELL,5,19835.50,2026-08-24T16:41:18Z,ORD-901810,taker,3.50
FIL-604458,ACC-2037,6E,BUY,2,1.10365,2026-08-24T16:43:04Z,ORD-903765,taker,4.96
FIL-604459,ACC-2015,MNQ,BUY,2,19833.50,2026-08-24T16:43:30Z,ORD-902284,maker,1.40
FIL-604460,ACC-2006,NQ,BUY,7,19834.00,2026-08-24T16:44:02Z,ORD-900777,maker,14.70
FIL-604461,ACC-2051,MCL,BUY,4,74.12,2026-08-24T16:44:06Z,ORD-904768,taker,2.80
FIL-604462,ACC-2008,MES,SELL,2,5639.25,2026-08-24T16:45:11Z,ORD-900997,maker,1.40
FIL-604463,ACC-2007,MES,BUY,9,5640.00,2026-08-24T16:45:25Z,ORD-900915,taker,6.30
FIL-604464,ACC-2016,MNQ,SELL,2,19834.50,2026-08-24T16:46:09Z,ORD-902500,taker,1.40
FIL-604465,ACC-2012,MNQ,BUY,3,19834.25,2026-08-24T16:46:22Z,ORD-901289,taker,2.10
FIL-604466,ACC-2039,6E,BUY,3,1.10365,2026-08-24T16:47:07Z,ORD-903905,taker,7.44
FIL-604467,ACC-2011,MNQ,BUY,3,19835.50,2026-08-24T16:47:15Z,ORD-901203,taker,2.10
FIL-604468,ACC-2002,MNQ,SELL,6,19834.00,2026-08-24T16:48:27Z,ORD-900249,taker,4.20
FIL-604469,ACC-2005,MES,BUY,6,5640.00,2026-08-24T16:48:48Z,ORD-900639,maker,4.20
FIL-604470,ACC-2040,GC,BUY,3,2487.30,2026-08-24T16:49:16Z,ORD-903984,maker,6.30
FIL-604471,ACC-2039,6E,SELL,3,1.1037,2026-08-24T16:50:07Z,ORD-903906,maker,7.44
FIL-604472,ACC-2044,GC,BUY,3,2486.60,2026-08-24T16:50:23Z,ORD-904274,taker,6.30
FIL-604473,ACC-2005,MES,SELL,6,5661.00,2026-08-24T16:52:48Z,ORD-900640,maker,4.20
FIL-604474,ACC-2037,6E,SELL,2,1.10355,2026-08-24T16:53:04Z,ORD-903766,maker,4.96
FIL-604475,ACC-2011,MNQ,SELL,3,19823.25,2026-08-24T16:53:15Z,ORD-901204,taker,2.10
FIL-604476,ACC-2006,NQ,SELL,7,19835.50,2026-08-24T16:58:02Z,ORD-900778,taker,14.70
FIL-604477,ACC-2051,MCL,SELL,4,74.00,2026-08-24T16:58:06Z,ORD-904769,maker,2.80
FIL-604478,ACC-2007,MES,SELL,4,5638.75,2026-08-24T16:59:25Z,ORD-900916,taker,2.80
FIL-604479,ACC-2007,MES,SELL,5,5638.75,2026-08-24T16:59:26Z,ORD-900916,taker,3.50
FIL-604480,ACC-2012,MNQ,SELL,3,19827.50,2026-08-24T17:02:22Z,ORD-901290,maker,2.10
FIL-604481,ACC-2002,MNQ,BUY,6,19841.25,2026-08-24T17:02:27Z,ORD-900250,maker,4.20
FIL-604482,ACC-2013,MNQ,BUY,4,19834.75,2026-08-24T17:06:12Z,ORD-901813,taker,2.80
FIL-604483,ACC-2008,MES,BUY,2,5639.00,2026-08-24T17:07:11Z,ORD-900998,taker,1.40
FIL-604484,ACC-2013,MNQ,SELL,2,19836.25,2026-08-24T17:07:45Z,ORD-901812,taker,1.40
FIL-604485,ACC-2044,GC,SELL,3,2486.50,2026-08-24T17:08:23Z,ORD-904275,taker,6.30
FIL-604486,ACC-2013,MNQ,SELL,4,19835.75,2026-08-24T17:14:12Z,ORD-901814,maker,2.80
FIL-604487,ACC-2040,GC,SELL,3,2487.20,2026-08-24T17:17:16Z,ORD-903985,maker,6.30
FIL-604488,ACC-2013,MNQ,SELL,5,19835.25,2026-08-24T17:22:50Z,ORD-901815,maker,3.50
FIL-604489,ACC-2035,6E,BUY,1,1.1038,2026-08-24T17:28:04Z,ORD-903599,taker,2.48
FIL-604490,ACC-2052,MCL,SELL,1,74.17,2026-08-24T17:28:15Z,ORD-904842,taker,0.70
FIL-604491,ACC-2049,GC,BUY,1,2487.10,2026-08-24T17:29:24Z,ORD-904595,maker,2.10
FIL-604492,ACC-2045,MCL,BUY,4,74.16,2026-08-24T17:29:56Z,ORD-904351,taker,2.80
FIL-604493,ACC-2034,GC,BUY,2,2487.10,2026-08-24T17:30:21Z,ORD-903516,taker,4.20
FIL-604494,ACC-2038,MNQ,BUY,4,19835.75,2026-08-24T17:32:20Z,ORD-903837,taker,2.80
FIL-604495,ACC-2050,MNQ,BUY,2,19835.50,2026-08-24T17:32:22Z,ORD-904691,maker,1.40
FIL-604496,ACC-2050,MNQ,BUY,2,19835.50,2026-08-24T17:32:24Z,ORD-904691,taker,1.40
FIL-604497,ACC-2016,MNQ,SELL,5,19834.00,2026-08-24T17:33:04Z,ORD-902501,taker,3.50
FIL-604498,ACC-2043,MES,BUY,1,5639.25,2026-08-24T17:34:31Z,ORD-904202,taker,0.70
FIL-604499,ACC-2014,MNQ,BUY,4,19834.50,2026-08-24T17:35:00Z,ORD-902069,taker,2.80
FIL-604500,ACC-2052,MCL,BUY,1,73.76,2026-08-24T17:35:15Z,ORD-904843,maker,0.70
FIL-604501,ACC-2003,MES,SELL,10,5639.00,2026-08-24T17:36:21Z,ORD-900379,maker,7.00
FIL-604502,ACC-2041,MES,BUY,2,5638.25,2026-08-24T17:36:27Z,ORD-904064,maker,1.40
FIL-604503,ACC-2041,MES,BUY,2,5638.25,2026-08-24T17:36:29Z,ORD-904064,taker,1.40
FIL-604504,ACC-2015,MNQ,SELL,2,19835.25,2026-08-24T17:36:54Z,ORD-902285,taker,1.40
FIL-604505,ACC-2035,6E,SELL,1,1.10445,2026-08-24T17:42:04Z,ORD-903600,maker,2.48
FIL-604506,ACC-2041,MES,SELL,4,5632.50,2026-08-24T17:42:27Z,ORD-904065,taker,2.80
FIL-604507,ACC-2014,MNQ,SELL,4,19835.00,2026-08-24T17:44:00Z,ORD-902070,maker,2.80
FIL-604508,ACC-2038,MNQ,SELL,4,19828.75,2026-08-24T17:45:20Z,ORD-903838,taker,2.80
FIL-604509,ACC-2003,MES,BUY,10,5639.75,2026-08-24T17:46:21Z,ORD-900380,maker,7.00
FIL-604510,ACC-2049,GC,SELL,1,2486.80,2026-08-24T17:46:24Z,ORD-904596,taker,2.10
FIL-604511,ACC-2013,MNQ,BUY,5,19834.50,2026-08-24T17:46:50Z,ORD-901816,maker,3.50
FIL-604512,ACC-2045,MCL,SELL,4,73.97,2026-08-24T17:47:56Z,ORD-904352,maker,2.80
FIL-604513,ACC-2016,MNQ,BUY,5,19834.00,2026-08-24T17:50:04Z,ORD-902502,maker,3.50
FIL-604514,ACC-2050,MNQ,SELL,4,19838.50,2026-08-24T17:51:22Z,ORD-904692,taker,2.80
FIL-604515,ACC-2013,MNQ,BUY,2,19834.00,2026-08-24T17:55:54Z,ORD-901817,maker,1.40
FIL-604516,ACC-2034,GC,SELL,2,2487.10,2026-08-24T17:57:21Z,ORD-903517,taker,4.20
FIL-604517,ACC-2043,MES,SELL,1,5648.00,2026-08-24T18:00:31Z,ORD-904203,maker,0.70
FIL-604518,ACC-2015,MNQ,BUY,2,19833.00,2026-08-24T18:02:54Z,ORD-902286,taker,1.40
FIL-604519,ACC-2004,ES,BUY,6,5638.75,2026-08-24T18:03:04Z,ORD-900505,taker,12.60
FIL-604520,ACC-2013,MNQ,SELL,2,19836.00,2026-08-24T18:03:54Z,ORD-901818,taker,1.40
FIL-604521,ACC-2001,MES,SELL,8,5640.00,2026-08-24T18:04:29Z,ORD-900123,taker,5.60
FIL-604522,ACC-2004,ES,SELL,6,5639.75,2026-08-24T18:05:04Z,ORD-900506,taker,12.60
FIL-604523,ACC-2006,NQ,SELL,5,19834.25,2026-08-24T18:15:29Z,ORD-900779,maker,10.50
FIL-604524,ACC-2013,MNQ,BUY,2,19835.50,2026-08-24T18:15:50Z,ORD-901819,maker,1.40
FIL-604525,ACC-2005,MES,SELL,2,5639.50,2026-08-24T18:16:18Z,ORD-900641,maker,1.40
FIL-604526,ACC-2005,MES,SELL,2,5639.50,2026-08-24T18:16:22Z,ORD-900641,maker,1.40
FIL-604527,ACC-2005,MES,BUY,4,5626.00,2026-08-24T18:18:18Z,ORD-900642,taker,2.80
FIL-604528,ACC-2002,MNQ,BUY,8,19834.75,2026-08-24T18:20:13Z,ORD-900251,taker,5.60
FIL-604529,ACC-2007,MES,BUY,10,5638.50,2026-08-24T18:21:20Z,ORD-900917,taker,7.00
FIL-604530,ACC-2006,NQ,BUY,5,19830.75,2026-08-24T18:25:29Z,ORD-900780,taker,10.50
FIL-604531,ACC-2002,MNQ,SELL,8,19828.00,2026-08-24T18:26:13Z,ORD-900252,taker,5.60
FIL-604532,ACC-2001,MES,BUY,8,5640.75,2026-08-24T18:26:29Z,ORD-900124,taker,5.60
FIL-604533,ACC-2013,MNQ,SELL,2,19837.75,2026-08-24T18:32:50Z,ORD-901820,maker,1.40
FIL-604534,ACC-2016,MNQ,SELL,5,19834.25,2026-08-24T18:39:34Z,ORD-902503,maker,3.50
FIL-604535,ACC-2007,MES,SELL,10,5636.00,2026-08-24T18:40:20Z,ORD-900918,maker,7.00
FIL-604536,ACC-2013,MNQ,BUY,3,19833.75,2026-08-24T18:42:17Z,ORD-901821,taker,2.10
FIL-604537,ACC-2014,MNQ,BUY,2,19834.50,2026-08-24T18:44:11Z,ORD-902071,taker,1.40
FIL-604538,ACC-2015,MNQ,BUY,2,19835.25,2026-08-24T18:45:43Z,ORD-902287,taker,1.40
FIL-604539,ACC-2013,MNQ,SELL,3,19834.75,2026-08-24T18:46:17Z,ORD-901822,taker,2.10
FIL-604540,ACC-2014,MNQ,SELL,2,19835.50,2026-08-24T18:53:11Z,ORD-902072,maker,1.40
FIL-604541,ACC-2015,MNQ,SELL,2,19837.75,2026-08-24T18:55:43Z,ORD-902288,maker,1.40
FIL-604542,ACC-2013,MNQ,SELL,3,19834.75,2026-08-24T18:59:07Z,ORD-901823,taker,2.10
FIL-604543,ACC-2016,MNQ,BUY,5,19834.25,2026-08-24T19:04:34Z,ORD-902504,maker,3.50
FIL-604544,ACC-2013,MNQ,BUY,3,19833.75,2026-08-24T19:15:07Z,ORD-901824,taker,2.10
FIL-604545,ACC-2013,MNQ,BUY,5,19835.50,2026-08-24T19:31:35Z,ORD-901825,taker,3.50
FIL-604546,ACC-2034,GC,SELL,4,2487.20,2026-08-24T19:46:17Z,ORD-903518,taker,8.40
FIL-604547,ACC-2049,GC,BUY,2,2487.10,2026-08-24T19:46:27Z,ORD-904597,maker,4.20
FIL-604548,ACC-2049,GC,BUY,2,2487.10,2026-08-24T19:46:30Z,ORD-904597,taker,4.20
FIL-604549,ACC-2030,MES,SELL,4,5639.75,2026-08-24T19:46:47Z,ORD-903212,taker,2.80
FIL-604550,ACC-2045,MCL,SELL,2,74.11,2026-08-24T19:46:53Z,ORD-904353,maker,1.40
FIL-604551,ACC-2046,MNQ,BUY,4,19833.75,2026-08-24T19:47:27Z,ORD-904441,maker,2.80
FIL-604552,ACC-2051,MCL,BUY,1,74.16,2026-08-24T19:47:27Z,ORD-904770,taker,0.70
FIL-604553,ACC-2050,MNQ,BUY,1,19835.25,2026-08-24T19:47:28Z,ORD-904693,maker,0.70
FIL-604554,ACC-2020,MES,BUY,2,5639.25,2026-08-24T19:47:36Z,ORD-902724,taker,1.40
FIL-604555,ACC-2031,GC,BUY,2,2487.10,2026-08-24T19:47:49Z,ORD-903302,taker,4.20
FIL-604556,ACC-2035,6E,BUY,2,1.1035,2026-08-24T19:47:54Z,ORD-903601,taker,4.96
FIL-604557,ACC-2024,MNQ,SELL,5,19835.00,2026-08-24T19:47:55Z,ORD-902958,taker,3.50
FIL-604558,ACC-2002,MNQ,SELL,9,19834.50,2026-08-24T19:48:37Z,ORD-900253,taker,6.30
FIL-604559,ACC-2001,MES,SELL,4,5638.50,2026-08-24T19:49:13Z,ORD-900125,taker,2.80
FIL-604560,ACC-2040,GC,SELL,4,2487.00,2026-08-24T19:49:13Z,ORD-903986,maker,8.40
FIL-604561,ACC-2026,MCL,BUY,2,74.12,2026-08-24T19:49:15Z,ORD-903108,taker,1.40
FIL-604562,ACC-2001,MES,SELL,5,5638.50,2026-08-24T19:49:17Z,ORD-900125,maker,3.50
FIL-604563,ACC-2016,MNQ,BUY,3,19834.00,2026-08-24T19:49:32Z,ORD-902505,maker,2.10
FIL-604564,ACC-2013,MNQ,SELL,2,19836.00,2026-08-24T19:49:35Z,ORD-901826,taker,1.40
FIL-604565,ACC-2013,MNQ,SELL,3,19836.00,2026-08-24T19:49:36Z,ORD-901826,taker,2.10
FIL-604566,ACC-2011,MNQ,SELL,2,19835.25,2026-08-24T19:49:39Z,ORD-901205,taker,1.40
FIL-604567,ACC-2006,NQ,SELL,10,19835.25,2026-08-24T19:49:56Z,ORD-900781,taker,21.00
FIL-604568,ACC-2039,6E,BUY,1,1.1038,2026-08-24T19:50:08Z,ORD-903907,taker,2.48
FIL-604569,ACC-2009,MES,BUY,2,5639.50,2026-08-24T19:50:10Z,ORD-901067,maker,1.40
FIL-604570,ACC-2048,6E,BUY,2,1.10385,2026-08-24T19:50:12Z,ORD-904515,taker,4.96
FIL-604571,ACC-2029,MES,BUY,2,5638.75,2026-08-24T19:50:41Z,ORD-903128,taker,1.40
FIL-604572,ACC-2032,MCL,BUY,2,74.16,2026-08-24T19:50:53Z,ORD-903380,taker,1.40
FIL-604573,ACC-2037,6E,SELL,4,1.1038,2026-08-24T19:51:02Z,ORD-903767,taker,9.92
FIL-604574,ACC-2038,MNQ,SELL,1,19835.00,2026-08-24T19:51:05Z,ORD-903839,taker,0.70
FIL-604575,ACC-2010,MNQ,BUY,2,19834.50,2026-08-24T19:51:12Z,ORD-901133,taker,1.40
FIL-604576,ACC-2007,MES,SELL,6,5639.25,2026-08-24T19:51:36Z,ORD-900919,taker,4.20
FIL-604577,ACC-2025,ES,BUY,6,5638.25,2026-08-24T19:52:20Z,ORD-903032,taker,12.60
FIL-604578,ACC-2042,MNQ,BUY,1,19834.75,2026-08-24T19:52:26Z,ORD-904126,taker,0.70
FIL-604579,ACC-2016,MNQ,SELL,3,19833.25,2026-08-24T19:52:32Z,ORD-902506,taker,2.10
FIL-604580,ACC-2036,GC,BUY,4,2486.90,2026-08-24T19:52:38Z,ORD-903685,maker,8.40
FIL-604581,ACC-2004,ES,BUY,6,5639.50,2026-08-24T19:52:42Z,ORD-900507,taker,12.60
FIL-604582,ACC-2006,NQ,BUY,10,19834.00,2026-08-24T19:52:56Z,ORD-900782,maker,21.00
FIL-604583,ACC-2044,GC,BUY,4,2486.80,2026-08-24T19:53:06Z,ORD-904276,taker,8.40
FIL-604584,ACC-2017,MES,BUY,6,5640.00,2026-08-24T19:53:18Z,ORD-902619,taker,4.20
FIL-604585,ACC-2022,MNQ,SELL,4,19834.75,2026-08-24T19:53:31Z,ORD-902808,taker,2.80
FIL-604586,ACC-2033,MCL,BUY,2,74.16,2026-08-24T19:53:38Z,ORD-903436,taker,1.40
FIL-604587,ACC-2041,MES,BUY,1,5639.00,2026-08-24T19:53:46Z,ORD-904066,maker,0.70
FIL-604588,ACC-2008,MES,BUY,3,5638.25,2026-08-24T19:54:11Z,ORD-900999,taker,2.10
FIL-604589,ACC-2018,MES,SELL,3,5639.50,2026-08-24T19:54:12Z,ORD-902716,taker,2.10
FIL-604590,ACC-2026,MCL,SELL,2,74.79,2026-08-24T19:54:15Z,ORD-903109,taker,1.40
FIL-604591,ACC-2023,MES,BUY,5,5638.75,2026-08-24T19:54:16Z,ORD-902882,taker,3.50
FIL-604592,ACC-2043,MES,BUY,2,5638.50,2026-08-24T19:54:26Z,ORD-904204,maker,1.40
FIL-604593,ACC-2021,MNQ,SELL,2,19835.00,2026-08-24T19:54:49Z,ORD-902804,taker,1.40
FIL-604594,ACC-2024,MNQ,BUY,5,19837.00,2026-08-24T19:54:55Z,ORD-902959,taker,3.50
FIL-604595,ACC-2012,MNQ,BUY,2,19833.75,2026-08-24T19:55:08Z,ORD-901291,taker,1.40
FIL-604596,ACC-2013,MNQ,BUY,3,19834.75,2026-08-24T19:55:09Z,ORD-901827,taker,2.10
FIL-604597,ACC-2015,MNQ,SELL,2,19835.00,2026-08-24T19:55:10Z,ORD-902289,taker,1.40
FIL-604598,ACC-2003,MES,BUY,9,5639.25,2026-08-24T19:55:29Z,ORD-900381,maker,6.30
FIL-604599,ACC-2052,MCL,BUY,3,74.15,2026-08-24T19:55:29Z,ORD-904844,taker,2.10
FIL-604600,ACC-2014,MNQ,BUY,2,19834.00,2026-08-24T19:55:31Z,ORD-902073,maker,1.40
FIL-604601,ACC-2005,MES,SELL,8,5639.00,2026-08-24T19:55:33Z,ORD-900643,taker,5.60
FIL-604602,ACC-2019,MES,BUY,2,5638.75,2026-08-24T19:55:35Z,ORD-902720,maker,1.40
FIL-604603,ACC-2004,ES,SELL,6,5640.50,2026-08-24T19:55:42Z,ORD-900508,taker,12.60
FIL-604604,ACC-2031,GC,SELL,2,2488.30,2026-08-24T19:55:49Z,ORD-903303,taker,4.20
FIL-604605,ACC-2048,6E,SELL,2,1.1041,2026-08-24T19:56:12Z,ORD-904516,maker,4.96
FIL-604606,ACC-2042,MNQ,SELL,1,19964.25,2026-08-24T19:56:26Z,ORD-904127,maker,0.70
FIL-604607,ACC-2043,MES,SELL,2,5642.75,2026-08-24T19:56:26Z,ORD-904205,taker,1.40
FIL-604608,ACC-2001,MES,BUY,9,5639.50,2026-08-24T19:57:13Z,ORD-900126,taker,6.30
FIL-604609,ACC-2052,MCL,SELL,3,74.24,2026-08-24T19:58:29Z,ORD-904845,taker,2.10
FIL-604610,ACC-2045,MCL,BUY,2,74.52,2026-08-24T19:58:53Z,ORD-904354,maker,1.40
FIL-604611,ACC-2009,MES,SELL,2,5638.00,2026-08-24T19:59:10Z,ORD-901068,taker,1.40
FIL-604612,ACC-2010,MNQ,SELL,2,19796.50,2026-08-24T19:59:12Z,ORD-901134,taker,1.40
FIL-604613,ACC-2017,MES,SELL,6,5629.25,2026-08-24T19:59:18Z,ORD-902620,taker,4.20
FIL-604614,ACC-2007,MES,BUY,6,5643.50,2026-08-24T19:59:36Z,ORD-900920,taker,4.20
FIL-604615,ACC-2005,MES,BUY,8,5628.25,2026-08-24T20:01:33Z,ORD-900644,maker,5.60
FIL-604616,ACC-2018,MES,BUY,3,5637.75,2026-08-24T20:02:12Z,ORD-902717,taker,2.10
FIL-604617,ACC-2035,6E,SELL,2,1.1038,2026-08-24T20:03:54Z,ORD-903602,maker,4.96
FIL-604618,ACC-2039,6E,SELL,1,1.10395,2026-08-24T20:04:08Z,ORD-903908,taker,2.48
FIL-604619,ACC-2015,MNQ,BUY,2,19833.50,2026-08-24T20:04:10Z,ORD-902290,maker,1.40
FIL-604620,ACC-2033,MCL,SELL,2,76.35,2026-08-24T20:04:38Z,ORD-903437,taker,1.40
FIL-604621,ACC-2044,GC,SELL,4,2486.60,2026-08-24T20:05:06Z,ORD-904277,taker,8.40
FIL-604622,ACC-2029,MES,SELL,2,5632.75,2026-08-24T20:05:41Z,ORD-903129,taker,1.40
FIL-604623,ACC-2030,MES,BUY,4,5651.50,2026-08-24T20:05:47Z,ORD-903213,taker,2.80
FIL-604624,ACC-2050,MNQ,SELL,1,19845.75,2026-08-24T20:06:28Z,ORD-904694,maker,0.70
FIL-604625,ACC-2037,6E,BUY,4,1.10385,2026-08-24T20:07:02Z,ORD-903768,taker,9.92
FIL-604626,ACC-2002,MNQ,BUY,9,19838.75,2026-08-24T20:07:37Z,ORD-900254,taker,6.30
FIL-604627,ACC-2025,ES,SELL,6,5638.75,2026-08-24T20:08:20Z,ORD-903033,taker,12.60
FIL-604628,ACC-2020,MES,SELL,2,5640.50,2026-08-24T20:08:36Z,ORD-902725,maker,1.40
FIL-604629,ACC-2013,MNQ,SELL,3,19836.00,2026-08-24T20:09:09Z,ORD-901828,taker,2.10
FIL-604630,ACC-2040,GC,BUY,2,2487.00,2026-08-24T20:10:13Z,ORD-903987,taker,4.20
FIL-604631,ACC-2040,GC,BUY,2,2487.00,2026-08-24T20:10:15Z,ORD-903987,taker,4.20
FIL-604632,ACC-2051,MCL,SELL,1,73.74,2026-08-24T20:10:27Z,ORD-904771,maker,0.70
FIL-604633,ACC-2041,MES,SELL,1,5615.00,2026-08-24T20:10:46Z,ORD-904067,taker,0.70
FIL-604634,ACC-2032,MCL,SELL,2,73.91,2026-08-24T20:11:53Z,ORD-903381,taker,1.40
FIL-604635,ACC-2038,MNQ,BUY,1,19851.75,2026-08-24T20:12:05Z,ORD-903840,taker,0.70
FIL-604636,ACC-2046,MNQ,SELL,4,19833.25,2026-08-24T20:12:27Z,ORD-904442,taker,2.80
FIL-604637,ACC-2011,MNQ,BUY,2,19851.25,2026-08-24T20:12:39Z,ORD-901206,maker,1.40
FIL-604638,ACC-2023,MES,SELL,5,5640.50,2026-08-24T20:13:16Z,ORD-902883,taker,3.50
FIL-604639,ACC-2034,GC,BUY,4,2487.20,2026-08-24T20:13:17Z,ORD-903519,maker,8.40
FIL-604640,ACC-2049,GC,SELL,4,2487.10,2026-08-24T20:14:27Z,ORD-904598,taker,8.40
FIL-604641,ACC-2003,MES,SELL,9,5638.25,2026-08-24T20:16:29Z,ORD-900382,taker,6.30
FIL-604642,ACC-2022,MNQ,BUY,4,19830.50,2026-08-24T20:18:31Z,ORD-902809,taker,2.80
FIL-604643,ACC-2021,MNQ,BUY,2,19840.75,2026-08-24T20:18:49Z,ORD-902805,taker,1.40
FIL-604644,ACC-2012,MNQ,SELL,2,19821.50,2026-08-24T20:19:08Z,ORD-901292,taker,1.40
FIL-604645,ACC-2036,GC,SELL,2,2486.80,2026-08-24T20:19:38Z,ORD-903686,maker,4.20
FIL-604646,ACC-2036,GC,SELL,2,2486.80,2026-08-24T20:19:40Z,ORD-903686,taker,4.20
FIL-604647,ACC-2008,MES,SELL,3,5638.25,2026-08-24T20:22:11Z,ORD-901000,taker,2.10
FIL-604648,ACC-2014,MNQ,SELL,2,19834.75,2026-08-24T20:22:31Z,ORD-902074,maker,1.40
FIL-604649,ACC-2019,MES,SELL,2,5640.75,2026-08-24T20:23:35Z,ORD-902721,taker,1.40
FIL-604650,ACC-2023,MES,BUY,5,5642.00,2026-08-24T22:02:45Z,ORD-902888,taker,3.50
FIL-604651,ACC-2024,MNQ,BUY,3,19845.25,2026-08-24T22:05:42Z,ORD-902960,taker,2.10
FIL-604652,ACC-2023,MES,SELL,5,5621.75,2026-08-24T22:14:45Z,ORD-902889,maker,3.50
FIL-604653,ACC-2024,MNQ,SELL,3,19940.50,2026-08-24T22:15:42Z,ORD-902961,taker,2.10
FIL-604654,ACC-2024,MNQ,BUY,3,19844.75,2026-08-24T22:23:21Z,ORD-902962,maker,2.10
FIL-604655,ACC-2024,MNQ,SELL,3,19901.00,2026-08-24T22:26:21Z,ORD-902963,maker,2.10
FIL-604656,ACC-2023,MES,SELL,6,5642.75,2026-08-24T22:46:34Z,ORD-902886,taker,4.20
FIL-604657,ACC-2023,MES,BUY,6,5662.25,2026-08-24T23:02:34Z,ORD-902887,taker,4.20
FIL-604658,ACC-2023,MES,BUY,6,5642.00,2026-08-24T23:04:23Z,ORD-902884,maker,4.20
FIL-604659,ACC-2023,MES,SELL,6,5617.50,2026-08-24T23:06:23Z,ORD-902885,taker,4.20
FIL-604660,ACC-2033,MCL,BUY,3,74.14,2026-08-25T06:55:26Z,ORD-903438,taker,2.10
FIL-604661,ACC-2031,6E,BUY,2,1.10415,2026-08-25T06:55:33Z,ORD-903304,taker,4.96
FIL-604662,ACC-2004,ES,BUY,6,5642.00,2026-08-25T06:55:41Z,ORD-900509,taker,12.60
FIL-604663,ACC-2045,MNQ,BUY,1,19844.75,2026-08-25T06:55:43Z,ORD-904355,taker,0.70
FIL-604664,ACC-2034,MES,SELL,2,5642.00,2026-08-25T06:56:00Z,ORD-903520,maker,1.40
FIL-604665,ACC-2024,MNQ,SELL,4,19845.00,2026-08-25T06:56:02Z,ORD-902964,taker,2.80
FIL-604666,ACC-2029,MES,BUY,2,5643.25,2026-08-25T06:56:12Z,ORD-903130,taker,1.40
FIL-604667,ACC-2042,MNQ,BUY,2,19844.75,2026-08-25T06:56:37Z,ORD-904128,taker,1.40
FIL-604668,ACC-2049,GC,SELL,4,2488.20,2026-08-25T06:56:39Z,ORD-904599,maker,8.40
FIL-604669,ACC-2051,MNQ,BUY,1,19845.25,2026-08-25T06:56:57Z,ORD-904772,taker,0.70
FIL-604670,ACC-2040,GC,SELL,3,2487.90,2026-08-25T06:56:59Z,ORD-903988,taker,6.30
FIL-604671,ACC-2039,6E,BUY,1,1.10445,2026-08-25T06:57:30Z,ORD-903909,taker,2.48
FIL-604672,ACC-2031,6E,SELL,2,1.10405,2026-08-25T06:57:33Z,ORD-903305,taker,4.96
FIL-604673,ACC-2017,MES,BUY,7,5641.50,2026-08-25T06:57:41Z,ORD-902621,taker,4.90
FIL-604674,ACC-2015,MNQ,BUY,4,19845.75,2026-08-25T06:58:01Z,ORD-902291,taker,2.80
FIL-604675,ACC-2012,MNQ,BUY,3,19845.75,2026-08-25T06:58:08Z,ORD-901293,taker,2.10
FIL-604676,ACC-2001,MES,BUY,10,5641.25,2026-08-25T06:58:14Z,ORD-900127,taker,7.00
FIL-604677,ACC-2048,6E,SELL,1,1.1043,2026-08-25T06:58:46Z,ORD-904517,maker,2.48
FIL-604678,ACC-2008,MNQ,SELL,2,19845.50,2026-08-25T06:58:53Z,ORD-901001,taker,1.40
FIL-604679,ACC-2044,MNQ,SELL,1,19846.50,2026-08-25T06:59:08Z,ORD-904278,taker,0.70
FIL-604680,ACC-2003,MNQ,SELL,5,19844.75,2026-08-25T06:59:09Z,ORD-900383,taker,3.50
FIL-604681,ACC-2020,MES,SELL,2,5641.50,2026-08-25T06:59:16Z,ORD-902734,taker,1.40
FIL-604682,ACC-2039,6E,SELL,1,1.10415,2026-08-25T06:59:30Z,ORD-903910,maker,2.48
FIL-604683,ACC-2004,ES,SELL,6,5641.25,2026-08-25T06:59:41Z,ORD-900510,maker,12.60
FIL-604684,ACC-2036,6E,BUY,3,1.10415,2026-08-25T06:59:58Z,ORD-903687,taker,7.44
FIL-604685,ACC-2002,MES,BUY,4,5642.00,2026-08-25T07:00:03Z,ORD-900255,maker,2.80
FIL-604686,ACC-2035,6E,SELL,1,1.1041,2026-08-25T07:00:07Z,ORD-903603,maker,2.48
FIL-604687,ACC-2016,MNQ,BUY,2,19845.50,2026-08-25T07:00:26Z,ORD-902507,taker,1.40
FIL-604688,ACC-2043,MES,SELL,1,5642.00,2026-08-25T07:00:29Z,ORD-904206,taker,0.70
FIL-604689,ACC-2049,GC,BUY,4,2488.20,2026-08-25T07:00:39Z,ORD-904600,maker,8.40
FIL-604690,ACC-2046,MES,BUY,1,5641.50,2026-08-25T07:00:40Z,ORD-904443,taker,0.70
FIL-604691,ACC-2027,MNQ,BUY,2,19844.75,2026-08-25T07:00:54Z,ORD-903115,taker,1.40
FIL-604692,ACC-2041,MCL,BUY,3,74.18,2026-08-25T07:00:55Z,ORD-904068,taker,2.10
FIL-604693,ACC-2021,MNQ,SELL,3,19844.75,2026-08-25T07:00:56Z,ORD-902810,maker,2.10
FIL-604694,ACC-2037,6E,SELL,3,1.10435,2026-08-25T07:00:56Z,ORD-903769,taker,7.44
FIL-604695,ACC-2027,MNQ,BUY,2,19844.75,2026-08-25T07:00:57Z,ORD-903115,taker,1.40
FIL-604696,ACC-2026,MCL,BUY,4,74.16,2026-08-25T07:01:03Z,ORD-903110,maker,2.80
FIL-604697,ACC-2030,MCL,BUY,3,74.15,2026-08-25T07:01:06Z,ORD-903214,taker,2.10
FIL-604698,ACC-2010,MES,SELL,1,5642.50,2026-08-25T07:01:22Z,ORD-901135,taker,0.70
FIL-604699,ACC-2032,MNQ,SELL,1,19845.50,2026-08-25T07:01:22Z,ORD-903382,maker,0.70
FIL-604700,ACC-2050,MES,BUY,2,5642.75,2026-08-25T07:01:37Z,ORD-904695,taker,1.40
FIL-604701,ACC-2022,MNQ,SELL,3,19845.50,2026-08-25T07:01:56Z,ORD-902814,maker,2.10
FIL-604702,ACC-2006,MNQ,BUY,6,19845.50,2026-08-25T07:01:57Z,ORD-900783,maker,4.20
FIL-604703,ACC-2040,GC,BUY,3,2487.70,2026-08-25T07:01:59Z,ORD-903989,taker,6.30
FIL-604704,ACC-2018,MES,BUY,2,5641.50,2026-08-25T07:02:00Z,ORD-902726,taker,1.40
FIL-604705,ACC-2015,MNQ,SELL,4,19846.75,2026-08-25T07:02:01Z,ORD-902292,taker,2.80
FIL-604706,ACC-2014,MNQ,BUY,5,19846.25,2026-08-25T07:02:02Z,ORD-902075,taker,3.50
FIL-604707,ACC-2007,NQ,BUY,5,19846.00,2026-08-25T07:02:13Z,ORD-900921,taker,10.50
FIL-604708,ACC-2045,MNQ,SELL,1,19816.75,2026-08-25T07:02:43Z,ORD-904356,taker,0.70
FIL-604709,ACC-2019,MES,BUY,2,5641.25,2026-08-25T07:03:04Z,ORD-902730,taker,1.40
FIL-604710,ACC-2011,MES,BUY,1,5642.00,2026-08-25T07:03:50Z,ORD-901207,taker,0.70
FIL-604711,ACC-2023,MES,BUY,5,5642.25,2026-08-25T07:04:00Z,ORD-902890,taker,3.50
FIL-604712,ACC-2052,MCL,BUY,2,74.20,2026-08-25T07:04:19Z,ORD-904846,maker,1.40
FIL-604713,ACC-2038,GC,BUY,1,2488.60,2026-08-25T07:04:34Z,ORD-903841,taker,2.10
FIL-604714,ACC-2046,MES,SELL,1,5653.25,2026-08-25T07:04:40Z,ORD-904444,maker,0.70
FIL-604715,ACC-2009,MES,BUY,3,5642.50,2026-08-25T07:04:44Z,ORD-901069,taker,2.10
FIL-604716,ACC-2013,MNQ,BUY,3,19846.00,2026-08-25T07:04:49Z,ORD-901829,maker,2.10
FIL-604717,ACC-2005,NQ,BUY,6,19845.75,2026-08-25T07:04:50Z,ORD-900645,taker,12.60
FIL-604718,ACC-2037,6E,BUY,3,1.1044,2026-08-25T07:04:56Z,ORD-903770,maker,7.44
FIL-604719,ACC-2002,MES,SELL,4,5622.25,2026-08-25T07:05:03Z,ORD-900256,taker,2.80
FIL-604720,ACC-2030,MCL,SELL,3,74.18,2026-08-25T07:07:06Z,ORD-903215,taker,2.10
FIL-604721,ACC-2035,6E,BUY,1,1.10365,2026-08-25T07:09:07Z,ORD-903604,maker,2.48
FIL-604722,ACC-2029,MES,SELL,2,5635.25,2026-08-25T07:09:12Z,ORD-903131,maker,1.40
FIL-604723,ACC-2008,MNQ,BUY,2,19902.25,2026-08-25T07:09:53Z,ORD-901002,taker,1.40
FIL-604724,ACC-2033,MCL,SELL,3,73.86,2026-08-25T07:10:26Z,ORD-903439,taker,2.10
FIL-604725,ACC-2027,MNQ,SELL,4,19791.25,2026-08-25T07:10:54Z,ORD-903116,maker,2.80
FIL-604726,ACC-2023,MES,SELL,5,5632.25,2026-08-25T07:11:00Z,ORD-902891,taker,3.50
FIL-604727,ACC-2034,MES,BUY,2,5636.50,2026-08-25T07:11:00Z,ORD-903521,maker,1.40
FIL-604728,ACC-2017,MES,SELL,7,5638.00,2026-08-25T07:11:41Z,ORD-902622,taker,4.90
FIL-604729,ACC-2022,MNQ,BUY,3,19902.75,2026-08-25T07:12:56Z,ORD-902815,taker,2.10
FIL-604730,ACC-2051,MNQ,SELL,1,19775.00,2026-08-25T07:13:57Z,ORD-904773,taker,0.70
FIL-604731,ACC-2007,NQ,SELL,5,19842.75,2026-08-25T07:14:13Z,ORD-900922,taker,10.50
FIL-604732,ACC-2043,MES,BUY,1,5624.75,2026-08-25T07:14:29Z,ORD-904207,maker,0.70
FIL-604733,ACC-2026,MCL,SELL,4,74.01,2026-08-25T07:15:03Z,ORD-903111,maker,2.80
FIL-604734,ACC-2044,MNQ,BUY,1,19861.00,2026-08-25T07:15:08Z,ORD-904279,maker,0.70
FIL-604735,ACC-2009,MES,SELL,3,5630.75,2026-08-25T07:15:44Z,ORD-901070,maker,2.10
FIL-604736,ACC-2005,NQ,SELL,6,19844.25,2026-08-25T07:15:50Z,ORD-900646,taker,12.60
FIL-604737,ACC-2024,MNQ,BUY,4,19886.50,2026-08-25T07:16:02Z,ORD-902965,maker,2.80
FIL-604738,ACC-2048,6E,BUY,1,1.10625,2026-08-25T07:16:46Z,ORD-904518,taker,2.48
FIL-604739,ACC-2013,MNQ,BUY,3,19846.25,2026-08-25T07:17:01Z,ORD-901831,maker,2.10
FIL-604740,ACC-2018,MES,SELL,2,5617.25,2026-08-25T07:18:00Z,ORD-902727,taker,1.40
FIL-604741,ACC-2010,MES,BUY,1,5661.25,2026-08-25T07:19:22Z,ORD-901136,maker,0.70
FIL-604742,ACC-2013,MNQ,SELL,3,19846.75,2026-08-25T07:19:49Z,ORD-901830,taker,2.10
FIL-604743,ACC-2038,GC,SELL,1,2488.30,2026-08-25T07:20:34Z,ORD-903842,taker,2.10
FIL-604744,ACC-2042,MNQ,SELL,2,19880.25,2026-08-25T07:20:37Z,ORD-904129,taker,1.40
FIL-604745,ACC-2012,MNQ,SELL,3,19816.25,2026-08-25T07:21:08Z,ORD-901294,maker,2.10
FIL-604746,ACC-2016,MNQ,SELL,2,19846.25,2026-08-25T07:22:26Z,ORD-902508,maker,1.40
FIL-604747,ACC-2003,MNQ,BUY,2,19922.00,2026-08-25T07:23:09Z,ORD-900384,maker,1.40
FIL-604748,ACC-2003,MNQ,BUY,3,19922.00,2026-08-25T07:23:12Z,ORD-900384,maker,2.10
FIL-604749,ACC-2036,6E,SELL,3,1.1041,2026-08-25T07:23:58Z,ORD-903688,taker,7.44
FIL-604750,ACC-2001,MES,SELL,10,5631.75,2026-08-25T07:24:14Z,ORD-900128,maker,7.00
FIL-604751,ACC-2020,MES,BUY,2,5668.75,2026-08-25T07:24:16Z,ORD-902735,maker,1.40
FIL-604752,ACC-2032,MNQ,BUY,1,19879.00,2026-08-25T07:24:22Z,ORD-903383,taker,0.70
FIL-604753,ACC-2021,MNQ,BUY,3,19922.50,2026-08-25T07:24:56Z,ORD-902811,maker,2.10
FIL-604754,ACC-2050,MES,SELL,2,5641.25,2026-08-25T07:25:37Z,ORD-904696,maker,1.40
FIL-604755,ACC-2011,MES,SELL,1,5616.00,2026-08-25T07:25:50Z,ORD-901208,taker,0.70
FIL-604756,ACC-2041,MCL,SELL,3,74.11,2026-08-25T07:25:55Z,ORD-904069,maker,2.10
FIL-604757,ACC-2014,MNQ,SELL,5,19847.00,2026-08-25T07:26:02Z,ORD-902076,taker,3.50
FIL-604758,ACC-2006,MNQ,SELL,6,19798.25,2026-08-25T07:26:57Z,ORD-900784,taker,4.20
FIL-604759,ACC-2019,MES,SELL,2,5618.00,2026-08-25T07:29:04Z,ORD-902731,taker,1.40
FIL-604760,ACC-2052,MCL,SELL,2,73.92,2026-08-25T07:29:19Z,ORD-904847,maker,1.40
FIL-604761,ACC-2013,MNQ,SELL,3,19847.25,2026-08-25T07:33:01Z,ORD-901832,taker,2.10
FIL-604762,ACC-2013,MNQ,BUY,3,19845.00,2026-08-25T07:36:59Z,ORD-901833,maker,2.10
FIL-604763,ACC-2015,MNQ,BUY,2,19844.50,2026-08-25T07:46:08Z,ORD-902293,taker,1.40
FIL-604764,ACC-2015,MNQ,BUY,2,19844.50,2026-08-25T07:46:10Z,ORD-902293,taker,1.40
FIL-604765,ACC-2014,MNQ,SELL,2,19845.50,2026-08-25T07:47:34Z,ORD-902077,taker,1.40
FIL-604766,ACC-2016,MNQ,BUY,2,19845.00,2026-08-25T07:54:11Z,ORD-902509,maker,1.40
FIL-604767,ACC-2013,MNQ,SELL,4,19845.50,2026-08-25T07:54:21Z,ORD-901835,taker,2.80
FIL-604768,ACC-2013,MNQ,SELL,3,19846.00,2026-08-25T07:54:59Z,ORD-901834,taker,2.10
FIL-604769,ACC-2004,ES,BUY,4,5642.75,2026-08-25T08:02:20Z,ORD-900511,maker,8.40
FIL-604770,ACC-2006,MNQ,BUY,4,19845.25,2026-08-25T08:02:44Z,ORD-900785,taker,2.80
FIL-604771,ACC-2015,MNQ,SELL,4,19845.25,2026-08-25T08:05:08Z,ORD-902294,taker,2.80
FIL-604772,ACC-2013,MNQ,SELL,4,19845.50,2026-08-25T08:06:12Z,ORD-901837,taker,2.80
FIL-604773,ACC-2007,NQ,BUY,4,19845.25,2026-08-25T08:07:11Z,ORD-900923,taker,8.40
FIL-604774,ACC-2013,MNQ,BUY,4,19845.00,2026-08-25T08:10:12Z,ORD-901838,maker,2.80
FIL-604775,ACC-2016,MNQ,SELL,2,19846.50,2026-08-25T08:11:11Z,ORD-902510,taker,1.40
FIL-604776,ACC-2014,MNQ,BUY,2,19843.00,2026-08-25T08:13:34Z,ORD-902078,taker,1.40
FIL-604777,ACC-2002,MES,BUY,7,5642.50,2026-08-25T08:16:35Z,ORD-900257,taker,4.90
FIL-604778,ACC-2013,MNQ,BUY,4,19844.75,2026-08-25T08:18:21Z,ORD-901836,taker,2.80
FIL-604779,ACC-2006,MNQ,SELL,4,19813.25,2026-08-25T08:18:44Z,ORD-900786,taker,2.80
FIL-604780,ACC-2005,NQ,SELL,6,19846.00,2026-08-25T08:21:29Z,ORD-900647,taker,12.60
FIL-604781,ACC-2013,MNQ,SELL,4,19845.50,2026-08-25T08:22:26Z,ORD-901839,taker,2.80
FIL-604782,ACC-2004,ES,SELL,4,5641.25,2026-08-25T08:24:20Z,ORD-900512,taker,8.40
FIL-604783,ACC-2005,NQ,BUY,6,19848.75,2026-08-25T08:24:29Z,ORD-900648,taker,12.60
FIL-604784,ACC-2002,MES,SELL,7,5626.25,2026-08-25T08:24:35Z,ORD-900258,maker,4.90
FIL-604785,ACC-2007,NQ,SELL,4,19841.75,2026-08-25T08:25:11Z,ORD-900924,taker,8.40
FIL-604786,ACC-2013,MNQ,BUY,2,19844.50,2026-08-25T08:25:26Z,ORD-901840,maker,1.40
FIL-604787,ACC-2013,MNQ,BUY,2,19844.50,2026-08-25T08:25:27Z,ORD-901840,maker,1.40
FIL-604788,ACC-2001,MES,BUY,9,5642.25,2026-08-25T08:34:07Z,ORD-900129,taker,6.30
FIL-604789,ACC-2031,6E,BUY,3,1.10425,2026-08-25T08:34:29Z,ORD-903306,maker,7.44
FIL-604790,ACC-2045,MNQ,BUY,4,19845.75,2026-08-25T08:35:15Z,ORD-904357,maker,2.80
FIL-604791,ACC-2052,MCL,BUY,3,74.19,2026-08-25T08:35:22Z,ORD-904848,taker,2.10
FIL-604792,ACC-2040,GC,BUY,4,2488.40,2026-08-25T08:36:28Z,ORD-903990,maker,8.40
FIL-604793,ACC-2014,MNQ,SELL,4,19845.00,2026-08-25T08:37:16Z,ORD-902079,taker,2.80
FIL-604794,ACC-2015,MNQ,BUY,5,19844.75,2026-08-25T08:37:27Z,ORD-902295,maker,3.50
FIL-604795,ACC-2016,MNQ,BUY,3,19845.75,2026-08-25T08:38:03Z,ORD-902511,taker,2.10
FIL-604796,ACC-2051,MNQ,SELL,4,19844.75,2026-08-25T08:38:50Z,ORD-904774,maker,2.80
FIL-604797,ACC-2031,6E,SELL,3,1.1042,2026-08-25T08:40:29Z,ORD-903307,taker,7.44
FIL-604798,ACC-2045,MNQ,SELL,4,19841.50,2026-08-25T08:42:15Z,ORD-904358,taker,2.80
FIL-604799,ACC-2034,MES,SELL,1,5641.50,2026-08-25T08:42:47Z,ORD-903522,maker,0.70
FIL-604800,ACC-2046,MES,SELL,3,5641.75,2026-08-25T08:42:51Z,ORD-904445,maker,2.10
FIL-604801,ACC-2050,MES,BUY,2,5642.50,2026-08-25T08:42:59Z,ORD-904697,maker,1.40
FIL-604802,ACC-2050,MES,BUY,2,5642.50,2026-08-25T08:43:00Z,ORD-904697,taker,1.40
FIL-604803,ACC-2013,MNQ,BUY,5,19845.25,2026-08-25T08:43:06Z,ORD-901841,taker,3.50
FIL-604804,ACC-2052,MCL,SELL,3,73.81,2026-08-25T08:46:22Z,ORD-904849,taker,2.10
FIL-604805,ACC-2050,MES,SELL,4,5641.75,2026-08-25T08:47:59Z,ORD-904698,maker,2.80
FIL-604806,ACC-2001,MES,SELL,9,5633.25,2026-08-25T08:55:07Z,ORD-900130,maker,6.30
FIL-604807,ACC-2046,MES,BUY,3,5636.50,2026-08-25T08:56:51Z,ORD-904446,taker,2.10
FIL-604808,ACC-2014,MNQ,BUY,4,19844.50,2026-08-25T08:58:16Z,ORD-902080,maker,2.80
FIL-604809,ACC-2015,MNQ,SELL,5,19845.75,2026-08-25T08:58:27Z,ORD-902296,taker,3.50
FIL-604810,ACC-2040,GC,SELL,4,2488.60,2026-08-25T08:59:28Z,ORD-903991,maker,8.40
FIL-604811,ACC-2013,MNQ,SELL,5,19845.75,2026-08-25T09:00:06Z,ORD-901842,taker,3.50
FIL-604812,ACC-2051,MNQ,BUY,4,19854.75,2026-08-25T09:02:50Z,ORD-904775,maker,2.80
FIL-604813,ACC-2013,MNQ,SELL,4,19846.00,2026-08-25T09:03:46Z,ORD-901843,maker,2.80
FIL-604814,ACC-2016,MNQ,SELL,3,19846.25,2026-08-25T09:06:03Z,ORD-902512,taker,2.10
FIL-604815,ACC-2043,MES,BUY,4,5642.75,2026-08-25T09:06:21Z,ORD-904208,maker,2.80
FIL-604816,ACC-2049,GC,BUY,4,2488.20,2026-08-25T09:08:20Z,ORD-904601,taker,8.40
FIL-604817,ACC-2006,MNQ,SELL,10,19845.50,2026-08-25T09:08:55Z,ORD-900787,taker,7.00
FIL-604818,ACC-2011,MES,BUY,3,5642.75,2026-08-25T09:09:10Z,ORD-901209,taker,2.10
FIL-604819,ACC-2007,NQ,SELL,8,19845.50,2026-08-25T09:09:41Z,ORD-900925,taker,16.80
FIL-604820,ACC-2039,6E,SELL,2,1.10435,2026-08-25T09:10:35Z,ORD-903911,taker,4.96
FIL-604821,ACC-2034,MES,BUY,1,5633.00,2026-08-25T09:10:47Z,ORD-903523,maker,0.70
FIL-604822,ACC-2017,MES,BUY,5,5641.50,2026-08-25T09:11:22Z,ORD-902623,maker,3.50
FIL-604823,ACC-2010,MES,BUY,2,5641.75,2026-08-25T09:11:48Z,ORD-901137,maker,1.40
FIL-604824,ACC-2027,MNQ,BUY,5,19845.00,2026-08-25T09:12:08Z,ORD-903117,taker,3.50
FIL-604825,ACC-2004,ES,SELL,10,5643.00,2026-08-25T09:13:03Z,ORD-900513,taker,21.00
FIL-604826,ACC-2012,MNQ,BUY,2,19845.00,2026-08-25T09:13:57Z,ORD-901295,maker,1.40
FIL-604827,ACC-2043,MES,SELL,4,5650.50,2026-08-25T09:14:21Z,ORD-904209,maker,2.80
FIL-604828,ACC-2013,MNQ,SELL,2,19844.75,2026-08-25T09:16:22Z,ORD-901845,maker,1.40
FIL-604829,ACC-2013,MNQ,BUY,4,19845.00,2026-08-25T09:21:46Z,ORD-901844,taker,2.80
FIL-604830,ACC-2015,MNQ,SELL,4,19845.00,2026-08-25T09:22:30Z,ORD-902297,maker,2.80
FIL-604831,ACC-2015,MNQ,BUY,4,19844.25,2026-08-25T09:24:30Z,ORD-902298,taker,2.80
FIL-604832,ACC-2006,MNQ,BUY,10,19868.00,2026-08-25T09:27:55Z,ORD-900788,maker,7.00
FIL-604833,ACC-2012,MNQ,SELL,2,19816.25,2026-08-25T09:27:57Z,ORD-901296,taker,1.40
FIL-604834,ACC-2016,MNQ,BUY,3,19845.25,2026-08-25T09:30:19Z,ORD-902513,taker,2.10
FIL-604835,ACC-2013,MNQ,BUY,2,19845.25,2026-08-25T09:31:08Z,ORD-901847,taker,1.40
FIL-604836,ACC-2049,GC,SELL,2,2488.20,2026-08-25T09:31:20Z,ORD-904602,taker,4.20
FIL-604837,ACC-2049,GC,SELL,2,2488.20,2026-08-25T09:31:23Z,ORD-904602,maker,4.20
FIL-604838,ACC-2014,MNQ,BUY,5,19845.75,2026-08-25T09:31:34Z,ORD-902081,taker,3.50
FIL-604839,ACC-2027,MNQ,SELL,5,19820.00,2026-08-25T09:32:08Z,ORD-903118,maker,3.50
FIL-604840,ACC-2017,MES,SELL,5,5637.25,2026-08-25T09:33:22Z,ORD-902624,maker,3.50
FIL-604841,ACC-2014,MNQ,SELL,5,19846.25,2026-08-25T09:33:34Z,ORD-902082,taker,3.50
FIL-604842,ACC-2011,MES,SELL,3,5628.00,2026-08-25T09:34:10Z,ORD-901210,taker,2.10
FIL-604843,ACC-2005,NQ,SELL,9,19846.25,2026-08-25T09:34:34Z,ORD-900649,taker,18.90
FIL-604844,ACC-2002,MES,BUY,7,5641.75,2026-08-25T09:35:02Z,ORD-900259,maker,4.90
FIL-604845,ACC-2013,MNQ,BUY,2,19844.00,2026-08-25T09:36:22Z,ORD-901846,taker,1.40
FIL-604846,ACC-2010,MES,SELL,2,5628.00,2026-08-25T09:36:48Z,ORD-901138,maker,1.40
FIL-604847,ACC-2007,NQ,BUY,8,19848.00,2026-08-25T09:37:41Z,ORD-900926,taker,16.80
FIL-604848,ACC-2039,6E,BUY,2,1.1046,2026-08-25T09:38:35Z,ORD-903912,taker,4.96
FIL-604849,ACC-2004,ES,BUY,10,5643.75,2026-08-25T09:40:03Z,ORD-900514,taker,21.00
FIL-604850,ACC-2016,MNQ,SELL,3,19846.50,2026-08-25T09:48:19Z,ORD-902514,taker,2.10
FIL-604851,ACC-2002,MES,SELL,7,5627.25,2026-08-25T09:50:02Z,ORD-900260,taker,4.90
FIL-604852,ACC-2013,MNQ,BUY,3,19846.50,2026-08-25T09:51:02Z,ORD-901849,maker,2.10
FIL-604853,ACC-2013,MNQ,SELL,3,19847.75,2026-08-25T09:55:02Z,ORD-901850,taker,2.10
FIL-604854,ACC-2005,NQ,BUY,9,19847.50,2026-08-25T09:57:34Z,ORD-900650,maker,18.90
FIL-604855,ACC-2013,MNQ,SELL,2,19847.25,2026-08-25T09:58:08Z,ORD-901848,taker,1.40
FIL-604856,ACC-2013,MNQ,BUY,5,19844.75,2026-08-25T10:08:27Z,ORD-901851,maker,3.50
FIL-604857,ACC-2037,6E,SELL,4,1.10435,2026-08-25T10:11:56Z,ORD-903771,taker,9.92
FIL-604858,ACC-2028,MES,BUY,2,5642.50,2026-08-25T10:12:43Z,ORD-903123,maker,1.40
FIL-604859,ACC-2007,NQ,BUY,8,19845.75,2026-08-25T10:12:53Z,ORD-900927,maker,16.80
FIL-604860,ACC-2045,MNQ,SELL,2,19845.75,2026-08-25T10:13:14Z,ORD-904359,maker,1.40
FIL-604861,ACC-2031,6E,SELL,2,1.1044,2026-08-25T10:14:54Z,ORD-903308,taker,4.96
FIL-604862,ACC-2003,NQ,SELL,2,19844.75,2026-08-25T10:15:01Z,ORD-900387,taker,4.20
FIL-604863,ACC-2006,MNQ,BUY,7,19846.25,2026-08-25T10:15:06Z,ORD-900789,taker,4.90
FIL-604864,ACC-2035,6E,SELL,1,1.10425,2026-08-25T10:15:46Z,ORD-903605,taker,2.48
FIL-604865,ACC-2009,ES,SELL,1,5641.50,2026-08-25T10:15:51Z,ORD-901073,taker,2.10
FIL-604866,ACC-2032,MNQ,BUY,2,19844.75,2026-08-25T10:16:10Z,ORD-903384,maker,1.40
FIL-604867,ACC-2015,MNQ,BUY,5,19846.00,2026-08-25T10:17:07Z,ORD-902299,maker,3.50
FIL-604868,ACC-2051,MNQ,SELL,3,19844.75,2026-08-25T10:17:22Z,ORD-904776,taker,2.10
FIL-604869,ACC-2016,MNQ,BUY,3,19845.75,2026-08-25T10:17:45Z,ORD-902515,taker,2.10
FIL-604870,ACC-2045,MNQ,BUY,2,19857.25,2026-08-25T10:18:14Z,ORD-904360,maker,1.40
FIL-604871,ACC-2013,MNQ,SELL,5,19845.50,2026-08-25T10:18:27Z,ORD-901852,maker,3.50
FIL-604872,ACC-2030,CL,BUY,2,74.15,2026-08-25T10:18:38Z,ORD-903218,taker,4.60
FIL-604873,ACC-2038,GC,BUY,1,2488.40,2026-08-25T10:19:32Z,ORD-903843,taker,2.10
FIL-604874,ACC-2014,MNQ,BUY,2,19845.50,2026-08-25T10:19:35Z,ORD-902083,taker,1.40
FIL-604875,ACC-2042,MNQ,SELL,2,19844.75,2026-08-25T10:19:49Z,ORD-904130,taker,1.40
FIL-604876,ACC-2004,ES,BUY,9,5642.75,2026-08-25T10:19:55Z,ORD-900515,taker,18.90
FIL-604877,ACC-2052,MCL,SELL,3,74.19,2026-08-25T10:19:57Z,ORD-904850,taker,2.10
FIL-604878,ACC-2001,MES,SELL,9,5642.75,2026-08-25T10:20:09Z,ORD-900131,taker,6.30
FIL-604879,ACC-2036,6E,SELL,3,1.10435,2026-08-25T10:20:16Z,ORD-903689,taker,7.44
FIL-604880,ACC-2051,MNQ,BUY,3,19880.75,2026-08-25T10:20:22Z,ORD-904777,taker,2.10
FIL-604881,ACC-2040,GC,SELL,3,2488.30,2026-08-25T10:20:35Z,ORD-903992,maker,6.30
FIL-604882,ACC-2034,MES,SELL,3,5643.25,2026-08-25T10:20:36Z,ORD-903524,maker,2.10
FIL-604883,ACC-2030,CL,SELL,2,74.16,2026-08-25T10:20:38Z,ORD-903219,taker,4.60
FIL-604884,ACC-2050,MES,BUY,3,5643.25,2026-08-25T10:20:46Z,ORD-904699,taker,2.10
FIL-604885,ACC-2006,MNQ,SELL,7,19809.25,2026-08-25T10:21:06Z,ORD-900790,taker,4.90
FIL-604886,ACC-2046,MES,BUY,3,5642.75,2026-08-25T10:21:16Z,ORD-904447,taker,2.10
FIL-604887,ACC-2004,ES,SELL,9,5642.25,2026-08-25T10:22:55Z,ORD-900516,taker,18.90
FIL-604888,ACC-2040,GC,BUY,3,2488.00,2026-08-25T10:23:35Z,ORD-903993,taker,6.30
FIL-604889,ACC-2016,MNQ,SELL,3,19846.50,2026-08-25T10:27:45Z,ORD-902516,taker,2.10
FIL-604890,ACC-2013,MNQ,SELL,5,19846.25,2026-08-25T10:27:56Z,ORD-901853,taker,3.50
FIL-604891,ACC-2038,GC,SELL,1,2488.20,2026-08-25T10:29:32Z,ORD-903844,taker,2.10
FIL-604892,ACC-2042,MNQ,BUY,2,19800.25,2026-08-25T10:29:49Z,ORD-904131,taker,1.40
FIL-604893,ACC-2031,6E,BUY,2,1.1045,2026-08-25T10:30:54Z,ORD-903309,taker,4.96
FIL-604894,ACC-2028,MES,SELL,2,5633.25,2026-08-25T10:32:43Z,ORD-903124,maker,1.40
FIL-604895,ACC-2046,MES,SELL,3,5646.50,2026-08-25T10:34:16Z,ORD-904448,taker,2.10
FIL-604896,ACC-2003,NQ,BUY,2,19864.75,2026-08-25T10:35:01Z,ORD-900388,taker,4.20
FIL-604897,ACC-2007,NQ,SELL,8,19843.25,2026-08-25T10:35:53Z,ORD-900928,taker,16.80
FIL-604898,ACC-2015,MNQ,SELL,5,19846.75,2026-08-25T10:36:07Z,ORD-902300,taker,3.50
FIL-604899,ACC-2009,ES,BUY,1,5646.75,2026-08-25T10:36:51Z,ORD-901074,taker,2.10
FIL-604900,ACC-2032,MNQ,SELL,2,19798.75,2026-08-25T10:37:10Z,ORD-903385,taker,1.40
FIL-604901,ACC-2035,6E,BUY,1,1.10375,2026-08-25T10:38:46Z,ORD-903606,taker,2.48
FIL-604902,ACC-2037,6E,BUY,2,1.1044,2026-08-25T10:39:56Z,ORD-903772,taker,4.96
FIL-604903,ACC-2037,6E,BUY,2,1.1044,2026-08-25T10:39:58Z,ORD-903772,taker,4.96
FIL-604904,ACC-2014,MNQ,SELL,2,19847.25,2026-08-25T10:42:35Z,ORD-902084,maker,1.40
FIL-604905,ACC-2001,MES,BUY,9,5650.50,2026-08-25T10:43:09Z,ORD-900132,maker,6.30
FIL-604906,ACC-2034,MES,BUY,3,5640.50,2026-08-25T10:43:36Z,ORD-903525,maker,2.10
FIL-604907,ACC-2052,MCL,BUY,3,74.50,2026-08-25T10:43:57Z,ORD-904851,maker,2.10
FIL-604908,ACC-2036,6E,BUY,3,1.10445,2026-08-25T10:44:16Z,ORD-903690,taker,7.44
FIL-604909,ACC-2013,MNQ,SELL,3,19846.00,2026-08-25T10:46:21Z,ORD-901855,taker,2.10
FIL-604910,ACC-2050,MES,SELL,3,5642.50,2026-08-25T10:46:46Z,ORD-904700,taker,2.10
FIL-604911,ACC-2002,MES,SELL,10,5641.75,2026-08-25T10:51:21Z,ORD-900261,taker,7.00
FIL-604912,ACC-2013,MNQ,BUY,3,19844.75,2026-08-25T10:51:21Z,ORD-901856,maker,2.10
FIL-604913,ACC-2013,MNQ,BUY,5,19846.00,2026-08-25T10:51:56Z,ORD-901854,taker,3.50
FIL-604914,ACC-2005,NQ,BUY,4,19845.25,2026-08-25T10:54:34Z,ORD-900651,maker,8.40
FIL-604915,ACC-2005,NQ,BUY,4,19845.25,2026-08-25T10:54:36Z,ORD-900651,taker,8.40
FIL-604916,ACC-2013,MNQ,SELL,2,19845.25,2026-08-25T10:54:39Z,ORD-901857,taker,1.40
FIL-604917,ACC-2013,MNQ,SELL,2,19845.25,2026-08-25T10:54:42Z,ORD-901857,taker,1.40
FIL-604918,ACC-2016,MNQ,BUY,2,19845.00,2026-08-25T11:05:28Z,ORD-902517,taker,1.40
FIL-604919,ACC-2015,MNQ,SELL,2,19844.50,2026-08-25T11:05:41Z,ORD-902301,taker,1.40
FIL-604920,ACC-2014,MNQ,SELL,2,19846.00,2026-08-25T11:09:48Z,ORD-902085,taker,1.40
FIL-604921,ACC-2014,MNQ,SELL,2,19846.00,2026-08-25T11:09:51Z,ORD-902085,taker,1.40
FIL-604922,ACC-2013,MNQ,SELL,5,19845.00,2026-08-25T11:12:50Z,ORD-901859,taker,3.50
FIL-604923,ACC-2013,MNQ,BUY,2,19844.25,2026-08-25T11:13:39Z,ORD-901858,taker,1.40
FIL-604924,ACC-2015,MNQ,BUY,2,19843.25,2026-08-25T11:13:41Z,ORD-902302,maker,1.40
FIL-604925,ACC-2013,MNQ,BUY,2,19844.25,2026-08-25T11:13:42Z,ORD-901858,taker,1.40
FIL-604926,ACC-2002,MES,BUY,10,5647.50,2026-08-25T11:16:21Z,ORD-900262,maker,7.00
FIL-604927,ACC-2005,NQ,SELL,8,19843.75,2026-08-25T11:16:34Z,ORD-900652,maker,16.80
FIL-604928,ACC-2011,MES,BUY,2,5641.25,2026-08-25T11:17:27Z,ORD-901211,taker,1.40
FIL-604929,ACC-2049,GC,SELL,2,2488.30,2026-08-25T11:17:31Z,ORD-904603,taker,4.20
FIL-604930,ACC-2017,MES,SELL,2,5641.75,2026-08-25T11:18:18Z,ORD-902625,taker,1.40
FIL-604931,ACC-2017,MES,SELL,3,5641.75,2026-08-25T11:18:21Z,ORD-902625,maker,2.10
FIL-604932,ACC-2004,ES,SELL,4,5641.75,2026-08-25T11:20:30Z,ORD-900517,maker,8.40
FIL-604933,ACC-2027,MNQ,BUY,5,19844.75,2026-08-25T11:21:47Z,ORD-903119,taker,3.50
FIL-604934,ACC-2039,6E,BUY,2,1.1043,2026-08-25T11:22:24Z,ORD-903913,taker,4.96
FIL-604935,ACC-2016,MNQ,SELL,2,19847.25,2026-08-25T11:22:28Z,ORD-902518,maker,1.40
FIL-604936,ACC-2043,MES,BUY,2,5642.00,2026-08-25T11:22:36Z,ORD-904210,taker,1.40
FIL-604937,ACC-2010,MES,SELL,3,5643.00,2026-08-25T11:22:45Z,ORD-901139,taker,2.10
FIL-604938,ACC-2006,MNQ,SELL,8,19844.75,2026-08-25T11:23:20Z,ORD-900791,taker,5.60
FIL-604939,ACC-2013,MNQ,BUY,5,19844.50,2026-08-25T11:23:50Z,ORD-901860,taker,3.50
FIL-604940,ACC-2007,NQ,SELL,9,19845.00,2026-08-25T11:24:38Z,ORD-900929,taker,18.90
FIL-604941,ACC-2012,MNQ,BUY,3,19845.00,2026-08-25T11:26:51Z,ORD-901297,maker,2.10
FIL-604942,ACC-2039,6E,SELL,2,1.10405,2026-08-25T11:29:24Z,ORD-903914,maker,4.96
FIL-604943,ACC-2049,GC,BUY,2,2488.40,2026-08-25T11:29:31Z,ORD-904604,maker,4.20
FIL-604944,ACC-2014,MNQ,BUY,2,19845.25,2026-08-25T11:30:48Z,ORD-902086,taker,1.40
FIL-604945,ACC-2014,MNQ,BUY,2,19845.25,2026-08-25T11:30:51Z,ORD-902086,maker,1.40
FIL-604946,ACC-2007,NQ,BUY,9,19848.00,2026-08-25T11:32:38Z,ORD-900930,maker,18.90
FIL-604947,ACC-2010,MES,BUY,3,5658.50,2026-08-25T11:32:45Z,ORD-901140,taker,2.10
FIL-604948,ACC-2013,MNQ,SELL,4,19845.50,2026-08-25T11:34:06Z,ORD-901861,maker,2.80
FIL-604949,ACC-2027,MNQ,SELL,5,19794.00,2026-08-25T11:35:47Z,ORD-903120,taker,3.50
FIL-604950,ACC-2004,ES,BUY,4,5642.75,2026-08-25T11:37:30Z,ORD-900518,maker,8.40
FIL-604951,ACC-2011,MES,SELL,2,5618.25,2026-08-25T11:39:27Z,ORD-901212,maker,1.40
FIL-604952,ACC-2012,MNQ,SELL,3,19810.00,2026-08-25T11:41:51Z,ORD-901298,maker,2.10
FIL-604953,ACC-2017,MES,BUY,5,5649.75,2026-08-25T11:42:18Z,ORD-902626,maker,3.50
FIL-604954,ACC-2043,MES,SELL,2,5655.25,2026-08-25T11:42:36Z,ORD-904211,maker,1.40
FIL-604955,ACC-2006,MNQ,BUY,4,19866.25,2026-08-25T11:48:20Z,ORD-900792,maker,2.80
FIL-604956,ACC-2006,MNQ,BUY,4,19866.25,2026-08-25T11:48:24Z,ORD-900792,taker,2.80
FIL-604957,ACC-2013,MNQ,BUY,4,19844.50,2026-08-25T11:49:06Z,ORD-901862,maker,2.80
FIL-604958,ACC-2034,MES,BUY,2,5642.00,2026-08-25T11:51:02Z,ORD-903526,taker,1.40
FIL-604959,ACC-2034,MES,BUY,2,5642.00,2026-08-25T11:51:03Z,ORD-903526,taker,1.40
FIL-604960,ACC-2031,6E,BUY,1,1.1043,2026-08-25T11:51:05Z,ORD-903310,taker,2.48
FIL-604961,ACC-2015,MNQ,SELL,5,19845.50,2026-08-25T11:52:20Z,ORD-902303,maker,3.50
FIL-604962,ACC-2052,MCL,SELL,1,74.16,2026-08-25T11:52:57Z,ORD-904852,maker,0.70
FIL-604963,ACC-2045,MNQ,BUY,2,19845.25,2026-08-25T11:53:05Z,ORD-904361,maker,1.40
FIL-604964,ACC-2045,MNQ,BUY,2,19845.25,2026-08-25T11:53:07Z,ORD-904361,maker,1.40
FIL-604965,ACC-2013,MNQ,BUY,2,19846.50,2026-08-25T11:53:33Z,ORD-901863,taker,1.40
FIL-604966,ACC-2014,MNQ,BUY,3,19846.00,2026-08-25T11:55:40Z,ORD-902087,taker,2.10
FIL-604967,ACC-2040,GC,SELL,1,2488.30,2026-08-25T11:55:56Z,ORD-903994,taker,2.10
FIL-604968,ACC-2050,MES,SELL,1,5641.75,2026-08-25T11:56:25Z,ORD-904701,taker,0.70
FIL-604969,ACC-2001,MES,BUY,5,5641.75,2026-08-25T11:56:55Z,ORD-900133,taker,3.50
FIL-604970,ACC-2046,MES,SELL,2,5642.00,2026-08-25T11:57:02Z,ORD-904449,taker,1.40
FIL-604971,ACC-2015,MNQ,BUY,5,19844.50,2026-08-25T11:57:20Z,ORD-902304,maker,3.50
FIL-604972,ACC-2051,MNQ,BUY,1,19845.50,2026-08-25T11:58:38Z,ORD-904778,taker,0.70
FIL-604973,ACC-2016,MNQ,BUY,4,19844.50,2026-08-25T11:59:24Z,ORD-902519,taker,2.80
FIL-604974,ACC-2016,MNQ,SELL,4,19845.00,2026-08-25T12:01:24Z,ORD-902520,maker,2.80
FIL-604975,ACC-2050,MES,BUY,1,5646.00,2026-08-25T12:03:25Z,ORD-904702,taker,0.70
FIL-604976,ACC-2014,MNQ,SELL,3,19847.75,2026-08-25T12:04:40Z,ORD-902088,maker,2.10
FIL-604977,ACC-2013,MNQ,SELL,2,19846.00,2026-08-25T12:05:54Z,ORD-901865,taker,1.40
FIL-604978,ACC-2013,MNQ,SELL,2,19848.50,2026-08-25T12:06:33Z,ORD-901864,maker,1.40
FIL-604979,ACC-2046,MES,BUY,2,5634.25,2026-08-25T12:07:02Z,ORD-904450,taker,1.40
FIL-604980,ACC-2031,6E,SELL,1,1.1041,2026-08-25T12:07:05Z,ORD-903311,taker,2.48
FIL-604981,ACC-2040,GC,BUY,1,2487.20,2026-08-25T12:07:56Z,ORD-903995,maker,2.10
FIL-604982,ACC-2052,MCL,BUY,1,74.90,2026-08-25T12:08:57Z,ORD-904853,taker,0.70
FIL-604983,ACC-2045,MNQ,SELL,4,19840.00,2026-08-25T12:10:05Z,ORD-904362,taker,2.80
FIL-604984,ACC-2002,MES,SELL,7,5641.75,2026-08-25T12:10:07Z,ORD-900263,maker,4.90
FIL-604985,ACC-2034,MES,SELL,4,5645.00,2026-08-25T12:11:02Z,ORD-903527,taker,2.80
FIL-604986,ACC-2001,MES,SELL,2,5626.25,2026-08-25T12:16:55Z,ORD-900134,taker,1.40
FIL-604987,ACC-2001,MES,SELL,3,5626.25,2026-08-25T12:16:57Z,ORD-900134,taker,2.10
FIL-604988,ACC-2005,NQ,BUY,8,19845.25,2026-08-25T12:18:45Z,ORD-900653,taker,16.80
FIL-604989,ACC-2005,NQ,SELL,8,19843.75,2026-08-25T12:22:45Z,ORD-900654,taker,16.80
FIL-604990,ACC-2006,MNQ,BUY,6,19846.25,2026-08-25T12:23:37Z,ORD-900793,taker,4.20
FIL-604991,ACC-2051,MNQ,SELL,1,19803.00,2026-08-25T12:25:38Z,ORD-904779,taker,0.70
FIL-604992,ACC-2007,NQ,SELL,6,19845.75,2026-08-25T12:25:45Z,ORD-900931,taker,12.60
FIL-604993,ACC-2013,MNQ,BUY,3,19845.25,2026-08-25T12:25:54Z,ORD-901867,taker,2.10
FIL-604994,ACC-2013,MNQ,BUY,2,19844.00,2026-08-25T12:28:54Z,ORD-901866,taker,1.40
FIL-604995,ACC-2004,ES,BUY,10,5641.50,2026-08-25T12:30:58Z,ORD-900519,taker,21.00
FIL-604996,ACC-2002,MES,BUY,7,5649.50,2026-08-25T12:32:07Z,ORD-900264,maker,4.90
FIL-604997,ACC-2007,NQ,BUY,3,19848.50,2026-08-25T12:34:45Z,ORD-900932,taker,6.30
FIL-604998,ACC-2007,NQ,BUY,3,19848.50,2026-08-25T12:34:47Z,ORD-900932,taker,6.30
FIL-604999,ACC-2013,MNQ,BUY,2,19846.25,2026-08-25T12:38:56Z,ORD-901869,taker,1.40
FIL-605000,ACC-2013,MNQ,BUY,2,19846.25,2026-08-25T12:38:58Z,ORD-901869,taker,1.40
FIL-605001,ACC-2015,MNQ,BUY,2,19845.00,2026-08-25T12:39:48Z,ORD-902305,taker,1.40
FIL-605002,ACC-2016,MNQ,SELL,3,19846.50,2026-08-25T12:40:33Z,ORD-902521,maker,2.10
FIL-605003,ACC-2013,MNQ,SELL,3,19846.00,2026-08-25T12:41:54Z,ORD-901868,taker,2.10
FIL-605004,ACC-2006,MNQ,SELL,6,19808.50,2026-08-25T12:46:37Z,ORD-900794,taker,4.20
FIL-605005,ACC-2004,ES,SELL,10,5641.25,2026-08-25T12:46:58Z,ORD-900520,taker,21.00
FIL-605006,ACC-2014,MNQ,SELL,3,19845.75,2026-08-25T12:47:26Z,ORD-902089,taker,2.10
FIL-605007,ACC-2013,MNQ,SELL,2,19847.25,2026-08-25T12:48:56Z,ORD-901870,maker,1.40
FIL-605008,ACC-2013,MNQ,SELL,2,19847.25,2026-08-25T12:48:59Z,ORD-901870,maker,1.40
FIL-605009,ACC-2026,CL,SELL,3,73.40,2026-08-25T12:50:19Z,ORD-903114,maker,6.90
FIL-605010,ACC-2016,MNQ,BUY,3,19845.00,2026-08-25T12:50:33Z,ORD-902522,taker,2.10
FIL-605011,ACC-2013,MNQ,SELL,4,19845.50,2026-08-25T13:01:02Z,ORD-901871,maker,2.80
FIL-605012,ACC-2014,MNQ,BUY,3,19844.00,2026-08-25T13:02:26Z,ORD-902090,maker,2.10
FIL-605013,ACC-2015,MNQ,SELL,2,19846.25,2026-08-25T13:04:48Z,ORD-902306,maker,1.40
FIL-605014,ACC-2013,MNQ,BUY,5,19845.25,2026-08-25T13:15:54Z,ORD-901873,taker,3.50
FIL-605015,ACC-2013,MNQ,BUY,4,19845.00,2026-08-25T13:17:02Z,ORD-901872,maker,2.80
FIL-605016,ACC-2008,MNQ,SELL,3,19846.25,2026-08-25T13:27:59Z,ORD-901003,maker,2.10
FIL-605017,ACC-2010,MES,SELL,3,5641.50,2026-08-25T13:28:17Z,ORD-901141,taker,2.10
FIL-605018,ACC-2018,MES,SELL,2,5643.00,2026-08-25T13:28:39Z,ORD-902728,maker,1.40
FIL-605019,ACC-2030,MCL,SELL,4,74.16,2026-08-25T13:28:39Z,ORD-903216,taker,2.80
FIL-605020,ACC-2043,MES,BUY,1,5643.00,2026-08-25T13:29:10Z,ORD-904212,taker,0.70
FIL-605021,ACC-2051,MNQ,BUY,1,19844.75,2026-08-25T13:29:16Z,ORD-904780,maker,0.70
FIL-605022,ACC-2045,MNQ,BUY,1,19845.50,2026-08-25T13:29:40Z,ORD-904363,maker,0.70
FIL-605023,ACC-2001,MES,SELL,7,5642.75,2026-08-25T13:29:47Z,ORD-900135,taker,4.90
FIL-605024,ACC-2046,MES,BUY,3,5642.50,2026-08-25T13:30:06Z,ORD-904451,maker,2.10
FIL-605025,ACC-2005,NQ,BUY,4,19845.50,2026-08-25T13:30:43Z,ORD-900655,taker,8.40
FIL-605026,ACC-2040,GC,BUY,2,2488.40,2026-08-25T13:30:47Z,ORD-903996,taker,4.20
FIL-605027,ACC-2007,NQ,BUY,7,19845.50,2026-08-25T13:30:50Z,ORD-900933,taker,14.70
FIL-605028,ACC-2034,MES,SELL,1,5643.00,2026-08-25T13:31:01Z,ORD-903528,taker,0.70
FIL-605029,ACC-2012,MNQ,BUY,1,19844.75,2026-08-25T13:31:16Z,ORD-901299,maker,0.70
FIL-605030,ACC-2015,MNQ,BUY,2,19846.00,2026-08-25T13:31:20Z,ORD-902307,taker,1.40
FIL-605031,ACC-2033,MCL,BUY,2,74.18,2026-08-25T13:31:29Z,ORD-903440,taker,1.40
FIL-605032,ACC-2016,MNQ,BUY,2,19845.00,2026-08-25T13:31:43Z,ORD-902523,taker,1.40
FIL-605033,ACC-2016,MNQ,BUY,3,19845.00,2026-08-25T13:31:44Z,ORD-902523,taker,2.10
FIL-605034,ACC-2048,6E,BUY,1,1.10415,2026-08-25T13:31:53Z,ORD-904519,taker,2.48
FIL-605035,ACC-2013,MNQ,SELL,5,19845.75,2026-08-25T13:31:54Z,ORD-901874,taker,3.50
FIL-605036,ACC-2029,MES,BUY,1,5643.25,2026-08-25T13:31:58Z,ORD-903132,taker,0.70
FIL-605037,ACC-2049,GC,SELL,1,2488.50,2026-08-25T13:32:09Z,ORD-904605,taker,2.10
FIL-605038,ACC-2023,MES,SELL,2,5641.25,2026-08-25T13:32:28Z,ORD-902892,taker,1.40
FIL-605039,ACC-2023,MES,SELL,2,5641.25,2026-08-25T13:32:29Z,ORD-902892,taker,1.40
FIL-605040,ACC-2011,MES,BUY,1,5641.50,2026-08-25T13:32:37Z,ORD-901213,maker,0.70
FIL-605041,ACC-2027,MNQ,SELL,5,19846.00,2026-08-25T13:32:40Z,ORD-903121,taker,3.50
FIL-605042,ACC-2005,NQ,SELL,4,19841.75,2026-08-25T13:32:43Z,ORD-900656,taker,8.40
FIL-605043,ACC-2026,MCL,SELL,2,74.22,2026-08-25T13:32:43Z,ORD-903112,maker,1.40
FIL-605044,ACC-2026,MCL,SELL,2,74.22,2026-08-25T13:32:44Z,ORD-903112,taker,1.40
FIL-605045,ACC-2022,MNQ,SELL,4,19846.50,2026-08-25T13:32:46Z,ORD-902816,taker,2.80
FIL-605046,ACC-2007,NQ,SELL,7,19841.25,2026-08-25T13:32:50Z,ORD-900934,taker,14.70
FIL-605047,ACC-2025,ES,BUY,13,5640.00,2026-08-25T13:32:50Z,ORD-903038,taker,27.30
FIL-605048,ACC-2002,MES,BUY,9,5642.25,2026-08-25T13:32:55Z,ORD-900265,taker,6.30
FIL-605049,ACC-2021,MNQ,BUY,3,19845.00,2026-08-25T13:33:07Z,ORD-902812,maker,2.10
FIL-605050,ACC-2048,6E,SELL,1,1.1017,2026-08-25T13:33:53Z,ORD-904520,maker,2.48
FIL-605051,ACC-2024,MNQ,BUY,5,19846.25,2026-08-25T13:33:58Z,ORD-902966,maker,3.50
FIL-605052,ACC-2009,MES,BUY,2,5642.25,2026-08-25T13:34:01Z,ORD-901071,taker,1.40
FIL-605053,ACC-2020,MES,BUY,2,5643.00,2026-08-25T13:34:07Z,ORD-902736,taker,1.40
FIL-605054,ACC-2036,6E,SELL,3,1.10405,2026-08-25T13:34:14Z,ORD-903691,taker,7.44
FIL-605055,ACC-2004,ES,BUY,9,5641.50,2026-08-25T13:34:25Z,ORD-900521,maker,18.90
FIL-605056,ACC-2042,MNQ,SELL,1,19846.50,2026-08-25T13:34:50Z,ORD-904132,taker,0.70
FIL-605057,ACC-2013,MNQ,SELL,5,19846.00,2026-08-25T13:34:54Z,ORD-901875,taker,3.50
FIL-605058,ACC-2037,6E,BUY,4,1.10415,2026-08-25T13:34:56Z,ORD-903773,taker,9.92
FIL-605059,ACC-2038,GC,BUY,1,2488.10,2026-08-25T13:34:59Z,ORD-903845,maker,2.10
FIL-605060,ACC-2017,MES,BUY,5,5641.25,2026-08-25T13:35:11Z,ORD-902627,taker,3.50
FIL-605061,ACC-2039,6E,SELL,1,1.1044,2026-08-25T13:35:16Z,ORD-903915,taker,2.48
FIL-605062,ACC-2019,MES,BUY,2,5642.75,2026-08-25T13:35:23Z,ORD-902732,taker,1.40
FIL-605063,ACC-2041,MCL,BUY,1,74.22,2026-08-25T13:35:25Z,ORD-904070,taker,0.70
FIL-605064,ACC-2003,MNQ,BUY,7,19845.25,2026-08-25T13:35:34Z,ORD-900385,maker,4.90
FIL-605065,ACC-2050,MES,BUY,2,5641.75,2026-08-25T13:35:54Z,ORD-904703,maker,1.40
FIL-605066,ACC-2031,6E,BUY,3,1.1043,2026-08-25T13:35:58Z,ORD-903312,taker,7.44
FIL-605067,ACC-2032,MNQ,BUY,3,19845.00,2026-08-25T13:36:09Z,ORD-903386,taker,2.10
FIL-605068,ACC-2044,MNQ,BUY,2,19844.50,2026-08-25T13:36:14Z,ORD-904280,taker,1.40
FIL-605069,ACC-2010,MES,BUY,3,5654.00,2026-08-25T13:36:17Z,ORD-901142,maker,2.10
FIL-605070,ACC-2015,MNQ,SELL,2,19848.00,2026-08-25T13:36:20Z,ORD-902308,taker,1.40
FIL-605071,ACC-2018,MES,BUY,2,5668.75,2026-08-25T13:36:39Z,ORD-902729,taker,1.40
FIL-605072,ACC-2001,MES,BUY,7,5657.00,2026-08-25T13:36:47Z,ORD-900136,taker,4.90
FIL-605073,ACC-2035,6E,BUY,3,1.10425,2026-08-25T13:36:49Z,ORD-903607,taker,7.44
FIL-605074,ACC-2006,MNQ,BUY,5,19846.50,2026-08-25T13:36:51Z,ORD-900795,maker,3.50
FIL-605075,ACC-2006,MNQ,BUY,5,19846.50,2026-08-25T13:36:53Z,ORD-900795,taker,3.50
FIL-605076,ACC-2002,MES,SELL,9,5635.25,2026-08-25T13:36:55Z,ORD-900266,taker,6.30
FIL-605077,ACC-2052,MCL,SELL,4,74.19,2026-08-25T13:37:05Z,ORD-904854,taker,2.80
FIL-605078,ACC-2014,MNQ,SELL,4,19846.25,2026-08-25T13:37:06Z,ORD-902091,taker,2.80
FIL-605079,ACC-2016,MNQ,SELL,5,19845.75,2026-08-25T13:37:43Z,ORD-902524,maker,3.50
FIL-605080,ACC-2025,ES,SELL,13,5640.00,2026-08-25T13:37:50Z,ORD-903039,maker,27.30
FIL-605081,ACC-2004,ES,SELL,9,5641.00,2026-08-25T13:38:25Z,ORD-900522,taker,18.90
FIL-605082,ACC-2026,MCL,BUY,4,74.39,2026-08-25T13:38:43Z,ORD-903113,maker,2.80
FIL-605083,ACC-2025,ES,BUY,6,5641.75,2026-08-25T13:38:48Z,ORD-903036,taker,12.60
FIL-605084,ACC-2025,ES,BUY,6,5641.75,2026-08-25T13:38:51Z,ORD-903036,taker,12.60
FIL-605085,ACC-2029,MES,SELL,1,5634.50,2026-08-25T13:38:58Z,ORD-903133,taker,0.70
FIL-605086,ACC-2033,MCL,SELL,2,73.61,2026-08-25T13:39:29Z,ORD-903441,taker,1.40
FIL-605087,ACC-2011,MES,SELL,1,5608.00,2026-08-25T13:41:37Z,ORD-901214,taker,0.70
FIL-605088,ACC-2009,MES,SELL,2,5620.25,2026-08-25T13:42:01Z,ORD-901072,maker,1.40
FIL-605089,ACC-2022,MNQ,BUY,4,19894.75,2026-08-25T13:42:46Z,ORD-902817,maker,2.80
FIL-605090,ACC-2050,MES,SELL,2,5639.75,2026-08-25T13:43:54Z,ORD-904704,taker,1.40
FIL-605091,ACC-2038,GC,SELL,1,2487.90,2026-08-25T13:43:59Z,ORD-903846,maker,2.10
FIL-605092,ACC-2020,MES,SELL,2,5620.25,2026-08-25T13:44:07Z,ORD-902737,taker,1.40
FIL-605093,ACC-2043,MES,SELL,1,5670.25,2026-08-25T13:44:10Z,ORD-904213,taker,0.70
FIL-605094,ACC-2045,MNQ,SELL,1,19815.00,2026-08-25T13:44:40Z,ORD-904364,maker,0.70
FIL-605095,ACC-2025,ES,SELL,14,5642.00,2026-08-25T13:45:30Z,ORD-903034,taker,29.40
FIL-605096,ACC-2027,MNQ,BUY,2,19882.75,2026-08-25T13:45:40Z,ORD-903122,maker,1.40
FIL-605097,ACC-2027,MNQ,BUY,3,19882.75,2026-08-25T13:45:42Z,ORD-903122,taker,2.10
FIL-605098,ACC-2030,MCL,BUY,4,74.13,2026-08-25T13:46:39Z,ORD-903217,maker,2.80
FIL-605099,ACC-2024,MNQ,SELL,5,19812.75,2026-08-25T13:46:58Z,ORD-902967,maker,3.50
FIL-605100,ACC-2012,MNQ,SELL,1,19740.00,2026-08-25T13:47:16Z,ORD-901300,taker,0.70
FIL-605101,ACC-2046,MES,SELL,3,5644.75,2026-08-25T13:48:06Z,ORD-904452,maker,2.10
FIL-605102,ACC-2039,6E,BUY,1,1.10495,2026-08-25T13:48:16Z,ORD-903916,taker,2.48
FIL-605103,ACC-2013,MNQ,BUY,2,19845.50,2026-08-25T13:50:00Z,ORD-904879,taker,1.40
FIL-605104,ACC-2014,MNQ,BUY,2,19845.50,2026-08-25T13:50:00Z,ORD-904881,taker,1.40
FIL-605105,ACC-2015,MNQ,BUY,2,19845.50,2026-08-25T13:50:00Z,ORD-904883,taker,1.40
FIL-605106,ACC-2016,MNQ,BUY,2,19845.50,2026-08-25T13:50:00Z,ORD-904885,maker,1.40
FIL-605107,ACC-2021,MNQ,SELL,3,19787.50,2026-08-25T13:50:07Z,ORD-902813,taker,2.10
FIL-605108,ACC-2051,MNQ,SELL,1,19790.25,2026-08-25T13:50:16Z,ORD-904781,taker,0.70
FIL-605109,ACC-2025,ES,BUY,10,5641.50,2026-08-25T13:50:34Z,ORD-903042,taker,21.00
FIL-605110,ACC-2025,ES,BUY,10,5644.50,2026-08-25T13:51:39Z,ORD-903040,taker,21.00
FIL-605111,ACC-2025,ES,BUY,14,5642.00,2026-08-25T13:52:30Z,ORD-903035,taker,29.40
FIL-605112,ACC-2042,MNQ,BUY,1,19776.75,2026-08-25T13:53:50Z,ORD-904133,taker,0.70
FIL-605113,ACC-2013,MNQ,SELL,2,19816.50,2026-08-25T13:54:00Z,ORD-904880,taker,1.40
FIL-605114,ACC-2014,MNQ,SELL,2,19835.00,2026-08-25T13:54:00Z,ORD-904882,taker,1.40
FIL-605115,ACC-2015,MNQ,SELL,2,19831.75,2026-08-25T13:54:00Z,ORD-904884,taker,1.40
FIL-605116,ACC-2016,MNQ,SELL,2,19839.00,2026-08-25T13:54:00Z,ORD-904886,maker,1.40
FIL-605117,ACC-2003,MNQ,SELL,7,19814.50,2026-08-25T13:54:34Z,ORD-900386,taker,4.90
FIL-605118,ACC-2014,MNQ,BUY,4,19845.50,2026-08-25T13:55:06Z,ORD-902092,taker,2.80
FIL-605119,ACC-2049,GC,BUY,1,2488.90,2026-08-25T13:55:09Z,ORD-904606,taker,2.10
FIL-605120,ACC-2036,6E,BUY,3,1.1042,2026-08-25T13:55:14Z,ORD-903692,maker,7.44
FIL-605121,ACC-2008,MNQ,BUY,3,19883.75,2026-08-25T13:55:59Z,ORD-901004,maker,2.10
FIL-605122,ACC-2032,MNQ,SELL,3,19819.25,2026-08-25T13:56:09Z,ORD-903387,taker,2.10
FIL-605123,ACC-2044,MNQ,SELL,2,19837.75,2026-08-25T13:56:14Z,ORD-904281,taker,1.40
FIL-605124,ACC-2041,MCL,SELL,1,74.02,2026-08-25T13:56:25Z,ORD-904071,maker,0.70
FIL-605125,ACC-2025,ES,SELL,10,5642.00,2026-08-25T13:56:34Z,ORD-903043,taker,21.00
FIL-605126,ACC-2040,GC,SELL,2,2489.20,2026-08-25T13:56:47Z,ORD-903997,taker,4.20
FIL-605127,ACC-2013,MNQ,BUY,5,19846.00,2026-08-25T13:56:54Z,ORD-901876,maker,3.50
FIL-605128,ACC-2034,MES,BUY,1,5635.75,2026-08-25T13:57:01Z,ORD-903529,maker,0.70
FIL-605129,ACC-2052,MCL,BUY,4,74.35,2026-08-25T13:57:05Z,ORD-904855,maker,2.80
FIL-605130,ACC-2017,MES,SELL,5,5630.75,2026-08-25T13:58:11Z,ORD-902628,taker,3.50
FIL-605131,ACC-2023,MES,BUY,4,5655.50,2026-08-25T13:58:28Z,ORD-902893,maker,2.80
FIL-605132,ACC-2025,ES,SELL,12,5641.75,2026-08-25T13:58:48Z,ORD-903037,taker,25.20
FIL-605133,ACC-2031,6E,SELL,3,1.1043,2026-08-25T13:58:58Z,ORD-903313,taker,7.44
FIL-605134,ACC-2037,6E,SELL,4,1.104,2026-08-25T13:59:56Z,ORD-903774,taker,9.92
FIL-605135,ACC-2050,MES,BUY,1,5640.75,2026-08-25T14:00:03Z,ORD-904705,taker,0.70
FIL-605136,ACC-2035,6E,SELL,3,1.1045,2026-08-25T14:01:49Z,ORD-903608,maker,7.44
FIL-605137,ACC-2028,MNQ,BUY,1,19833.50,2026-08-25T14:02:23Z,ORD-903125,taker,0.70
FIL-605138,ACC-2054,MNQ,BUY,2,19805.50,2026-08-25T14:02:58Z,ORD-904878,maker,1.40
FIL-605139,ACC-2044,MES,BUY,2,5640.75,2026-08-25T14:03:17Z,ORD-904282,taker,1.40
FIL-605140,ACC-2019,MES,SELL,2,5616.00,2026-08-25T14:03:23Z,ORD-902733,taker,1.40
FIL-605141,ACC-2034,MES,BUY,1,5640.75,2026-08-25T14:04:19Z,ORD-903530,taker,0.70
FIL-605142,ACC-2017,MES,BUY,3,5640.00,2026-08-25T14:04:28Z,ORD-902629,taker,2.10
FIL-605143,ACC-2017,MES,BUY,3,5640.00,2026-08-25T14:04:29Z,ORD-902629,taker,2.10
FIL-605144,ACC-2006,MNQ,SELL,10,19818.75,2026-08-25T14:04:51Z,ORD-900796,taker,7.00
FIL-605145,ACC-2039,MES,BUY,2,5640.75,2026-08-25T14:04:52Z,ORD-903917,taker,1.40
FIL-605146,ACC-2025,ES,SELL,10,5644.50,2026-08-25T14:19:39Z,ORD-903041,maker,21.00
